"id","name","goal","slug","country","currency","staff_pick","category","source_url","name_len","name_len_clean","deadline_weekday","created_at_weekday","launched_at_weekday","deadline_month","deadline_day","deadline_yr","deadline_hr","created_at_month","created_at_day","created_at_yr","created_at_hr","launched_at_month","launched_at_day","launched_at_yr","launched_at_hr","create_to_launch_days","launch_to_deadline_days","DeadlineWeekend","currency_rate"
311581827,"Ojukwu Balewa Awolowo (O.B.A.) Public Library Of Nigeria",1e+05,"ojukwu-balewa-awolowo-oba-public-library-of-nigeri","US","USD",FALSE,"Academic","https://www.kickstarter.com/discover/categories/publishing/academic?ref=category_modal&sort=magic",8,8,"Thursday","Saturday","Sunday",3,26,2015,8,1,24,2015,0,1,25,2015,8,1,60,0,1
242834615,"Cardinal Investment Club",10000,"cardinal-investment-club","US","USD",FALSE,"Academic","https://www.kickstarter.com/discover/categories/publishing/academic?ref=category_modal&sort=magic",3,3,"Sunday","Thursday","Thursday",9,27,2015,10,8,13,2015,9,8,13,2015,10,0,45,1,1
429226406,"What's Next - Exploring Your Future",10000,"whats-next-exploring-your-future","US","USD",FALSE,"Academic","https://www.kickstarter.com/discover/categories/publishing/academic?ref=category_modal&sort=magic",6,6,"Thursday","Tuesday","Sunday",6,30,2016,7,3,22,2016,10,5,1,2016,7,39,60,0,1
736237802,"Exploring horizons of Central Asia",3000,"exploring-horizons-of-central-asia","DE","EUR",FALSE,"Places","https://www.kickstarter.com/discover/categories/photography/places?ref=category_modal&sort=magic",5,4,"Tuesday","Friday","Sunday",4,12,2016,16,3,11,2016,11,3,13,2016,16,2,30,0,1.11503852
2104461556,"Help Make Photography Program a Reality to East NY Youth",20000,"help-make-photography-program-a-reality-to-east-ny","US","USD",FALSE,"Places","https://www.kickstarter.com/discover/categories/photography/places?ref=category_modal&sort=magic",10,8,"Saturday","Wednesday","Thursday",1,16,2016,20,12,16,2015,20,12,17,2015,20,1,30,1,1
1814043302,"Beginning Photography",450,"beginning-photography","US","USD",FALSE,"Places","https://www.kickstarter.com/discover/categories/photography/places?ref=category_modal&sort=magic",2,2,"Wednesday","Saturday","Monday",8,6,2014,11,7,5,2014,14,7,7,2014,11,1,30,0,1
1504275125,"Leaps and Bounds",1000,"photography-by-leaps-and-bounds","US","USD",FALSE,"Places","https://www.kickstarter.com/discover/categories/photography/places?ref=category_modal&sort=magic",3,2,"Thursday","Monday","Tuesday",9,4,2014,23,8,4,2014,22,8,5,2014,23,1,30,0,1
1067086673,"Postcards from Lake Superior",2500,"postcards-from-lake-superior","US","USD",FALSE,"Places","https://www.kickstarter.com/discover/categories/photography/places?ref=category_modal&sort=magic",4,3,"Monday","Wednesday","Monday",3,28,2016,22,2,17,2016,23,3,14,2016,22,25,14,0,1
660571995,"Helicopter Air Tour Over Your Hometown or Even Your Home!",2e+05,"helicopter-air-tour-over-your-hometown-or-even-you","US","USD",FALSE,"Places","https://www.kickstarter.com/discover/categories/photography/places?ref=category_modal&sort=magic",10,9,"Monday","Friday","Friday",4,27,2015,16,3,6,2015,2,3,13,2015,16,7,45,0,1
861344700,"Guatemala: A Photo Project",200,"guatemala-a-photo-project","US","USD",FALSE,"Places","https://www.kickstarter.com/discover/categories/photography/places?ref=category_modal&sort=magic",4,4,"Wednesday","Monday","Monday",2,4,2015,23,1,5,2015,22,1,5,2015,23,0,30,0,1
933082004,"""from the road""- Australia",25000,"from-the-road-australia","US","USD",FALSE,"Places","https://www.kickstarter.com/discover/categories/photography/places?ref=category_modal&sort=magic",4,3,"Saturday","Sunday","Thursday",2,13,2016,12,6,21,2015,13,1,14,2016,12,206,30,1,1
822497948,"Getting My Parents to Texas And out of my Hair!",10,"getting-my-parents-to-texas-and-out-of-my-hair","US","USD",FALSE,"Places","https://www.kickstarter.com/discover/categories/photography/places?ref=category_modal&sort=magic",10,6,"Monday","Wednesday","Saturday",9,8,2014,10,8,6,2014,9,8,9,2014,10,3,30,0,1
1661507283,"NYC in the eyes of a marathoner",1000,"nyc-in-the-eyes-of-a-marathoner","US","USD",FALSE,"Places","https://www.kickstarter.com/discover/categories/photography/places?ref=category_modal&sort=magic",7,3,"Tuesday","Tuesday","Friday",8,12,2014,12,7,8,2014,11,7,11,2014,12,3,32,0,1
1761289973,"Travels Off Track",8000,"travels-off-track","GB","GBP",FALSE,"Places","https://www.kickstarter.com/discover/categories/photography/places?ref=category_modal&sort=magic",3,3,"Friday","Thursday","Monday",1,20,2017,13,11,17,2016,11,11,21,2016,13,4,60,0,1.23484231
1259132931,"Then and Now; A Photographic Journey Through Herefordshire.",400,"then-and-now-a-photographic-journey-through-herefo","GB","GBP",FALSE,"Places","https://www.kickstarter.com/discover/categories/photography/places?ref=category_modal&sort=magic",8,7,"Friday","Monday","Wednesday",4,24,2015,15,3,2,2015,14,3,25,2015,15,23,30,0,1.49282028
119232844,"Freeway Photography",800,"freeway-photography","US","USD",FALSE,"Places","https://www.kickstarter.com/discover/categories/photography/places?ref=category_modal&sort=magic",2,2,"Wednesday","Monday","Monday",1,27,2016,16,12,28,2015,15,12,28,2015,16,0,30,0,1
1751129219,"Help Photograph a Sailors Journey",10000,"help-photograph-a-sailors-journey","US","USD",FALSE,"Places","https://www.kickstarter.com/discover/categories/photography/places?ref=category_modal&sort=magic",5,4,"Wednesday","Wednesday","Monday",4,8,2015,15,3,4,2015,8,3,9,2015,15,5,30,0,1
471421639,"Minnesota Roads and Trails",250,"minnesota-roads-and-trails","US","USD",FALSE,"Places","https://www.kickstarter.com/discover/categories/photography/places?ref=category_modal&sort=magic",4,3,"Sunday","Sunday","Tuesday",5,11,2014,19,4,20,2014,19,4,29,2014,17,8,12,1,1
80267071,"Eclectic Nonsense",7000,"eceletic-nonsense","US","USD",FALSE,"","https://www.kickstarter.com/discover/categories/music/electronic%20music?ref=category_modal&sort=magic",2,2,"Tuesday","Sunday","Sunday",7,26,2016,16,6,5,2016,11,6,5,2016,16,0,50,0,1
224347690,"Make the Randomize Album",10000,"make-the-randomize-album","SE","SEK",FALSE,"","https://www.kickstarter.com/discover/categories/music/electronic%20music?ref=category_modal&sort=magic",4,3,"Sunday","Friday","Friday",11,1,2015,7,10,9,2015,7,10,9,2015,8,0,22,1,0.12127783
1936317863,"5 Hours of Music",5000,"5-hours-of-music","US","USD",FALSE,"","https://www.kickstarter.com/discover/categories/music/electronic%20music?ref=category_modal&sort=magic",4,3,"Sunday","Friday","Friday",7,26,2015,6,6,26,2015,5,6,26,2015,6,0,30,1,1
7760006,"ES1",12000,"es1","US","USD",FALSE,"","https://www.kickstarter.com/discover/categories/music/electronic%20music?ref=category_modal&sort=magic",1,1,"Sunday","Thursday","Friday",8,7,2011,22,7,7,2011,15,7,8,2011,22,1,30,1,1
441443763,"Apocalypse- OvM",5000,"apocalypse-ovm","US","USD",FALSE,"","https://www.kickstarter.com/discover/categories/music/electronic%20music?ref=category_modal&sort=magic",2,2,"Friday","Saturday","Wednesday",7,15,2016,16,6,11,2016,11,6,15,2016,16,4,30,0,1
356617830,"3 Word Challenge by MOrlov (Canceled)",550,"3-word-challenge-by-morlov","GB","GBP",FALSE,"","https://www.kickstarter.com/discover/categories/music/electronic%20music?ref=category_modal&sort=magic",6,5,"Thursday","Tuesday","Wednesday",6,16,2016,6,4,12,2016,7,6,1,2016,6,49,15,0,1.46930044
721638869,"RAM'S HEAD: 4 CDs of unheard music from an unknown genius!",4900,"rams-head-4-cds-of-unheard-music-from-an-unknown-g","US","USD",FALSE,"","https://www.kickstarter.com/discover/categories/music/electronic%20music?ref=category_modal&sort=magic",11,8,"Thursday","Monday","Tuesday",12,6,2012,11,8,27,2012,12,11,6,2012,11,70,30,0,1
1821248805,"DNG's Journey to release a successful single ""GOING""",1500,"dngs-journey-to-release-a-successful-single-going","CA","CAD",FALSE,"","https://www.kickstarter.com/discover/categories/music/electronic%20music?ref=category_modal&sort=magic",8,6,"Wednesday","Monday","Wednesday",1,1,2014,17,11,18,2013,8,11,20,2013,15,2,42,0,0.95833816
273575187,"MegaSoundFestival (Canceled)",1e+05,"megasoundfestival","US","USD",FALSE,"","https://www.kickstarter.com/discover/categories/music/electronic%20music?ref=category_modal&sort=magic",2,2,"Wednesday","Tuesday","Monday",8,19,2015,14,7,14,2015,1,7,20,2015,14,6,30,0,1
1880421082,"Seldat and Skytown: The Southern MN Dream Begins",2500,"seldat-and-skytown-the-southern-mn-dream-begins","US","USD",FALSE,"","https://www.kickstarter.com/discover/categories/music/country%20&%20folk?ref=category_modal&sort=magic",8,7,"Friday","Friday","Wednesday",11,16,2012,14,10,12,2012,16,10,17,2012,14,4,30,0,1
339428407,"New Full-Length Album. Working title: ""Old Excuses""",6500,"new-full-length-album-working-title-old-excuses","US","USD",FALSE,"","https://www.kickstarter.com/discover/categories/music/country%20&%20folk?ref=category_modal&sort=magic",7,7,"Monday","Thursday","Tuesday",6,18,2012,21,1,5,2012,21,5,29,2012,21,144,19,0,1
2124254859,"Make Robb Esperat's Album Happen!! Seriously  PLEASE!!",700,"make-robb-esperats-album-happen-seriously-please","US","USD",FALSE,"","https://www.kickstarter.com/discover/categories/music/country%20&%20folk?ref=category_modal&sort=magic",7,7,"Monday","Saturday","Monday",3,19,2012,18,3,3,2012,18,3,5,2012,15,1,14,0,1
1850681968,"Man from the Mountain Music Video",3500,"man-from-the-mountain-music-video","US","USD",FALSE,"","https://www.kickstarter.com/discover/categories/music/country%20&%20folk?ref=category_modal&sort=magic",6,4,"Saturday","Thursday","Thursday",7,23,2011,17,6,23,2011,14,6,23,2011,17,0,30,1,1
293385939,"THE FLUTTERBIES: Sponsor A Concert! Produce a Record!",2000,"the-flutterbies-sponsor-a-concert-produce-a-record","US","USD",FALSE,"","https://www.kickstarter.com/discover/categories/music/country%20&%20folk?ref=category_modal&sort=magic",8,7,"Tuesday","Thursday","Thursday",5,25,2010,4,4,15,2010,18,4,15,2010,19,0,39,0,1
1092509309,"Voices of Light: Guatemala 2012",13500,"voices-of-light-guatemala-2012","US","USD",FALSE,"","https://www.kickstarter.com/discover/categories/music/classical%20music?ref=category_modal&sort=magic",5,4,"Monday","Tuesday","Wednesday",12,10,2012,22,6,12,2012,15,11,21,2012,11,161,19,0,1
258895327,"The Bandmasters Podcast",600,"the-bandmasters-podcast","US","USD",FALSE,"","https://www.kickstarter.com/discover/categories/music/classical%20music?ref=category_modal&sort=magic",3,3,"Tuesday","Saturday","Sunday",9,1,2015,14,7,25,2015,9,8,2,2015,14,8,30,0,1
328068402,"ITALIAN BACH - Anna Fusek and orchestra - DEBUT SOLO CD",25000,"italian-bach-anna-fusek-and-orchestra-debut-solo-c","DE","EUR",FALSE,"","https://www.kickstarter.com/discover/categories/music/classical%20music?ref=category_modal&sort=magic",11,10,"Wednesday","Sunday","Friday",1,20,2016,18,12,13,2015,3,12,18,2015,18,5,33,0,1.08422357
366934584,"Request To Co-Sponsor A New Composition For String Quartet",1500,"co-commission-a-new-composition-for-string-quartet","US","USD",FALSE,"","https://www.kickstarter.com/discover/categories/music/classical%20music?ref=category_modal&sort=magic",9,9,"Thursday","Thursday","Sunday",9,23,2010,21,7,22,2010,21,8,8,2010,23,17,45,0,1
780854440,"Jalopy Records Seven Inch Subscription Series",18000,"jalopy-records-seven-inch-subscription-series","US","USD",TRUE,"Blues","https://www.kickstarter.com/discover/categories/music/blues?ref=category_modal&sort=magic",6,6,"Friday","Tuesday","Thursday",10,14,2016,22,7,19,2016,10,9,15,2016,13,58,29,0,1
477171556,"Ron Sunshine is making a new record…Thanks to You!!!",18000,"ron-sunshine-is-making-a-new-studio-recordingfinal","US","USD",FALSE,"Blues","https://www.kickstarter.com/discover/categories/music/blues?ref=category_modal&sort=magic",9,6,"Friday","Monday","Wednesday",3,20,2015,17,7,14,2014,22,2,18,2015,11,218,30,0,1
2143543297,"SPORTSFRIENDS featuring Johann Sebastian Joust",150000,"sportsfriends-featuring-johann-sebastian-joust","US","USD",TRUE,"","https://www.kickstarter.com/discover/categories/games/video%20games?ref=category_modal&sort=magic",5,5,"Monday","Friday","Thursday",12,10,2012,15,10,19,2012,23,11,8,2012,15,19,31,0,1
1104486396,"Legends of Persia",3000,"legends-of-persia","US","USD",TRUE,"","https://www.kickstarter.com/discover/categories/games/video%20games?ref=category_modal&sort=magic",3,2,"Sunday","Monday","Wednesday",5,4,2014,20,2,17,2014,20,3,5,2014,20,16,60,1,1
1341045295,"Diamond Trust of London",78715,"diamond-trust-of-london","US","USD",TRUE,"","https://www.kickstarter.com/discover/categories/games/video%20games?ref=category_modal&sort=magic",4,3,"Saturday","Monday","Wednesday",5,26,2012,17,11,14,2011,20,5,9,2012,18,176,16,1,1
1867183224,"Star Citizen",5e+05,"star-citizen","US","USD",TRUE,"","https://www.kickstarter.com/discover/categories/games/video%20games?ref=category_modal&sort=magic",2,2,"Monday","Friday","Thursday",11,19,2012,12,10,12,2012,14,10,18,2012,12,5,32,0,1
301157338,"Monster Prom [a crazy twist on dating sims!]",8000,"monster-prom","ES","EUR",TRUE,"","https://www.kickstarter.com/discover/categories/games/video%20games?ref=category_modal&sort=magic",8,7,"Thursday","Thursday","Tuesday",11,24,2016,19,5,19,2016,9,10,25,2016,8,158,30,0,1.08654316
1823394364,"Against the Wall",6500,"against-the-wall-0","US","USD",TRUE,"","https://www.kickstarter.com/discover/categories/games/video%20games?ref=category_modal&sort=magic",3,2,"Sunday","Friday","Thursday",12,4,2011,19,9,23,2011,0,10,20,2011,19,27,45,1,1
1190376005,"DROPSY: A different take on the old school adventure genre.",225,"dropsy-a-different-take-on-the-old-school-adventur","US","USD",TRUE,"","https://www.kickstarter.com/discover/categories/games/video%20games?ref=category_modal&sort=magic",10,8,"Wednesday","Wednesday","Monday",11,2,2011,13,9,28,2011,8,10,17,2011,13,19,16,0,1
162758986,"Vengeance Presented by No Limit Games LLC",60750,"vengeance-presented-by-no-limit-games-llc","US","USD",FALSE,"","https://www.kickstarter.com/discover/categories/games/video%20games?ref=category_modal&sort=magic",7,6,"Thursday","Friday","Tuesday",7,25,2013,16,6,21,2013,17,6,25,2013,23,4,29,0,1
1425142887,"Mathatar - An online Maths adventure game for KS2 to GCSE",5000,"mathatar-an-online-maths-adventure-game-for-ks2-to","GB","GBP",FALSE,"","https://www.kickstarter.com/discover/categories/games/video%20games?ref=category_modal&sort=magic",11,9,"Thursday","Tuesday","Wednesday",1,12,2017,11,11,8,2016,14,12,7,2016,11,28,36,0,1.27446495
591064807,"Rolling Ball iPhone/iPad/Android game development",4000,"rolling-ball-iphone-ipad-android-game-development","US","USD",FALSE,"","https://www.kickstarter.com/discover/categories/games/video%20games?ref=category_modal&sort=magic",5,5,"Friday","Thursday","Monday",9,14,2012,9,7,12,2012,12,7,16,2012,9,3,60,0,1
229333637,"""Knife Comfort Shield"" Bringing relief to the everyday cook (Canceled)",1000,"knife-comfort-shield-bringing-relief-to-the-everyd","US","USD",FALSE,"Restaurants","https://www.kickstarter.com/discover/categories/food/restaurants?ref=category_modal&sort=magic",10,8,"Thursday","Monday","Tuesday",12,29,2016,18,11,28,2016,14,11,29,2016,18,1,30,0,1
1418987567,"Last Dance",7500,"last-dance","US","USD",FALSE,"Thrillers","https://www.kickstarter.com/discover/categories/film%20&%20video/thrillers?ref=category_modal&sort=magic",2,2,"Sunday","Monday","Monday",5,31,2015,23,5,4,2015,14,5,4,2015,15,0,27,1,1
1038639896,"The Trouble With Uncle Max",15000,"the-trouble-with-uncle-max","US","USD",FALSE,"Thrillers","https://www.kickstarter.com/discover/categories/film%20&%20video/thrillers?ref=category_modal&sort=magic",5,5,"Sunday","Friday","Wednesday",6,14,2015,22,5,1,2015,7,5,20,2015,5,18,25,1,1
1239201053,"The Come Up",50000,"the-come-up-1","US","USD",FALSE,"Thrillers","https://www.kickstarter.com/discover/categories/film%20&%20video/thrillers?ref=category_modal&sort=magic",3,3,"Monday","Friday","Friday",8,1,2016,12,6,17,2016,12,6,17,2016,12,0,44,0,1
1844524928,"""Serum"" - A Short Film",2000,"serum-a-short-film","US","USD",FALSE,"Shorts","https://www.kickstarter.com/discover/categories/film%20&%20video/shorts?ref=category_modal&sort=magic",5,5,"Thursday","Tuesday","Tuesday",4,14,2016,1,2,16,2016,9,3,15,2016,1,27,30,0,1
257043222,"Masked! A Feature Film",3000,"masked-a-feature-film","US","USD",FALSE,"","https://www.kickstarter.com/discover/categories/film%20&%20video/narrative%20film?ref=category_modal&sort=magic",4,4,"Saturday","Monday","Thursday",5,25,2013,13,3,25,2013,20,4,25,2013,13,30,30,1,1
1163843761,"Nick & Al Meet The Devil",30000,"nick-and-al-meet-the-devil","US","USD",FALSE,"","https://www.kickstarter.com/discover/categories/film%20&%20video/narrative%20film?ref=category_modal&sort=magic",6,6,"Wednesday","Wednesday","Monday",5,1,2013,2,1,9,2013,3,4,1,2013,2,81,30,0,1
1974822012,"RAZORS",10000,"razors","GB","GBP",FALSE,"","https://www.kickstarter.com/discover/categories/film%20&%20video/narrative%20film?ref=category_modal&sort=magic",1,1,"Wednesday","Tuesday","Monday",1,8,2014,16,11,12,2013,13,12,9,2013,16,27,30,0,1.63483373
395293858,"BOYS WILL BE BOYS",10000,"boys-will-be-boys-0","US","USD",FALSE,"","https://www.kickstarter.com/discover/categories/film%20&%20video/narrative%20film?ref=category_modal&sort=magic",4,4,"Wednesday","Wednesday","Monday",10,3,2012,14,8,22,2012,14,9,3,2012,14,12,30,0,1
1777168138,"10 Websites Dedicated To One Man For No Particular Reason",25,"10-websites-dedicated-to-one-man-for-no-particular","US","USD",FALSE,"Web","https://www.kickstarter.com/discover/categories/technology/web?ref=category_modal&sort=magic",10,10,"Wednesday","Wednesday","Friday",4,15,2015,16,2,25,2015,13,3,13,2015,8,15,33,0,1
1753063015,"ProSportsCoaches - Online Coaching by Pro Athletes",55000,"prosportscoaches-online-coaching-by-pro-athletes","AU","AUD",FALSE,"Web","https://www.kickstarter.com/discover/categories/technology/web?ref=category_modal&sort=magic",7,6,"Thursday","Thursday","Monday",12,4,2014,16,10,16,2014,7,10,20,2014,16,4,45,0,0.87457233
1147803478,"All College LLC",1000,"all-college-llc","US","USD",FALSE,"Apps","https://www.kickstarter.com/discover/categories/technology/apps?ref=category_modal&sort=magic",3,3,"Saturday","Saturday","Wednesday",5,16,2015,20,3,28,2015,15,4,1,2015,20,4,45,1,1
673135809,"Bookify Inc",5000,"bookify-inc","NO","NOK",FALSE,"Apps","https://www.kickstarter.com/discover/categories/technology/apps?ref=category_modal&sort=magic",2,2,"Wednesday","Sunday","Monday",4,1,2015,12,3,1,2015,12,3,2,2015,12,1,30,0,0.13036178
1247928050,"Home Health Scoring App",25000,"home-health-scoring-app","US","USD",FALSE,"Apps","https://www.kickstarter.com/discover/categories/technology/apps?ref=category_modal&sort=magic",4,4,"Saturday","Thursday","Thursday",3,7,2015,18,1,15,2015,18,2,5,2015,18,21,30,1,1
2131966618,"Fynd",2000,"pluggd-0","US","USD",FALSE,"Apps","https://www.kickstarter.com/discover/categories/technology/apps?ref=category_modal&sort=magic",1,1,"Sunday","Monday","Wednesday",8,21,2016,16,6,20,2016,11,6,22,2016,16,2,60,1,1
1947532482,"ChillaVino Wine's New Best Friend",40000,"chillavino-wines-new-best-friend","US","USD",FALSE,"Gadgets","https://www.kickstarter.com/discover/categories/technology/gadgets?ref=category_modal&sort=magic",5,5,"Wednesday","Tuesday","Monday",6,17,2015,7,5,12,2015,12,5,18,2015,7,5,30,0,1
1195810778,"DRILLBEACH :Electric Beach Umbrella & Usb Smartphone Charger",45000,"drillbeach-electric-beach-umbrella-and-usb-smartph","IT","EUR",FALSE,"Gadgets","https://www.kickstarter.com/discover/categories/technology/gadgets?ref=category_modal&sort=magic",8,8,"Tuesday","Thursday","Wednesday",9,1,2015,6,7,2,2015,14,7,8,2015,6,5,55,0,1.10365409
1650571308,"NEEO - The Thinking Remote",50000,"neeo-the-thinking-remote","US","USD",TRUE,"Hardware","https://www.kickstarter.com/discover/categories/technology/hardware?ref=category_modal&sort=magic",5,5,"Thursday","Tuesday","Tuesday",2,12,2015,8,10,28,2014,20,1,13,2015,8,76,30,0,1
542210804,"Aivvy Q: Smart Headphones Caches Personalized Music For You",125000,"aivvy","US","USD",TRUE,"Hardware","https://www.kickstarter.com/discover/categories/technology/hardware?ref=category_modal&sort=magic",9,9,"Thursday","Tuesday","Tuesday",4,23,2015,9,10,30,2012,3,3,24,2015,9,875,30,0,1
1843714703,"Rise of the Machine Interface Device (Canceled)",42000,"rise-of-the-machine-interface-device","US","USD",FALSE,"Hardware","https://www.kickstarter.com/discover/categories/technology/hardware?ref=category_modal&sort=magic",7,5,"Thursday","Tuesday","Tuesday",12,1,2016,7,7,12,2016,17,11,1,2016,7,111,30,0,1
2061825482,"GMO InSight: Fast  Reliable GMO Information",30000,"gmo-insight-fast-reliable-gmo-information","US","USD",FALSE,"Apps","https://www.kickstarter.com/discover/categories/technology/apps?ref=category_modal&sort=magic",6,6,"Friday","Saturday","Tuesday",1,13,2017,16,10,22,2016,10,11,29,2016,16,38,45,0,1
1590617673,"SOCCER VIDEO TRAINING DATABASE FOR YOUTH SOCCER TRAINERS",8500,"soccer-video-training-database-for-youth-soccer-tr","NL","EUR",FALSE,"Apps","https://www.kickstarter.com/discover/categories/technology/apps?ref=category_modal&sort=magic",8,8,"Friday","Tuesday","Wednesday",4,29,2016,6,11,24,2015,9,3,30,2016,6,126,30,0,1.11937709
1491075039,"Surface (http://surface.derbuttle.com)",5000,"surface-http-surfacederbuttlecom","DK","DKK",FALSE,"Web","https://www.kickstarter.com/discover/categories/technology/web?ref=category_modal&sort=magic",2,2,"Saturday","Thursday","Thursday",12,20,2014,15,11,13,2014,13,11,20,2014,15,7,30,1,0.16807757
2124204916,"WhiteShark Soziales Netzwerk",250000,"whiteshark-soziales-netzwerk","DE","EUR",FALSE,"Web","https://www.kickstarter.com/discover/categories/technology/web?ref=category_modal&sort=magic",3,3,"Saturday","Wednesday","Thursday",3,12,2016,14,2,10,2016,17,2,11,2016,14,0,30,1,1.12939986
1953043243,"NightCrawlerApp.com - Connects people with local night life",1800,"nightcrawlerappcom-connects-people-with-local-nigh","US","USD",FALSE,"Web","https://www.kickstarter.com/discover/categories/technology/web?ref=category_modal&sort=magic",8,7,"Wednesday","Monday","Thursday",9,30,2015,10,8,3,2015,19,8,27,2015,10,23,33,0,1
935750821,"Revolution online services!",7500,"revolution-online-services","IT","EUR",FALSE,"Web","https://www.kickstarter.com/discover/categories/technology/web?ref=category_modal&sort=magic",3,3,"Saturday","Thursday","Monday",12,26,2015,13,12,17,2015,17,12,21,2015,13,3,5,1,1.07977485
294211306,"WOLO Life Clock - The Secret to staying MOTIVATED EVERYDAY!",30000,"wolo-life-inspiring-you-to-treasure-every-second-o","US","USD",FALSE,"Gadgets","https://www.kickstarter.com/discover/categories/technology/gadgets?ref=category_modal&sort=magic",10,9,"Wednesday","Wednesday","Wednesday",2,10,2016,6,11,18,2015,11,1,6,2016,6,48,35,0,1
1761679524,"PLAYBULB rainbow - Stylish Smart Color LED Light Bulb",10000,"playbulb-rainbow-stylish-smart-color-led-light-bul","US","USD",FALSE,"Gadgets","https://www.kickstarter.com/discover/categories/technology/gadgets?ref=category_modal&sort=magic",9,9,"Wednesday","Thursday","Tuesday",12,31,2014,19,12,4,2014,22,12,16,2014,19,11,15,0,1
1868294002,"The NoPhone",5000,"the-new-and-unimproved-nophone","US","USD",FALSE,"Gadgets","https://www.kickstarter.com/discover/categories/technology/gadgets?ref=category_modal&sort=magic",2,2,"Wednesday","Thursday","Tuesday",10,29,2014,16,10,9,2014,22,10,14,2014,16,4,15,0,1
114885830,"It's not VPN  it's AlwaysHome! Take your content worldwide",40000,"its-not-vpn-its-alwayshome","US","USD",FALSE,"Gadgets","https://www.kickstarter.com/discover/categories/technology/gadgets?ref=category_modal&sort=magic",9,7,"Monday","Tuesday","Tuesday",10,26,2015,6,5,12,2015,23,10,6,2015,6,146,20,0,1
1002484986,"LDS Home Teaching App (Visiting Teaching Too)",45000,"lds-home-teaching-app-visiting-teaching-too","US","USD",FALSE,"Apps","https://www.kickstarter.com/discover/categories/technology/apps?ref=category_modal&sort=magic",7,7,"Friday","Tuesday","Tuesday",10,17,2014,8,8,26,2014,14,9,2,2014,8,6,45,0,1
762442189,"zimplyU - Social Network That Connects People By Interests",60000,"zimplyu-social-network-that-connects-people-by-int","US","USD",FALSE,"Web","https://www.kickstarter.com/discover/categories/technology/web?ref=category_modal&sort=magic",9,9,"Monday","Friday","Sunday",7,21,2014,12,6,6,2014,17,6,29,2014,12,22,22,0,1
842416913,"Roster Point Hockey",5000,"roster-point-hockey","CA","CAD",FALSE,"Web","https://www.kickstarter.com/discover/categories/technology/web?ref=category_modal&sort=magic",3,3,"Sunday","Sunday","Wednesday",2,12,2017,9,12,18,2016,9,1,25,2017,7,37,18,1,0.75574194
1361727453,"Extant Solutions",75000,"extant-solutions","US","USD",FALSE,"Web","https://www.kickstarter.com/discover/categories/technology/web?ref=category_modal&sort=magic",2,2,"Friday","Friday","Monday",7,31,2015,10,5,29,2015,16,6,1,2015,10,2,60,0,1
524238700,"Power Clean; Health Food Distributing and Resource Website.",16000,"power-clean-health-food-distributing-and-resource","US","USD",FALSE,"Web","https://www.kickstarter.com/discover/categories/technology/web?ref=category_modal&sort=magic",8,7,"Saturday","Wednesday","Thursday",2,14,2015,11,12,24,2014,16,1,15,2015,11,21,30,1,1
1040791125,"Share your TOP 10 with your friends and the world!",55000,"share-your-top-10-with-your-friends-and-the-world","DE","EUR",FALSE,"Web","https://www.kickstarter.com/discover/categories/technology/web?ref=category_modal&sort=magic",10,5,"Friday","Tuesday","Monday",3,25,2016,15,1,19,2016,0,1,25,2016,15,6,60,0,1.07975153
1247729376,"estrl.com - A Magical Marketplace",20000,"estrlcom-a-magical-marketplace","US","USD",FALSE,"Web","https://www.kickstarter.com/discover/categories/technology/web?ref=category_modal&sort=magic",5,5,"Thursday","Friday","Tuesday",7,23,2015,13,6,19,2015,14,6,23,2015,13,3,30,0,1
1377159508,"Venue Pal",50000,"venue-pal","US","USD",FALSE,"Web","https://www.kickstarter.com/discover/categories/technology/web?ref=category_modal&sort=magic",2,2,"Wednesday","Wednesday","Friday",9,14,2016,10,8,17,2016,23,8,19,2016,10,1,26,0,1
602820295,"Goingad",53000,"goingad","GB","GBP",FALSE,"Web","https://www.kickstarter.com/discover/categories/technology/web?ref=category_modal&sort=magic",1,1,"Monday","Monday","Monday",2,29,2016,16,1,4,2016,11,1,11,2016,10,6,49,0,1.45190352
1197284280,"EveeDex: Networking for Vendors and Event Planners",44000,"eveedex-networking-for-vendors-and-event-planners","US","USD",FALSE,"Web","https://www.kickstarter.com/discover/categories/technology/web?ref=category_modal&sort=magic",7,5,"Monday","Wednesday","Tuesday",10,31,2016,22,9,14,2016,21,9,27,2016,20,12,34,0,1
1071009264,"Apptimumdesign.com for Android and iOS easy design platform!",7500,"very-user-friendly-app-design-platform-for-android","US","USD",FALSE,"Web","https://www.kickstarter.com/discover/categories/technology/web?ref=category_modal&sort=magic",8,6,"Thursday","Monday","Tuesday",1,1,2015,22,12,1,2014,17,12,2,2014,13,0,30,0,1
1355224633,"Feed The Bear",2500,"feed-the-bear","US","USD",FALSE,"Web","https://www.kickstarter.com/discover/categories/technology/web?ref=category_modal&sort=magic",3,3,"Friday","Saturday","Wednesday",1,6,2017,16,12,3,2016,22,12,7,2016,16,3,30,0,1
535902972,"Thisbe",1500,"thisbe","GB","GBP",FALSE,"Festivals","https://www.kickstarter.com/discover/categories/theater/festivals?ref=category_modal&sort=magic",1,1,"Monday","Monday","Thursday",2,1,2016,6,12,14,2015,8,12,17,2015,7,2,45,0,1.50531904
296854613,"InterMission Theatre's Student Play Festival",250,"intermission-theatres-student-play-festival","US","USD",FALSE,"Festivals","https://www.kickstarter.com/discover/categories/theater/festivals?ref=category_modal&sort=magic",5,5,"Sunday","Wednesday","Friday",4,24,2016,0,3,30,2016,21,4,1,2016,0,1,22,1,1
1557977340,"Ruddy Productions New Works Festival",5500,"ruddy-productions-new-works-festival","US","USD",FALSE,"Festivals","https://www.kickstarter.com/discover/categories/theater/festivals?ref=category_modal&sort=magic",5,5,"Friday","Saturday","Monday",5,30,2014,22,4,26,2014,21,5,5,2014,22,9,25,0,1
612699653,"Harriet Tubman Woman Of Faith",2000,"harriet-tubman-woman-of-faith","US","USD",FALSE,"Plays","https://www.kickstarter.com/discover/categories/theater/plays?ref=category_modal&sort=magic",5,5,"Monday","Friday","Saturday",2,16,2015,1,1,9,2015,19,1,17,2015,1,7,30,0,1
431599060,"One Man  Two Guvnors Production",2500,"one-man-two-guvnors-production","US","USD",FALSE,"Plays","https://www.kickstarter.com/discover/categories/theater/plays?ref=category_modal&sort=magic",5,5,"Friday","Tuesday","Wednesday",6,19,2015,14,5,19,2015,15,5,20,2015,14,0,30,0,1
1071064655,"Homestead (Canceled)",3000,"homestead-0","GB","GBP",FALSE,"Plays","https://www.kickstarter.com/discover/categories/theater/plays?ref=category_modal&sort=magic",2,2,"Friday","Friday","Tuesday",1,1,2016,13,10,23,2015,11,11,17,2015,13,25,45,0,1.52119018
301943508,"Hercules: The Panto! (Canceled)",2500,"hercules-the-panto","GB","GBP",FALSE,"Plays","https://www.kickstarter.com/discover/categories/theater/plays?ref=category_modal&sort=magic",4,4,"Sunday","Sunday","Sunday",1,11,2015,12,11,16,2014,13,11,16,2014,14,0,55,1,1.56697322
2011288695,"Broken Dolls (Canceled)",2000,"broken-dolls-0","GB","GBP",FALSE,"Plays","https://www.kickstarter.com/discover/categories/theater/plays?ref=category_modal&sort=magic",3,3,"Monday","Monday","Monday",8,11,2014,18,7,21,2014,13,7,21,2014,14,0,21,0,1.69726554
1186367683,"WE KNOW WHERE YOU LIVE (WORLD PREMIERE) (Canceled)",3500,"we-know-where-you-live-world-premiere","GB","GBP",FALSE,"Plays","https://www.kickstarter.com/discover/categories/theater/plays?ref=category_modal&sort=magic",8,8,"Thursday","Wednesday","Wednesday",7,9,2015,18,6,3,2015,7,6,10,2015,11,7,29,0,1.53546148
283516801,"First Snow (Canceled)",17500,"first-snow","US","USD",FALSE,"Plays","https://www.kickstarter.com/discover/categories/theater/plays?ref=category_modal&sort=magic",3,3,"Sunday","Friday","Friday",8,3,2014,14,6,13,2014,15,6,27,2014,14,13,37,1,1
502204024,"Muscovado: BurntOut Theatre's new play about slavery",5000,"muscovado-burntout-theatres-new-play-about-slavery","GB","GBP",FALSE,"Plays","https://www.kickstarter.com/discover/categories/theater/plays?ref=category_modal&sort=magic",7,6,"Sunday","Monday","Friday",8,31,2014,18,6,16,2014,13,8,1,2014,6,45,30,1,1.69199871
1610309763,"Drinking with Angelika - Marlowe Studio Canterbury May 2016",3900,"drinking-with-angelika-marlowe-studio-canterbury-m","GB","GBP",FALSE,"Musical","https://www.kickstarter.com/discover/categories/theater/musical?ref=category_modal&sort=magic",9,8,"Tuesday","Saturday","Sunday",2,2,2016,8,7,25,2015,6,1,3,2016,8,162,30,0,1.47603437
1097719028,"Boys In The Arts Scholarship Program (Canceled)",18000,"boys-in-the-arts-scholarship-program","US","USD",FALSE,"Musical","https://www.kickstarter.com/discover/categories/theater/musical?ref=category_modal&sort=magic",7,7,"Monday","Friday","Saturday",6,29,2015,22,10,17,2014,11,5,30,2015,14,225,30,0,1
128563235,"Aerodynamic Driven Wheel (A.D.W.) | www.aeroecosystems.com",9000,"aerodynamic-driven-wheel-adw-wwwaeroecosystemscom","GB","GBP",FALSE,"Flight","https://www.kickstarter.com/discover/categories/technology/flight?ref=category_modal&sort=magic",6,6,"Sunday","Saturday","Wednesday",7,3,2016,16,4,30,2016,6,5,4,2016,16,4,60,1,1.46846328
732829580,"Drones Eye",80000,"drones-eye","CA","CAD",FALSE,"Flight","https://www.kickstarter.com/discover/categories/technology/flight?ref=category_modal&sort=magic",2,2,"Thursday","Thursday","Friday",11,3,2016,3,9,22,2016,2,10,14,2016,3,22,20,0,0.75326389
895522609,"BlackOps Tricopter - Flying /Acrobatic Multicopter - Drone",50000,"black-ops-tricopter-advanced-flying-filming-multic","US","USD",FALSE,"Flight","https://www.kickstarter.com/discover/categories/technology/flight?ref=category_modal&sort=magic",8,8,"Monday","Wednesday","Friday",7,27,2015,22,7,2,2014,3,6,12,2015,22,345,45,0,1
1911622225,"The Missing Raspberry Pi Boards - IOT Prototyping Magic!",1500,"the-missing-raspberry-pi-boards-iot-prototyping-ma","US","USD",FALSE,"","https://www.kickstarter.com/discover/categories/technology/diy%20electronics?ref=category_modal&sort=magic",9,9,"Friday","Wednesday","Thursday",5,27,2016,12,4,27,2016,12,5,5,2016,12,7,22,0,1
994463544,"2400W DC Resonant Charging Bi-polar Tesla Coil",400,"2400w-dc-resonant-charging-bi-polar-tesla-coil","GB","GBP",FALSE,"","https://www.kickstarter.com/discover/categories/technology/diy%20electronics?ref=category_modal&sort=magic",7,7,"Monday","Wednesday","Saturday",2,23,2015,10,1,21,2015,13,1,24,2015,10,2,30,0,1.50120171
504552775,"Live from the School of Hard Knocks  it's ANNIE!",3000,"live-from-the-school-of-hard-knocks-its-annie","US","USD",FALSE,"Musical","https://www.kickstarter.com/discover/categories/theater/musical?ref=category_modal&sort=magic",9,6,"Tuesday","Monday","Sunday",3,3,2015,22,1,19,2015,22,2,1,2015,22,12,30,0,1
1707310832,"Bard Beyond the Big Top",18000,"bard-beyond-the-big-top","US","USD",TRUE,"Spaces","https://www.kickstarter.com/discover/categories/theater/spaces?ref=category_modal&sort=magic",5,4,"Tuesday","Sunday","Tuesday",5,3,2016,18,2,28,2016,12,4,5,2016,9,36,28,0,1
30730475,"A Home for Vegas Theatre Hub",5000,"a-home-for-vegas-theatre-hub","US","USD",FALSE,"Spaces","https://www.kickstarter.com/discover/categories/theater/spaces?ref=category_modal&sort=magic",6,5,"Monday","Thursday","Saturday",8,15,2016,1,7,7,2016,0,7,16,2016,1,9,30,0,1
1988129805,"Lend a Hand in Our Home",8300,"lend-a-hand-in-our-home","US","USD",FALSE,"Spaces","https://www.kickstarter.com/discover/categories/theater/spaces?ref=category_modal&sort=magic",6,4,"Wednesday","Sunday","Monday",1,20,2016,14,12,6,2015,10,12,21,2015,14,15,30,0,1
1655700101,"Help Fund the ""Back Room"" Arts Space at Jimmy's No 43!",7000,"help-fund-the-back-room-arts-space-at-jimmys-no-43","US","USD",FALSE,"Spaces","https://www.kickstarter.com/discover/categories/theater/spaces?ref=category_modal&sort=magic",11,9,"Wednesday","Wednesday","Monday",12,26,2012,14,9,26,2012,11,11,26,2012,14,61,30,0,1
1997793239,"Baby It's Cold Outside: Silver Spring Stage HVAC Fund!",3000,"baby-its-cold-outside-silver-spring-stage-hvac-fun","US","USD",FALSE,"Spaces","https://www.kickstarter.com/discover/categories/theater/spaces?ref=category_modal&sort=magic",9,9,"Wednesday","Monday","Monday",1,20,2016,23,12,21,2015,22,12,21,2015,23,0,30,0,1
989520928,"Barebones Black Box Theater in Braddock  PA",10000,"barebones-black-box-theater-in-braddock-pa","US","USD",FALSE,"Spaces","https://www.kickstarter.com/discover/categories/theater/spaces?ref=category_modal&sort=magic",7,6,"Sunday","Tuesday","Friday",6,21,2015,15,5,5,2015,20,5,22,2015,15,16,30,1,1
1880706775,"The North Pole at the Fair - A Christmas Paradise for kids.",25000,"the-north-pole-at-the-fair-a-christmas-paradise-fo","US","USD",FALSE,"Spaces","https://www.kickstarter.com/discover/categories/theater/spaces?ref=category_modal&sort=magic",12,9,"Tuesday","Thursday","Tuesday",11,4,2014,23,10,2,2014,13,10,7,2014,21,5,28,0,1
2090172957,"Acting V Senior Showcase",500,"acting-v-senior-showcase","US","USD",FALSE,"Spaces","https://www.kickstarter.com/discover/categories/theater/spaces?ref=category_modal&sort=magic",4,4,"Wednesday","Tuesday","Monday",4,27,2016,8,3,8,2016,8,3,14,2016,18,6,43,0,1
1082347565,"Bustduck Theatre",5000,"bustduck-theatre","US","USD",FALSE,"Spaces","https://www.kickstarter.com/discover/categories/theater/spaces?ref=category_modal&sort=magic",2,2,"Sunday","Tuesday","Friday",8,14,2016,17,7,12,2016,18,7,15,2016,17,2,30,1,1
840115188,"Creating Cabaret",40000,"creating-cabaret","US","USD",FALSE,"Spaces","https://www.kickstarter.com/discover/categories/theater/spaces?ref=category_modal&sort=magic",2,2,"Monday","Sunday","Monday",5,11,2015,14,5,3,2015,17,5,4,2015,14,0,7,0,1
1290886509,"OPEN THE OLD ""RIGON"" THEATER",18000,"open-the-old-rigon-theater","IT","EUR",FALSE,"Spaces","https://www.kickstarter.com/discover/categories/theater/spaces?ref=category_modal&sort=magic",5,5,"Friday","Thursday","Thursday",5,20,2016,3,1,28,2016,4,3,31,2016,3,62,50,0,1.12919836
523580206,"Fabulous Foyer - where? At the Court Theatre in Christchurch",8000,"fabulous-foyer-where-at-the-court-theater-in-chris","NZ","NZD",FALSE,"Spaces","https://www.kickstarter.com/discover/categories/theater/spaces?ref=category_modal&sort=magic",10,8,"Wednesday","Thursday","Monday",9,9,2015,17,8,6,2015,22,8,10,2015,17,3,30,0,0.66230999
1597408943,"Théâtre d'automates ""culture de vie""",25000,"theatre-dautomates-culture-de-vie","FR","EUR",FALSE,"Spaces","https://www.kickstarter.com/discover/categories/theater/spaces?ref=category_modal&sort=magic",5,5,"Thursday","Monday","Tuesday",3,10,2016,7,2,8,2016,15,2,9,2016,7,0,30,0,1.11423468
9945478,"Make The Historic Dungeness Schoolhouse Stage ADA Accessible",60000,"make-the-historic-dungeness-schoolhouse-stage-ada","US","USD",FALSE,"Spaces","https://www.kickstarter.com/discover/categories/theater/spaces?ref=category_modal&sort=magic",8,8,"Wednesday","Monday","Monday",2,25,2015,21,9,8,2014,11,1,26,2015,21,140,30,0,1
281659031,"Kids Zone start up",11000,"kids-zone-start-up","US","USD",FALSE,"Spaces","https://www.kickstarter.com/discover/categories/theater/spaces?ref=category_modal&sort=magic",4,3,"Monday","Monday","Thursday",10,31,2016,21,8,22,2016,21,9,1,2016,21,10,60,0,1
811595825,"Garden Eden  theatre  meeting  culture  music  art",5e+05,"garden-eden-theatre-meeting-culture-music-art","SE","SEK",FALSE,"Spaces","https://www.kickstarter.com/discover/categories/theater/spaces?ref=category_modal&sort=magic",7,7,"Saturday","Saturday","Monday",7,2,2016,10,6,11,2016,7,6,13,2016,10,2,19,1,0.12034617
453359131,"Help Us Help Artists",25000,"help-us-help-artists-0","US","USD",FALSE,"Spaces","https://www.kickstarter.com/discover/categories/theater/spaces?ref=category_modal&sort=magic",4,4,"Sunday","Friday","Friday",3,1,2015,17,1,30,2015,15,1,30,2015,17,0,30,1,1
751211779,"Brentwood Theater Company needs a Rehearsal Space.",50000,"brentwood-theater-company-needs-a-rehearsal-space","US","USD",FALSE,"Spaces","https://www.kickstarter.com/discover/categories/theater/spaces?ref=category_modal&sort=magic",7,6,"Sunday","Wednesday","Thursday",10,5,2014,14,7,30,2014,18,8,21,2014,14,21,45,1,1
1987200776,"A Race Redux",3000,"a-race-redux","US","USD",TRUE,"Plays","https://www.kickstarter.com/discover/categories/theater/plays?ref=category_modal&sort=magic",3,3,"Monday","Saturday","Monday",8,25,2014,15,8,9,2014,20,8,11,2014,15,1,14,0,1
506972141,"The Blind Owl Stages Shinn's ""The Coming World""",5000,"the-blind-owl-stages-shinns-the-coming-world","US","USD",TRUE,"Plays","https://www.kickstarter.com/discover/categories/theater/plays?ref=category_modal&sort=magic",8,8,"Monday","Sunday","Monday",7,28,2014,9,6,29,2014,21,7,7,2014,9,7,21,0,1
214738288,"""The Red Herring"" World Premiere",3000,"the-red-herring-world-premiere","US","USD",TRUE,"Plays","https://www.kickstarter.com/discover/categories/theater/plays?ref=category_modal&sort=magic",5,5,"Thursday","Sunday","Saturday",5,31,2012,22,4,8,2012,10,4,14,2012,17,6,47,0,1
1861370781,"Colt Coeur's 6th Season",35000,"colt-coeurs-6th-season","US","USD",TRUE,"Plays","https://www.kickstarter.com/discover/categories/theater/plays?ref=category_modal&sort=magic",4,4,"Wednesday","Thursday","Monday",9,9,2015,22,7,30,2015,9,8,3,2015,10,4,37,0,1
1513511522,"Shakespeare in ASL - and FREE for everyone",2500,"shakespeare-in-asl-and-free-for-everyone","US","USD",TRUE,"Plays","https://www.kickstarter.com/discover/categories/theater/plays?ref=category_modal&sort=magic",8,5,"Saturday","Thursday","Wednesday",10,24,2015,16,8,27,2015,20,9,23,2015,8,26,31,1,1
2141184677,"The Book's the Thing - Welcome to Hamlet's Library",5862,"the-books-the-thing-welcome-to-hamlets-library","GB","GBP",TRUE,"Plays","https://www.kickstarter.com/discover/categories/theater/plays?ref=category_modal&sort=magic",9,7,"Sunday","Wednesday","Wednesday",10,25,2015,18,7,29,2015,14,9,30,2015,21,63,24,1,1.51633701
613600913,"Enso Theatre Ensemble's ""Pride & Prejudice""",3000,"enso-theatre-ensembles-pride-and-prejudice","US","USD",FALSE,"Plays","https://www.kickstarter.com/discover/categories/theater/plays?ref=category_modal&sort=magic",6,6,"Tuesday","Sunday","Sunday",4,7,2015,2,11,23,2014,21,3,1,2015,9,97,36,0,1
280282471,"""I Will Speak For Myself""",960,"i-will-speak-for-myself","US","USD",FALSE,"Plays","https://www.kickstarter.com/discover/categories/theater/plays?ref=category_modal&sort=magic",5,5,"Wednesday","Friday","Tuesday",9,17,2014,22,8,29,2014,9,9,2,2014,9,3,15,0,1
1463299604,"Paria Exchange at Dave's Leicester Comedy Festival",150,"paria-exchange-at-daves-leicester-comedy-festival","GB","GBP",FALSE,"Plays","https://www.kickstarter.com/discover/categories/theater/plays?ref=category_modal&sort=magic",7,6,"Sunday","Friday","Friday",12,20,2015,5,11,20,2015,0,11,20,2015,11,0,29,1,1.52788855
1705547277,"Checkpoint 22",2000,"checkpoint-22","GB","GBP",FALSE,"Plays","https://www.kickstarter.com/discover/categories/theater/plays?ref=category_modal&sort=magic",2,2,"Wednesday","Friday","Monday",6,3,2015,10,4,17,2015,12,5,4,2015,10,16,30,0,1.51409624
1566825039,"One Shot Theatre Company",2000,"one-shot-theatre-company","US","USD",FALSE,"Plays","https://www.kickstarter.com/discover/categories/theater/plays?ref=category_modal&sort=magic",4,4,"Friday","Tuesday","Thursday",5,20,2016,22,3,29,2016,14,3,31,2016,12,1,50,0,1
72916421,"A Midsummer Night's Dream",300,"a-midsummer-nights-dream-8","CA","CAD",FALSE,"Plays","https://www.kickstarter.com/discover/categories/theater/plays?ref=category_modal&sort=magic",4,4,"Wednesday","Wednesday","Sunday",8,24,2016,22,11,25,2015,12,8,14,2016,10,262,10,0,0.77187652
1831409660,"Flush - David Dipper - Break Point Theatre",850,"flush-david-dipper-break-point-theatre","GB","GBP",FALSE,"Plays","https://www.kickstarter.com/discover/categories/theater/plays?ref=category_modal&sort=magic",8,8,"Tuesday","Thursday","Friday",7,7,2015,14,5,7,2015,6,5,8,2015,14,1,60,0,1.52364932
925570748,"Hippolytos - Polish Tour",5000,"hippolytos-polish-tour","GB","GBP",FALSE,"Plays","https://www.kickstarter.com/discover/categories/theater/plays?ref=category_modal&sort=magic",4,4,"Friday","Friday","Thursday",5,6,2016,8,12,18,2015,13,4,7,2016,8,110,28,0,1.41626008
1118328142,"Tearing Down Cabrini-Green  a dynamic social commentary.",10000,"tearing-down-cabrini-green-a-dynamic-social-commen","US","USD",FALSE,"Plays","https://www.kickstarter.com/discover/categories/theater/plays?ref=category_modal&sort=magic",7,6,"Friday","Wednesday","Monday",12,11,2015,17,9,23,2015,17,10,12,2015,17,19,60,0,1
1038884769,"Anansi the Spider - An African Folktale",3000,"anansi-the-spider-an-african-folktale","US","USD",FALSE,"Plays","https://www.kickstarter.com/discover/categories/theater/plays?ref=category_modal&sort=magic",7,6,"Thursday","Wednesday","Friday",11,20,2014,10,10,29,2014,10,11,7,2014,0,8,13,0,1
44205113,"Help Shakespeare Troupe accept invite to perform in UK!",5000,"help-shakespeare-troupe-accept-invite-to-perform-i","US","USD",FALSE,"Plays","https://www.kickstarter.com/discover/categories/theater/plays?ref=category_modal&sort=magic",9,7,"Sunday","Monday","Tuesday",9,27,2015,21,8,17,2015,4,8,18,2015,21,1,40,1,1
1154704136,"The Free Man - the story of Hurr",2750,"the-free-man-the-story-of-hurr","GB","GBP",FALSE,"Plays","https://www.kickstarter.com/discover/categories/theater/plays?ref=category_modal&sort=magic",8,6,"Thursday","Thursday","Tuesday",11,5,2015,8,9,24,2015,10,10,6,2015,8,11,30,0,1.5216346
918867102,"Theatre Memoire",250,"theatre-memoire","GB","GBP",FALSE,"Plays","https://www.kickstarter.com/discover/categories/theater/plays?ref=category_modal&sort=magic",2,2,"Friday","Monday","Wednesday",1,27,2017,12,12,19,2016,9,12,28,2016,12,9,30,0,1.22706463
2057660439,"Shakespeare Orange County's HAMLET: Match This!",5000,"shakespeare-orange-countys-hamlet-match-this","US","USD",FALSE,"Plays","https://www.kickstarter.com/discover/categories/theater/plays?ref=category_modal&sort=magic",6,6,"Friday","Monday","Wednesday",5,13,2016,14,3,21,2016,14,4,13,2016,14,22,30,0,1
1791733135,"Free Jujube Brown NYC Performance",2000,"free-jujube-brown-nyc-performance","US","USD",FALSE,"Plays","https://www.kickstarter.com/discover/categories/theater/plays?ref=category_modal&sort=magic",5,5,"Saturday","Monday","Wednesday",12,31,2016,10,12,5,2016,14,12,7,2016,23,2,23,1,1
879366320,"One Funny Mother: I'm Not Crazy!!",10000,"one-funny-mother-im-not-crazy","US","USD",FALSE,"Plays","https://www.kickstarter.com/discover/categories/theater/plays?ref=category_modal&sort=magic",6,6,"Thursday","Thursday","Tuesday",7,2,2015,6,5,21,2015,13,6,2,2015,6,11,30,0,1
457165525,"Alix in Wundergarten",1500,"alix-in-wundergarten","GB","GBP",FALSE,"Plays","https://www.kickstarter.com/discover/categories/theater/plays?ref=category_modal&sort=magic",3,2,"Sunday","Monday","Sunday",11,22,2015,16,10,12,2015,4,11,1,2015,12,20,21,1,1.54364105
1233277497,"Voices of Swords",10000,"voices-of-swords","US","USD",FALSE,"Plays","https://www.kickstarter.com/discover/categories/theater/plays?ref=category_modal&sort=magic",3,2,"Wednesday","Tuesday","Sunday",7,16,2014,6,5,6,2014,12,6,1,2014,6,25,45,0,1
634567488,"the southland company - LAUNCH LOS ANGELES",3000,"the-southland-company-launch-los-angeles","US","USD",FALSE,"Plays","https://www.kickstarter.com/discover/categories/theater/plays?ref=category_modal&sort=magic",7,6,"Monday","Thursday","Monday",6,6,2016,2,5,5,2016,20,5,9,2016,19,3,27,0,1
2115673618,"We Were Kings",1500,"we-were-kings","GB","GBP",FALSE,"Plays","https://www.kickstarter.com/discover/categories/theater/plays?ref=category_modal&sort=magic",3,3,"Wednesday","Wednesday","Monday",7,2,2014,10,5,28,2014,15,6,2,2014,10,4,30,0,1.67568745
1551778933,"The Vagabond Halfback",1000,"the-vagabond-halfback","US","USD",FALSE,"Plays","https://www.kickstarter.com/discover/categories/theater/plays?ref=category_modal&sort=magic",3,3,"Friday","Sunday","Tuesday",3,18,2016,15,1,25,2015,12,2,2,2016,15,373,45,0,1
600414687,"'Patagonia' - by Robert George",300,"patagonia-by-robert-george","GB","GBP",FALSE,"Plays","https://www.kickstarter.com/discover/categories/theater/plays?ref=category_modal&sort=magic",5,4,"Saturday","Tuesday","Tuesday",8,13,2016,18,6,14,2016,12,6,14,2016,18,0,60,1,1.41932352
1900739499,"""Vanya and Sonia and Masha and Spike"" by Christopher Durang",10000,"vanya-and-sonia-and-masha-and-spike-by-christopher","US","USD",FALSE,"Plays","https://www.kickstarter.com/discover/categories/theater/plays?ref=category_modal&sort=magic",10,6,"Thursday","Monday","Tuesday",10,13,2016,13,8,8,2016,15,9,13,2016,13,35,30,0,1
1921776307,"THIEF",3000,"thief","US","USD",FALSE,"Plays","https://www.kickstarter.com/discover/categories/theater/plays?ref=category_modal&sort=magic",1,1,"Friday","Saturday","Monday",8,1,2014,1,6,14,2014,15,6,30,2014,23,16,31,0,1
1938110700,"The Impossible Adventures Of Supernova Jones",2000,"the-impossible-adventures-of-supernova-jones","US","USD",FALSE,"Plays","https://www.kickstarter.com/discover/categories/theater/plays?ref=category_modal&sort=magic",6,6,"Wednesday","Tuesday","Monday",2,11,2015,23,11,4,2014,13,1,12,2015,10,68,30,0,1
753651926,"Crooked Tree Theatre Presents Family Duels",2000,"crooked-tree-theatre-presents-family-duels","GB","GBP",FALSE,"Plays","https://www.kickstarter.com/discover/categories/theater/plays?ref=category_modal&sort=magic",6,6,"Sunday","Monday","Wednesday",8,9,2015,11,7,13,2015,8,7,15,2015,10,2,25,1,1.54892752
124803526,"Venus in Fur  Los Angeles.",3000,"venus-in-fur-los-angeles","US","USD",FALSE,"Plays","https://www.kickstarter.com/discover/categories/theater/plays?ref=category_modal&sort=magic",5,4,"Friday","Wednesday","Wednesday",3,20,2015,10,2,18,2015,8,2,18,2015,10,0,30,0,1
1741550692,"""Oh  the Humanity"" at the Tabard Theatre this September",5000,"oh-the-humanity-at-the-tabard-theatre-this-septemb","GB","GBP",FALSE,"Plays","https://www.kickstarter.com/discover/categories/theater/plays?ref=category_modal&sort=magic",9,5,"Saturday","Tuesday","Thursday",5,24,2014,16,4,8,2014,6,4,24,2014,10,16,30,1,1.68318998
1522833705,"""The Secret"" Goes to NYC International Fringe Festival",3000,"the-secret-goes-to-nyc-international-fringe-festiv","US","USD",FALSE,"Plays","https://www.kickstarter.com/discover/categories/theater/plays?ref=category_modal&sort=magic",8,7,"Saturday","Wednesday","Wednesday",8,23,2014,12,7,9,2014,11,7,9,2014,12,0,45,1,1
1519498828,"Send Truth AND Consequences To TNT's 2014 Youth Conference",2800,"send-truth-and-consequences-to-tnts-2014-youth-con","US","USD",FALSE,"Plays","https://www.kickstarter.com/discover/categories/theater/plays?ref=category_modal&sort=magic",9,9,"Tuesday","Monday","Wednesday",6,3,2014,23,5,5,2014,20,5,21,2014,21,16,13,0,1
2075066284,"The March of the Bonus Army",2500,"the-march-of-the-bonus-army","US","USD",FALSE,"Plays","https://www.kickstarter.com/discover/categories/theater/plays?ref=category_modal&sort=magic",6,4,"Sunday","Wednesday","Monday",9,7,2014,22,7,23,2014,9,8,4,2014,19,12,34,1,1
610106635,"A Bright Room Called Day by Tony Kushner",4000,"a-bright-room-called-day-by-tony-kushner","GB","GBP",FALSE,"Plays","https://www.kickstarter.com/discover/categories/theater/plays?ref=category_modal&sort=magic",8,7,"Friday","Wednesday","Wednesday",7,4,2014,6,6,4,2014,13,6,4,2014,14,0,29,0,1.67470525
1347458488,"SPILL - A verbatim show about sex",350,"spill-a-verbatim-show-about-sex","GB","GBP",FALSE,"Plays","https://www.kickstarter.com/discover/categories/theater/plays?ref=category_modal&sort=magic",7,6,"Friday","Thursday","Friday",6,26,2015,16,5,14,2015,9,5,15,2015,14,1,42,0,1.57421561
771149722,"The Laramie Project in Utah County",600,"the-laramie-project-in-utah-county","US","USD",FALSE,"Plays","https://www.kickstarter.com/discover/categories/theater/plays?ref=category_modal&sort=magic",6,5,"Sunday","Thursday","Monday",4,26,2015,1,3,26,2015,1,3,30,2015,13,4,26,1,1
1112228945,"fEast Theatre presents ""Winter '53""  a new play by Rob John",500,"feast-theatre-presents-winter-53-a-new-play-by-rob","GB","GBP",FALSE,"Plays","https://www.kickstarter.com/discover/categories/theater/plays?ref=category_modal&sort=magic",11,9,"Thursday","Monday","Tuesday",3,31,2016,12,2,22,2016,10,3,1,2016,12,8,30,0,1.38509335
479845236,"The Lost Boy (a play)",3400,"the-lost-boy-a-play","US","USD",FALSE,"Plays","https://www.kickstarter.com/discover/categories/theater/plays?ref=category_modal&sort=magic",5,5,"Sunday","Thursday","Friday",12,21,2014,11,11,20,2014,14,11,21,2014,11,0,30,1,1
1852098923,"MENTAL Play short-tour 2015!",200,"mental-play-short-tour-2015","GB","GBP",FALSE,"Plays","https://www.kickstarter.com/discover/categories/theater/plays?ref=category_modal&sort=magic",4,4,"Wednesday","Monday","Tuesday",4,29,2015,18,4,6,2015,13,4,7,2015,14,1,22,0,1.49153776
1846490265,"SHADFLY - NEW PLAY AT THE ARTS PROJECT",1100,"shadfly-new-play-at-the-arts-project","CA","CAD",FALSE,"Plays","https://www.kickstarter.com/discover/categories/theater/plays?ref=category_modal&sort=magic",8,8,"Tuesday","Sunday","Tuesday",8,26,2014,12,8,3,2014,10,8,5,2014,12,2,21,0,0.91559915
1868403981,"Suddenly Split & Swiping Over",3000,"suddenly-split-and-swiping-over","US","USD",FALSE,"Plays","https://www.kickstarter.com/discover/categories/theater/plays?ref=category_modal&sort=magic",5,5,"Friday","Wednesday","Friday",4,29,2016,1,4,20,2016,13,4,22,2016,19,2,6,0,1
1014894092,"Cubs: an Original Work",800,"cubs-an-original-work","US","USD",FALSE,"Plays","https://www.kickstarter.com/discover/categories/theater/plays?ref=category_modal&sort=magic",4,3,"Thursday","Wednesday","Thursday",6,16,2016,0,6,1,2016,16,6,2,2016,0,0,14,0,1
998973684,"""So Amazing"" produced at the Kraine Theater NYC",1000,"so-amazing-produced-at-the-kraine-theater-nyc","US","USD",FALSE,"Plays","https://www.kickstarter.com/discover/categories/theater/plays?ref=category_modal&sort=magic",8,6,"Friday","Sunday","Tuesday",1,15,2016,9,1,3,2016,16,1,5,2016,9,1,10,0,1
2073722586,"The Tulip Tree 2014",3000,"the-tulip-tree-2014","GB","GBP",FALSE,"Plays","https://www.kickstarter.com/discover/categories/theater/plays?ref=category_modal&sort=magic",4,4,"Friday","Sunday","Wednesday",8,8,2014,13,6,15,2014,15,7,9,2014,13,23,30,0,1.71337029
942706707,"""Lifted"" - The Theatre Shed's 10 Year Anniversary Show",2000,"lifted-the-theatre-sheds-10-year-anniversary-show","GB","GBP",FALSE,"Plays","https://www.kickstarter.com/discover/categories/theater/plays?ref=category_modal&sort=magic",9,9,"Friday","Thursday","Monday",2,13,2015,8,11,13,2014,7,12,15,2014,8,32,60,0,1.57170429
1257285669,"Pennywinkle: A New Chicago Comedy",2827,"pennywinkle-a-new-chicago-comedy","US","USD",FALSE,"Plays","https://www.kickstarter.com/discover/categories/theater/plays?ref=category_modal&sort=magic",5,5,"Monday","Sunday","Monday",6,23,2014,13,6,1,2014,14,6,2,2014,8,0,21,0,1
1434657181,"Sylvia (a benefit show)",800,"sylvia-a-benefit-show","US","USD",FALSE,"Plays","https://www.kickstarter.com/discover/categories/theater/plays?ref=category_modal&sort=magic",4,4,"Thursday","Saturday","Tuesday",1,21,2016,15,12,19,2015,17,12,22,2015,15,2,30,0,1
1078472113,"The Island Boys: A New Play",6500,"the-island-boys-a-new-play","US","USD",FALSE,"Plays","https://www.kickstarter.com/discover/categories/theater/plays?ref=category_modal&sort=magic",6,6,"Tuesday","Sunday","Sunday",10,6,2015,17,9,6,2015,15,9,6,2015,17,0,30,0,1
1920429542,"Richard III",2500,"richard-iii","US","USD",FALSE,"Plays","https://www.kickstarter.com/discover/categories/theater/plays?ref=category_modal&sort=magic",2,2,"Friday","Thursday","Friday",11,11,2016,16,10,20,2016,8,10,21,2016,14,1,21,0,1
210209961,"Red and The Wolf: A Prospero Theatre Production",4000,"red-and-the-wolf-a-prospero-theatre-production","GB","GBP",FALSE,"Plays","https://www.kickstarter.com/discover/categories/theater/plays?ref=category_modal&sort=magic",8,7,"Friday","Tuesday","Wednesday",5,6,2016,2,3,29,2016,16,4,6,2016,2,7,30,0,1.42616122
740417261,"Me? A Caregiver?",8000,"me-a-caregiver","US","USD",FALSE,"Plays","https://www.kickstarter.com/discover/categories/theater/plays?ref=category_modal&sort=magic",3,3,"Sunday","Monday","Friday",3,8,2015,11,1,12,2015,15,2,6,2015,11,24,30,1,1
698303421,"Unhinged Creations Presents 'Phantom Pain' - Ed Fringe 2014",5000,"unhinged-creations-presents-phantom-pain-ed-fringe","GB","GBP",FALSE,"Plays","https://www.kickstarter.com/discover/categories/theater/plays?ref=category_modal&sort=magic",9,9,"Sunday","Thursday","Monday",8,3,2014,18,6,19,2014,8,7,7,2014,11,18,27,1,1.71591338
468890621,"Das Ding - A Globetrotting Comedy",2500,"das-ding-a-globetrotting-comedy","GB","GBP",FALSE,"Plays","https://www.kickstarter.com/discover/categories/theater/plays?ref=category_modal&sort=magic",6,6,"Friday","Wednesday","Friday",10,10,2014,16,9,10,2014,6,9,19,2014,1,8,21,0,1.62716983
1674809220,"Shakespearean Youth Theatre (SYT) - The Tempest",1500,"shakespearean-youth-theatre-syt-the-tempest","US","USD",FALSE,"Plays","https://www.kickstarter.com/discover/categories/theater/plays?ref=category_modal&sort=magic",7,7,"Wednesday","Monday","Wednesday",2,25,2015,18,2,16,2015,20,2,18,2015,18,1,7,0,1
1607000735,"Oracle b*sides and Hawkeye Plainview present SUPER-WELLESIAN",1000,"super-wellesian","US","USD",FALSE,"Plays","https://www.kickstarter.com/discover/categories/theater/plays?ref=category_modal&sort=magic",7,6,"Thursday","Tuesday","Tuesday",7,17,2014,23,6,10,2014,16,6,17,2014,23,7,30,0,1
653348204,"Princess Cut: A young girl's reality inside a TN sex ring",10000,"princess-cut-a-young-girls-reality-inside-a-tn-sex","US","USD",FALSE,"Plays","https://www.kickstarter.com/discover/categories/theater/plays?ref=category_modal&sort=magic",11,10,"Wednesday","Monday","Tuesday",7,15,2015,19,9,22,2014,12,6,2,2015,20,253,42,0,1
1254163533,"The Piano Man",1000,"the-piano-man-0","GB","GBP",FALSE,"Plays","https://www.kickstarter.com/discover/categories/theater/plays?ref=category_modal&sort=magic",3,3,"Monday","Wednesday","Saturday",9,29,2014,5,8,27,2014,15,8,30,2014,5,2,30,0,1.65849031
299983556,"Widow's Wedding Dress",250,"widows-wedding-dress","CA","CAD",FALSE,"Plays","https://www.kickstarter.com/discover/categories/theater/plays?ref=category_modal&sort=magic",3,3,"Sunday","Wednesday","Friday",8,7,2016,13,7,6,2016,14,7,8,2016,13,1,30,1,0.77055731
1715555380,"Making the Move--Edinburgh Fringe 2014",7750,"making-the-move-edinburgh-fringe-2014","US","USD",FALSE,"Plays","https://www.kickstarter.com/discover/categories/theater/plays?ref=category_modal&sort=magic",5,4,"Tuesday","Wednesday","Thursday",8,19,2014,11,7,30,2014,2,7,31,2014,13,1,18,0,1
575214744,"All the Best  Jack",1000,"all-the-best-jack","US","USD",FALSE,"Plays","https://www.kickstarter.com/discover/categories/theater/plays?ref=category_modal&sort=magic",4,3,"Sunday","Saturday","Monday",8,24,2014,23,8,2,2014,14,8,4,2014,8,1,20,1,1
1293325820,"Returning Home.",500,"returning-home-0","US","USD",FALSE,"Plays","https://www.kickstarter.com/discover/categories/theater/plays?ref=category_modal&sort=magic",2,2,"Wednesday","Friday","Thursday",8,31,2016,15,7,29,2016,11,8,11,2016,15,13,20,0,1
792711149,"Auf geht's beim Schichtl",30000,"auf-gehts-beim-schichtl","DE","EUR",TRUE,"Plays","https://www.kickstarter.com/discover/categories/theater/plays?ref=category_modal&sort=magic",4,4,"Thursday","Saturday","Tuesday",6,11,2015,13,5,2,2015,5,5,12,2015,13,10,30,0,1.11588835
1706360386,"Picasso at The Lapin Agile  a play by Steve Martin",5000,"picasso-at-the-lapin-agile-a-play-by-steve-martin","US","USD",FALSE,"Plays","https://www.kickstarter.com/discover/categories/theater/plays?ref=category_modal&sort=magic",10,7,"Sunday","Tuesday","Thursday",3,22,2015,22,1,20,2015,10,2,5,2015,22,16,45,1,1
164245515,"Elektra Bekent - Afstudeervoorstelling",850,"elektra-bekent-afstudeervoorstelling","NL","EUR",FALSE,"Plays","https://www.kickstarter.com/discover/categories/theater/plays?ref=category_modal&sort=magic",4,4,"Saturday","Tuesday","Tuesday",1,24,2015,6,11,25,2014,9,11,25,2014,10,0,59,1,1.23915584
556194688,"Verge of Strife - The life and poetry of Rupert Brooke",4000,"verge-of-strife-the-life-and-poetry-of-rupert-broo","GB","GBP",FALSE,"Plays","https://www.kickstarter.com/discover/categories/theater/plays?ref=category_modal&sort=magic",11,8,"Sunday","Sunday","Monday",7,17,2016,5,6,19,2016,12,6,27,2016,5,7,20,1,1.36674945
1037068258,"""Skip To My Lou "" a NEW play by Steve Romagnoli",10000,"skip-to-my-lou-a-new-play-by-steve-romagnoli","US","USD",FALSE,"Plays","https://www.kickstarter.com/discover/categories/theater/plays?ref=category_modal&sort=magic",10,8,"Friday","Tuesday","Friday",2,5,2016,22,12,29,2015,18,1,1,2016,15,2,35,0,1
960600316,"The Wedding",400,"the-wedding","US","USD",FALSE,"Plays","https://www.kickstarter.com/discover/categories/theater/plays?ref=category_modal&sort=magic",2,2,"Friday","Tuesday","Wednesday",3,13,2015,19,2,10,2015,12,2,11,2015,19,1,30,0,1
253000861,"An Original Theater Play Entitled ""The Art of Love""",3000,"an-original-theater-play-entitled-the-art-of-love","US","USD",FALSE,"Plays","https://www.kickstarter.com/discover/categories/theater/plays?ref=category_modal&sort=magic",9,8,"Sunday","Sunday","Friday",1,11,2015,4,11,23,2014,15,12,12,2014,4,18,30,1,1
1320279085,"the Savannah Disputation",2000,"the-savannah-disputation","US","USD",FALSE,"Plays","https://www.kickstarter.com/discover/categories/theater/plays?ref=category_modal&sort=magic",3,2,"Friday","Tuesday","Friday",8,8,2014,22,7,8,2014,8,7,11,2014,12,3,28,0,1
993183900,"CAYCE",12000,"cayce","US","USD",FALSE,"Plays","https://www.kickstarter.com/discover/categories/theater/plays?ref=category_modal&sort=magic",1,1,"Sunday","Sunday","Friday",10,11,2015,10,4,19,2015,17,9,11,2015,10,144,29,1,1
1620796592,"An Interview With Gaddafi - The Stage Play",1850,"an-interview-with-gaddafi-the-stage-play","GB","GBP",FALSE,"Plays","https://www.kickstarter.com/discover/categories/theater/plays?ref=category_modal&sort=magic",8,8,"Monday","Wednesday","Saturday",5,19,2014,6,4,2,2014,16,4,26,2014,6,23,23,0,1.68057906
1751728848,"A Time Pirate's Love",17600,"a-time-pirates-love","US","USD",FALSE,"Plays","https://www.kickstarter.com/discover/categories/theater/plays?ref=category_modal&sort=magic",4,4,"Friday","Tuesday","Tuesday",7,29,2016,18,6,28,2016,18,6,28,2016,20,0,30,0,1
1884101448,"Yada.Yada.Yada. An Unauthorized Seinfeld Event. 9 in 90",28000,"yadayadayada-an-unauthorized-seinfeld-event-9-in-9","US","USD",FALSE,"Plays","https://www.kickstarter.com/discover/categories/theater/plays?ref=category_modal&sort=magic",8,7,"Friday","Sunday","Monday",7,8,2016,18,3,13,2016,12,5,23,2016,18,71,46,0,1
1644645406,"New Edinburgh play",5000,"new-edinburgh-play","GB","GBP",FALSE,"Plays","https://www.kickstarter.com/discover/categories/theater/plays?ref=category_modal&sort=magic",3,3,"Thursday","Tuesday","Wednesday",5,8,2014,16,4,15,2014,14,4,16,2014,16,1,22,0,1.67170686
2111511552,"Ghost Pirate Cruise on the Hudson Sept. 3rd",2825,"ghost-pirate-cruise-on-the-hudson","US","USD",FALSE,"Plays","https://www.kickstarter.com/discover/categories/theater/plays?ref=category_modal&sort=magic",8,6,"Sunday","Saturday","Friday",8,28,2016,22,8,6,2016,20,8,19,2016,15,12,9,1,1
393128129,"GCU Follow Your Dreams Production",15000,"gcu-follow-your-dreams-production","US","USD",FALSE,"Plays","https://www.kickstarter.com/discover/categories/theater/plays?ref=category_modal&sort=magic",5,5,"Sunday","Tuesday","Friday",4,17,2016,15,3,15,2016,10,3,18,2016,15,3,30,1,1
337875406,"Not making potato salad here!",300,"helping-my-son-see-the-last-play-that-his-father-i","CA","CAD",FALSE,"Plays","https://www.kickstarter.com/discover/categories/theater/plays?ref=category_modal&sort=magic",5,5,"Thursday","Wednesday","Wednesday",11,20,2014,16,11,5,2014,8,11,5,2014,16,0,15,0,0.88190654
670576336,"Secret of Shahrazad (World Premier)",3750,"secret-of-shahrazad-world-premier","US","USD",FALSE,"Plays","https://www.kickstarter.com/discover/categories/theater/plays?ref=category_modal&sort=magic",5,4,"Thursday","Tuesday","Wednesday",3,31,2016,22,2,23,2016,20,3,16,2016,20,21,15,0,1
714475823,"WANTS (We Are Not The Same)",3000,"wants-we-are-not-the-same","IT","EUR",FALSE,"Plays","https://www.kickstarter.com/discover/categories/theater/plays?ref=category_modal&sort=magic",6,6,"Sunday","Tuesday","Friday",10,9,2016,5,7,12,2016,4,9,9,2016,5,59,30,1,1.12536574
8259384,"The 'Theater of Community' Tour",1600,"the-theater-of-community-tour","US","USD",FALSE,"Plays","https://www.kickstarter.com/discover/categories/theater/plays?ref=category_modal&sort=magic",5,4,"Friday","Thursday","Wednesday",1,16,2015,6,1,31,2013,13,12,17,2014,6,684,30,0,1
903891293,"The Grouch Who Couldn't Steal Christmas",2500,"the-grouch-who-couldnt-steal-christmas","GB","GBP",FALSE,"Plays","https://www.kickstarter.com/discover/categories/theater/plays?ref=category_modal&sort=magic",6,6,"Saturday","Tuesday","Tuesday",8,22,2015,14,6,23,2015,9,6,23,2015,14,0,60,1,1.58873397
922345146,"America is at the Mall: A Play in Three Acts",270,"america-is-at-the-mall-a-play-in-three-acts","US","USD",FALSE,"Plays","https://www.kickstarter.com/discover/categories/theater/plays?ref=category_modal&sort=magic",10,6,"Friday","Tuesday","Tuesday",10,24,2014,21,10,14,2014,20,10,14,2014,21,0,10,0,1
489010822,"Young blind actors have a life-changing opportunity!",15000,"young-blind-actors-have-a-life-changing-opportunit","US","USD",FALSE,"Plays","https://www.kickstarter.com/discover/categories/theater/plays?ref=category_modal&sort=magic",7,5,"Wednesday","Wednesday","Wednesday",7,1,2015,1,2,4,2015,17,6,3,2015,14,118,27,0,1
715747133,"The Container Play",7500,"the-container-play","US","USD",FALSE,"Plays","https://www.kickstarter.com/discover/categories/theater/plays?ref=category_modal&sort=magic",3,3,"Monday","Sunday","Monday",9,12,2016,11,8,28,2016,22,8,29,2016,1,0,14,0,1
856506951,"a feminine ending  brought to you by the East End Theatre Co",2000,"a-feminine-ending","US","USD",FALSE,"Plays","https://www.kickstarter.com/discover/categories/theater/plays?ref=category_modal&sort=magic",12,7,"Tuesday","Thursday","Tuesday",3,22,2016,22,1,28,2016,22,2,2,2016,16,4,49,0,1
628688788,"MY PRIVATE REVOLUTION",50000,"my-private-revolution","US","USD",FALSE,"Plays","https://www.kickstarter.com/discover/categories/theater/plays?ref=category_modal&sort=magic",3,3,"Tuesday","Wednesday","Tuesday",7,1,2014,1,3,19,2014,9,5,20,2014,10,62,41,0,1
811453464,"Final exam",2000,"final-exam","DK","DKK",FALSE,"Plays","https://www.kickstarter.com/discover/categories/theater/plays?ref=category_modal&sort=magic",2,2,"Friday","Sunday","Wednesday",6,3,2016,6,2,21,2016,14,5,4,2016,6,72,30,0,0.15485332
673204179,"Mrs Roosevelt Flies to London UK tour",11500,"mrs-roosevelt-flies-to-london-uk-tour","GB","GBP",FALSE,"Plays","https://www.kickstarter.com/discover/categories/theater/plays?ref=category_modal&sort=magic",7,6,"Thursday","Thursday","Thursday",4,9,2015,18,3,12,2015,6,3,12,2015,18,0,28,0,1.50779303
925302082,"THE MAGIC OF LAUGHTER WITH REGGIE RICE'S #TEAMDREAMERS",15000,"the-magic-of-laughter-with-reggie-rices-teamdreame","US","USD",FALSE,"Plays","https://www.kickstarter.com/discover/categories/theater/plays?ref=category_modal&sort=magic",8,8,"Thursday","Monday","Tuesday",6,26,2014,18,5,19,2014,14,5,27,2014,18,8,30,0,1
1803538433,"Caryl Churchill's 'Top Girls' - NSW HSC Text",5000,"caryl-churchills-top-girls-nsw-hsc-text","AU","AUD",FALSE,"Plays","https://www.kickstarter.com/discover/categories/theater/plays?ref=category_modal&sort=magic",8,8,"Friday","Wednesday","Wednesday",12,26,2014,20,11,26,2014,18,11,26,2014,20,0,30,0,0.85788088
45158762,"RAIN | a theatrical production of life-changing proportions",10000,"rain-a-theatrical-production-of-life-changing-prop","US","USD",FALSE,"Plays","https://www.kickstarter.com/discover/categories/theater/plays?ref=category_modal&sort=magic",8,6,"Tuesday","Friday","Wednesday",8,12,2014,13,7,12,2013,14,7,23,2014,13,375,20,0,1
2055851447,"STAGE READING for TETCNY",600,"stage-reading-for-tetcny","US","USD",FALSE,"Plays","https://www.kickstarter.com/discover/categories/theater/plays?ref=category_modal&sort=magic",4,3,"Friday","Tuesday","Thursday",1,29,2016,17,1,3,2012,9,12,31,2015,18,1458,28,0,1
427788313,"Equality Theatre",50000,"equality-theatre","US","USD",FALSE,"Plays","https://www.kickstarter.com/discover/categories/theater/plays?ref=category_modal&sort=magic",2,2,"Tuesday","Thursday","Friday",9,9,2014,11,7,10,2014,1,7,11,2014,11,1,60,0,1
492062225,"'Haunting Julia' by Alan Ayckbourn",2500,"haunting-julia-by-alan-ayckbourn","GB","GBP",FALSE,"Plays","https://www.kickstarter.com/discover/categories/theater/plays?ref=category_modal&sort=magic",5,4,"Friday","Wednesday","Wednesday",7,17,2015,8,6,17,2015,8,6,17,2015,9,0,29,0,1.56094881
497921779,"America is at the Mall: A Post 9/11 Happily  Never After",5000,"america-is-at-the-mall-a-post-9-11-military-love-s","US","USD",FALSE,"Plays","https://www.kickstarter.com/discover/categories/theater/plays?ref=category_modal&sort=magic",11,8,"Friday","Thursday","Wednesday",5,16,2014,23,12,5,2013,16,4,16,2014,23,132,30,0,1
1049023038,"Life ain't easy!",2500,"life-aint-easy","US","USD",FALSE,"Plays","https://www.kickstarter.com/discover/categories/theater/plays?ref=category_modal&sort=magic",3,3,"Saturday","Monday","Wednesday",8,23,2014,11,7,7,2014,5,7,9,2014,11,2,45,1,1
1519619799,"Love is Patient Christian Stage Play",500,"love-is-patient-christian-stage-play","US","USD",FALSE,"Plays","https://www.kickstarter.com/discover/categories/theater/plays?ref=category_modal&sort=magic",6,5,"Thursday","Friday","Tuesday",2,26,2015,18,1,23,2015,22,1,27,2015,18,3,30,0,1
534588812,"Winston Wilson's ""Super Loser!""",30000,"winston-wilsons-super-loser","US","USD",FALSE,"Plays","https://www.kickstarter.com/discover/categories/theater/plays?ref=category_modal&sort=magic",4,4,"Tuesday","Sunday","Saturday",4,19,2016,17,2,28,2016,10,3,5,2016,17,6,45,0,1
1296355749,"If You're Reading This It's Too Late: The Musical (Canceled)",1000,"if-youre-reading-this-its-too-late-the-musical","US","USD",FALSE,"Plays","https://www.kickstarter.com/discover/categories/theater/plays?ref=category_modal&sort=magic",10,10,"Sunday","Thursday","Friday",12,13,2015,14,11,5,2015,18,11,6,2015,14,0,36,1,1
724265434,"Marching on Together at the Old Red Lion Theatre (Canceled)",6000,"marching-on-together-at-the-old-red-lion-theatre","GB","GBP",FALSE,"Plays","https://www.kickstarter.com/discover/categories/theater/plays?ref=category_modal&sort=magic",10,7,"Sunday","Wednesday","Tuesday",12,28,2014,18,11,12,2014,4,11,18,2014,18,6,40,1,1.57201066
510796504,"Cold Piece of Werk (Canceled)",25000,"cold-piece-of-werk","US","USD",FALSE,"Plays","https://www.kickstarter.com/discover/categories/theater/plays?ref=category_modal&sort=magic",5,4,"Monday","Wednesday","Friday",2,16,2015,21,7,23,2014,18,1,2,2015,21,163,45,0,1
1902800387,"We Have To Go Back: Lost The Musical",8150,"we-have-to-go-back-a-lost-parody-musical","US","USD",TRUE,"Musical","https://www.kickstarter.com/discover/categories/theater/musical?ref=category_modal&sort=magic",8,8,"Thursday","Friday","Tuesday",8,21,2014,10,6,13,2014,20,7,22,2014,10,38,30,0,1
629747233,"The Rising Star Project (Documentary)",10000,"the-rising-star-project-documentary","US","USD",TRUE,"Musical","https://www.kickstarter.com/discover/categories/theater/musical?ref=category_modal&sort=magic",5,5,"Tuesday","Friday","Tuesday",3,10,2015,1,2,6,2015,16,2,10,2015,13,3,27,0,1
1721838399,"Bronies! The Musical",15000,"bronies-the-musical","US","USD",TRUE,"Musical","https://www.kickstarter.com/discover/categories/theater/musical?ref=category_modal&sort=magic",3,3,"Tuesday","Wednesday","Thursday",9,9,2014,23,8,6,2014,0,8,14,2014,11,8,26,0,1
662496926,"The Monster of Phantom Lake: The Musical!",2500,"the-monster-of-phantom-lake-the-musical","US","USD",TRUE,"Musical","https://www.kickstarter.com/discover/categories/theater/musical?ref=category_modal&sort=magic",7,6,"Sunday","Tuesday","Thursday",1,10,2016,17,11,3,2015,18,12,10,2015,0,36,31,1,1
2005355887,"Burning Man: The Musical",5000,"burning-man-the-musical","US","USD",TRUE,"Musical","https://www.kickstarter.com/discover/categories/theater/musical?ref=category_modal&sort=magic",4,4,"Sunday","Wednesday","Tuesday",4,5,2015,11,2,25,2015,13,3,3,2015,11,5,32,1,1
937842889,"AS THE MATZO BALL TURNS ~ THE MUSICAL",19250,"as-the-matzo-ball-turns-the-musical","US","USD",TRUE,"Musical","https://www.kickstarter.com/discover/categories/theater/musical?ref=category_modal&sort=magic",8,8,"Friday","Thursday","Monday",5,15,2015,0,2,6,2014,15,3,16,2015,0,402,60,0,1
944663508,"Support Young Activist in The Liberty Tree",850,"support-young-activist-in-the-liberty-tree","GB","GBP",TRUE,"Musical","https://www.kickstarter.com/discover/categories/theater/musical?ref=category_modal&sort=magic",7,6,"Saturday","Monday","Wednesday",6,20,2015,8,6,8,2015,8,6,10,2015,7,1,10,1,1.53546148
1549148001,"100 Heartbreaks — A New  Old-School Country Musical Play",6000,"100-heartbreaks-a-new-old-school-country-musical-p","US","USD",TRUE,"Musical","https://www.kickstarter.com/discover/categories/theater/musical?ref=category_modal&sort=magic",9,9,"Friday","Monday","Thursday",11,21,2014,22,10,27,2014,9,10,30,2014,7,2,22,0,1
973258116,"The Waterman: A Forgotten Cascadian Myth",3500,"the-waterman-a-forgotten-cascadian-myth","US","USD",TRUE,"Musical","https://www.kickstarter.com/discover/categories/theater/musical?ref=category_modal&sort=magic",6,6,"Wednesday","Friday","Monday",5,25,2016,22,4,29,2016,10,5,2,2016,16,3,23,0,1
1940431686,"New Musical ""My Lives Inside"" about Mental Illness",7500,"new-musical-my-lives-inside-about-mental-illness","US","USD",FALSE,"Musical","https://www.kickstarter.com/discover/categories/theater/musical?ref=category_modal&sort=magic",8,7,"Thursday","Thursday","Sunday",10,29,2015,16,8,27,2015,17,8,30,2015,16,2,60,0,1
1445153376,"Deaf West Theatre's Spring Awakening Tony Performance",2e+05,"deaf-west-theatres-spring-awakening-tony-performan","US","USD",TRUE,"Musical","https://www.kickstarter.com/discover/categories/theater/musical?ref=category_modal&sort=magic",7,7,"Saturday","Thursday","Monday",6,11,2016,22,5,19,2016,16,5,23,2016,18,4,19,1,1
71486722,"Songs of the Fall",6000,"songs-of-the-fall","US","USD",FALSE,"Musical","https://www.kickstarter.com/discover/categories/theater/musical?ref=category_modal&sort=magic",4,2,"Thursday","Sunday","Tuesday",5,21,2015,1,4,19,2015,14,4,21,2015,1,1,30,0,1
299420952,"Help end drunk driving with ""Afraid of Karma"" at the Fringe!",10000,"help-send-afraid-of-karma-to-the-hollywood-fringe","US","USD",FALSE,"Musical","https://www.kickstarter.com/discover/categories/theater/musical?ref=category_modal&sort=magic",11,7,"Friday","Friday","Monday",5,1,2015,1,3,21,2014,18,3,16,2015,10,359,45,0,1
895370271,"Footlights presents Evita",1000,"footlights-presents-evita","GB","GBP",FALSE,"Musical","https://www.kickstarter.com/discover/categories/theater/musical?ref=category_modal&sort=magic",3,3,"Sunday","Sunday","Thursday",1,4,2015,12,11,16,2014,8,11,20,2014,12,4,44,1,1.56072468
1085493447,"Thumbelina - collaborative multicultural children's musical",5000,"thumbelina-collaborative-multicultural-childrens-m","US","USD",FALSE,"Musical","https://www.kickstarter.com/discover/categories/theater/musical?ref=category_modal&sort=magic",6,6,"Monday","Wednesday","Saturday",7,4,2016,13,5,25,2016,21,6,4,2016,13,9,30,0,1
713899801,"The Watersong: The orchestrated CD sessions!",5000,"the-watersong-the-orchestrated-cd-sessions","US","USD",FALSE,"Musical","https://www.kickstarter.com/discover/categories/theater/musical?ref=category_modal&sort=magic",6,6,"Sunday","Monday","Friday",7,27,2014,18,3,3,2014,19,6,27,2014,18,115,30,1,1
2028157903,"HPCP Does The Musical of Musicals (The Musical!)",3500,"hpcp-does-a-musical-of-musicals-the-musical","US","USD",FALSE,"Musical","https://www.kickstarter.com/discover/categories/theater/musical?ref=category_modal&sort=magic",8,7,"Thursday","Saturday","Tuesday",3,12,2015,8,1,17,2015,19,2,10,2015,8,23,30,0,1
292806649,"The Last Berplonza  new musical by Tim Parker & Edison Hong",4000,"the-last-berplonza-new-musical-by-tim-parker-and-e","US","USD",FALSE,"Musical","https://www.kickstarter.com/discover/categories/theater/musical?ref=category_modal&sort=magic",11,10,"Saturday","Thursday","Friday",1,23,2016,22,12,31,2015,10,1,8,2016,16,8,15,1,1
1030615968,"Martha Cipolla for President!: The Musical",3500,"martha-cipolla-for-president-the-musical","US","USD",FALSE,"Musical","https://www.kickstarter.com/discover/categories/theater/musical?ref=category_modal&sort=magic",6,5,"Thursday","Tuesday","Tuesday",1,12,2017,22,12,6,2016,22,12,13,2016,22,7,30,0,1
603857467,"""The Man Who Saved Christmas"" Original Studio Cast Album",4500,"the-man-who-saved-christmas-original-studio-cast-a","US","USD",FALSE,"Musical","https://www.kickstarter.com/discover/categories/theater/musical?ref=category_modal&sort=magic",9,9,"Tuesday","Friday","Thursday",10,28,2014,13,10,3,2014,0,10,16,2014,12,13,12,0,1
1453083076,"RENT The Musical - Liverpool",600,"rent-the-musical-liverpool","GB","GBP",FALSE,"Musical","https://www.kickstarter.com/discover/categories/theater/musical?ref=category_modal&sort=magic",5,5,"Friday","Thursday","Monday",1,29,2016,1,9,24,2015,3,11,30,2015,13,67,59,0,1.503357
364055991,"Keep It Spinning.",4000,"keep-it-spinning","US","USD",FALSE,"Musical","https://www.kickstarter.com/discover/categories/theater/musical?ref=category_modal&sort=magic",3,3,"Friday","Friday","Wednesday",1,30,2015,10,11,21,2014,14,12,31,2014,10,39,30,0,1
84634138,"New York City Children's Theater 2015-16 Season",10000,"new-york-city-childrens-theater-2015-16-season","US","USD",FALSE,"Musical","https://www.kickstarter.com/discover/categories/theater/musical?ref=category_modal&sort=magic",7,7,"Tuesday","Monday","Thursday",6,30,2015,22,6,1,2015,12,6,4,2015,11,2,26,0,1
1215903823,"The Yellow Brick Road to Sing Sing",9500,"the-yellow-brick-road-to-sing-sing","US","USD",FALSE,"Musical","https://www.kickstarter.com/discover/categories/theater/musical?ref=category_modal&sort=magic",7,6,"Saturday","Friday","Thursday",5,30,2015,14,3,20,2015,12,4,30,2015,14,41,30,1,1
823060285,"Dante's Capstone Project: Who am I?",500,"dantes-capstone-project-who-am-i","US","USD",FALSE,"Musical","https://www.kickstarter.com/discover/categories/theater/musical?ref=category_modal&sort=magic",6,5,"Thursday","Monday","Monday",4,28,2016,22,3,28,2016,21,3,28,2016,22,0,31,0,1
301852363,"Song of the Sea",5000,"song-of-the-sea","US","USD",FALSE,"Musical","https://www.kickstarter.com/discover/categories/theater/musical?ref=category_modal&sort=magic",4,2,"Monday","Friday","Thursday",5,5,2014,7,4,4,2014,23,4,10,2014,7,5,25,0,1
967207980,"Love Quirks",10000,"love-quirks","US","USD",FALSE,"Musical","https://www.kickstarter.com/discover/categories/theater/musical?ref=category_modal&sort=magic",2,2,"Wednesday","Wednesday","Thursday",7,30,2014,23,5,28,2014,23,6,5,2014,16,7,55,0,1
100551656,"Daniel: an Ordinary Tragedy: a new musical",1000,"daniel-an-ordinary-tragedy-a-new-musical","US","USD",FALSE,"Musical","https://www.kickstarter.com/discover/categories/theater/musical?ref=category_modal&sort=magic",7,5,"Monday","Sunday","Sunday",5,4,2015,10,3,29,2015,10,3,29,2015,15,0,35,0,1
1166288755,"Self-Fulfilling Prophecy: An Original MN Fringe 2014 Musical",1500,"self-fulfilling-prophecy-an-original-mn-fringe-201","US","USD",FALSE,"Musical","https://www.kickstarter.com/discover/categories/theater/musical?ref=category_modal&sort=magic",8,8,"Wednesday","Friday","Tuesday",7,16,2014,2,5,2,2014,14,7,1,2014,2,59,15,0,1
697246234,"UKIP! The Musical",10000,"ukip-the-musical","GB","GBP",FALSE,"Musical","https://www.kickstarter.com/discover/categories/theater/musical?ref=category_modal&sort=magic",3,3,"Thursday","Wednesday","Thursday",7,30,2015,15,7,8,2015,8,7,9,2015,12,1,21,0,1.54385315
735377166,"The Last Five Years Distinction Project",1100,"the-last-five-years-distinction-project","US","USD",FALSE,"Musical","https://www.kickstarter.com/discover/categories/theater/musical?ref=category_modal&sort=magic",6,6,"Friday","Tuesday","Wednesday",4,15,2016,9,3,15,2016,20,3,16,2016,9,0,30,0,1
2112944759,"Dundee: A Hip-Hopera",5000,"dundee-a-hip-hopera","US","USD",FALSE,"Musical","https://www.kickstarter.com/discover/categories/theater/musical?ref=category_modal&sort=magic",3,3,"Monday","Friday","Wednesday",11,14,2016,20,10,7,2016,20,10,12,2016,19,4,33,0,1
1199279020,"Mabel Moon Goes to Earth!",2500,"mabel-moon-goes-to-earth","CA","CAD",FALSE,"Musical","https://www.kickstarter.com/discover/categories/theater/musical?ref=category_modal&sort=magic",5,4,"Thursday","Friday","Tuesday",4,9,2015,14,3,20,2015,9,3,24,2015,14,4,16,0,0.79449573
1721238246,"Musical ""Enchanted by a Spell""",300,"musical-enchanted-by-a-spell","US","USD",FALSE,"Musical","https://www.kickstarter.com/discover/categories/theater/musical?ref=category_modal&sort=magic",5,3,"Thursday","Tuesday","Wednesday",3,5,2015,11,1,27,2015,16,2,18,2015,11,21,15,0,1
1363823965,"Clara and the Beef",50000,"clara-and-the-beef","US","USD",TRUE,"Musical","https://www.kickstarter.com/discover/categories/theater/musical?ref=category_modal&sort=magic",4,2,"Saturday","Thursday","Tuesday",4,11,2015,12,1,15,2015,16,2,10,2015,12,25,60,1,1
509288603,"Forte - The Toronto Men's Chorus Presents ""All Is Calm""",3000,"orte-the-toronto-mens-chorus-presents-all-is-calm","CA","CAD",TRUE,"Musical","https://www.kickstarter.com/discover/categories/theater/musical?ref=category_modal&sort=magic",10,10,"Tuesday","Tuesday","Tuesday",11,25,2014,18,10,7,2014,13,10,28,2014,20,21,27,0,0.8909694
428092973,"Funding musicians for our spring play: The Drowsy Chaperone",1200,"funding-musicians-for-our-spring-play-the-drowsy-c","US","USD",FALSE,"Musical","https://www.kickstarter.com/discover/categories/theater/musical?ref=category_modal&sort=magic",9,7,"Friday","Thursday","Saturday",4,10,2015,0,3,12,2015,15,3,21,2015,0,8,20,0,1
1080024296,"Ces Beauty Rocks Vegas 'The Play'",15000,"ces-beauty-rocks-vegas-the-play","US","USD",FALSE,"Musical","https://www.kickstarter.com/discover/categories/theater/musical?ref=category_modal&sort=magic",6,6,"Friday","Sunday","Wednesday",3,6,2015,18,2,1,2015,16,2,4,2015,18,3,30,0,1
109178441,"WHAT'S A NICE JEWISH GIRL DOING IN A PLACE LIKE THIS?",75000,"whats-a-nice-jewish-girl-doing-in-a-place-like-thi","US","USD",FALSE,"Musical","https://www.kickstarter.com/discover/categories/theater/musical?ref=category_modal&sort=magic",11,11,"Wednesday","Monday","Wednesday",12,23,2015,10,7,20,2015,13,11,25,2015,10,127,27,0,1
461216448,"ODEON CABARET",7e+06,"odeon-cabaret","IT","EUR",FALSE,"Musical","https://www.kickstarter.com/discover/categories/theater/musical?ref=category_modal&sort=magic",2,2,"Monday","Friday","Thursday",10,26,2015,10,8,21,2015,4,8,27,2015,10,6,60,0,1.15277363
2105844945,"cbp:LLC Presents: Carrie The Horror Musical",2000,"cbp-llc-presents-carrie-the-horror-musical","US","USD",FALSE,"Musical","https://www.kickstarter.com/discover/categories/theater/musical?ref=category_modal&sort=magic",6,6,"Sunday","Monday","Wednesday",8,2,2015,22,7,13,2015,7,7,15,2015,20,2,18,1,1
565628226,"Blast From the Past",1e+05,"blast-from-the-past","US","USD",FALSE,"Musical","https://www.kickstarter.com/discover/categories/theater/musical?ref=category_modal&sort=magic",4,3,"Sunday","Tuesday","Wednesday",12,13,2015,14,10,13,2015,10,10,14,2015,14,1,60,1,1
254236948,"Mary's Son",3500,"marys-son","US","USD",FALSE,"Musical","https://www.kickstarter.com/discover/categories/theater/musical?ref=category_modal&sort=magic",2,2,"Wednesday","Wednesday","Monday",4,20,2016,16,12,2,2015,10,3,21,2016,16,110,30,0,1
13816941,"My own musical",700,"my-own-musical","DE","EUR",FALSE,"Musical","https://www.kickstarter.com/discover/categories/theater/musical?ref=category_modal&sort=magic",3,2,"Monday","Tuesday","Tuesday",11,30,2015,11,10,6,2015,10,10,20,2015,14,14,40,0,1.13639205
1471206185,"Broadway in the Mountains!! A Summer Theater Intensive!",5000,"broadway-in-the-mountains-a-summer-theater-intensi","US","USD",FALSE,"Musical","https://www.kickstarter.com/discover/categories/theater/musical?ref=category_modal&sort=magic",8,6,"Friday","Wednesday","Tuesday",7,8,2016,12,5,4,2016,10,6,7,2016,18,34,30,0,1
140787515,"Sync or Swim",2000,"sync-or-swim","US","USD",FALSE,"Musical","https://www.kickstarter.com/discover/categories/theater/musical?ref=category_modal&sort=magic",3,2,"Saturday","Tuesday","Thursday",6,14,2014,18,5,13,2014,17,5,15,2014,18,2,30,1,1
245045779,"Dixon Place Presents ""Upping My Numbers"" A New Musical",20000,"dixon-place-presents-upping-my-numbers-a-new-music","US","USD",FALSE,"Musical","https://www.kickstarter.com/discover/categories/theater/musical?ref=category_modal&sort=magic",9,9,"Thursday","Sunday","Wednesday",7,14,2016,11,1,17,2016,21,6,22,2016,11,156,22,0,1
86298848,"Music For Shakespeare",5899,"music-for-shakespeare","US","USD",FALSE,"Musical","https://www.kickstarter.com/discover/categories/theater/musical?ref=category_modal&sort=magic",3,3,"Wednesday","Saturday","Monday",12,3,2014,19,6,30,2012,13,11,3,2014,19,856,30,0,1
1578826342,"Jake Mendes: Lady Songs",2500,"jake-mendes-lady-songs","US","USD",FALSE,"Musical","https://www.kickstarter.com/discover/categories/theater/musical?ref=category_modal&sort=magic",4,4,"Wednesday","Tuesday","Friday",7,30,2014,6,5,13,2014,15,6,20,2014,6,37,40,0,1
1536238038,"All Aboard Cast Recording",10000,"all-aboard-cast-recording","GB","GBP",FALSE,"Musical","https://www.kickstarter.com/discover/categories/theater/musical?ref=category_modal&sort=magic",4,4,"Monday","Sunday","Tuesday",12,12,2016,6,10,30,2016,10,11,8,2016,4,8,34,0,1.24569767
2081692991,"Bringing The Music Back To the Opera House",50000,"bringing-the-music-back-to-the-opera-house","US","USD",FALSE,"Musical","https://www.kickstarter.com/discover/categories/theater/musical?ref=category_modal&sort=magic",8,7,"Sunday","Tuesday","Friday",7,26,2015,7,6,23,2015,21,6,26,2015,7,2,30,1,1
232300928,"""The Lion of Time"" ballet presentation. A modern classic!",4990,"the-lion-of-time-ballet-presentation-a-modern-clas","US","USD",FALSE,"Musical","https://www.kickstarter.com/discover/categories/theater/musical?ref=category_modal&sort=magic",9,8,"Saturday","Sunday","Thursday",2,20,2016,16,1,17,2016,20,1,21,2016,16,3,30,1,1
1853957422,"Support Children and Adult Theater at The Main Stage  Inc.",10000,"support-children-and-adult-theater-at-the-main-sta","US","USD",FALSE,"Musical","https://www.kickstarter.com/discover/categories/theater/musical?ref=category_modal&sort=magic",10,8,"Wednesday","Thursday","Monday",3,4,2015,13,1,1,2015,18,2,2,2015,13,31,30,0,1
1351413171,"""In My Own Eye"" (the Re-Launch Campaign)",5000,"in-my-own-eye-the-re-launch-campaign","US","USD",FALSE,"Musical","https://www.kickstarter.com/discover/categories/theater/musical?ref=category_modal&sort=magic",7,7,"Thursday","Monday","Thursday",10,20,2016,22,9,19,2016,21,9,22,2016,10,2,28,0,1
1826345015,"'Pineapple Poll' with 'The Zoo'",2600,"pineapple-poll-with-the-zoo","US","USD",FALSE,"Musical","https://www.kickstarter.com/discover/categories/theater/musical?ref=category_modal&sort=magic",5,4,"Tuesday","Thursday","Tuesday",5,26,2015,19,4,16,2015,19,4,21,2015,19,4,35,0,1
588052515,"Insomnia: A New Musical",4000,"insomnia-a-new-musical","US","USD",FALSE,"Musical","https://www.kickstarter.com/discover/categories/theater/musical?ref=category_modal&sort=magic",4,4,"Wednesday","Thursday","Monday",7,13,2016,23,5,19,2016,0,6,13,2016,23,25,30,0,1
1786107001,"Notes of Hope-The Musical",20000,"notes-of-hope-the-musical","US","USD",FALSE,"Musical","https://www.kickstarter.com/discover/categories/theater/musical?ref=category_modal&sort=magic",4,3,"Tuesday","Tuesday","Sunday",8,25,2015,8,7,21,2015,14,7,26,2015,8,4,30,0,1
1529115421,"99 - A Rock Opera",10000,"99-a-rock-opera","US","USD",FALSE,"Musical","https://www.kickstarter.com/discover/categories/theater/musical?ref=category_modal&sort=magic",5,5,"Thursday","Thursday","Saturday",7,21,2016,18,5,5,2016,14,6,11,2016,10,36,40,0,1
904280081,"Sinatra Centenary Theater Show",15000,"sinatra-centenary-theater-show","GB","GBP",FALSE,"Musical","https://www.kickstarter.com/discover/categories/theater/musical?ref=category_modal&sort=magic",4,4,"Tuesday","Wednesday","Friday",6,24,2014,3,4,23,2014,7,4,25,2014,3,1,60,0,1.6785818
2101367025,"Broadway Arts Lab Company presents Elf JR: The Musical",30000,"broadway-arts-lab-company-presents-elf-jr-the-musi","US","USD",FALSE,"Musical","https://www.kickstarter.com/discover/categories/theater/musical?ref=category_modal&sort=magic",9,9,"Tuesday","Thursday","Wednesday",11,17,2015,14,10,1,2015,16,10,14,2015,14,12,34,0,1
2124874736,"Amahl and the Night Visitors: A One-Act Opera",20000,"amahl-and-the-night-visitors-a-one-act-opera","US","USD",FALSE,"Musical","https://www.kickstarter.com/discover/categories/theater/musical?ref=category_modal&sort=magic",8,6,"Sunday","Thursday","Monday",10,4,2015,11,9,10,2015,10,9,14,2015,11,4,20,1,1
337247174,"Here Comes the Train! CD",3000,"here-comes-the-train-cd","CA","CAD",FALSE,"Musical","https://www.kickstarter.com/discover/categories/theater/musical?ref=category_modal&sort=magic",5,4,"Friday","Thursday","Thursday",1,1,2016,22,11,12,2015,12,11,12,2015,14,0,50,0,0.75477679
1641093846,"The Central Ohio Premiere of Romance/Romance!",1000,"the-central-ohio-premiere-of-romance-romance","US","USD",FALSE,"Musical","https://www.kickstarter.com/discover/categories/theater/musical?ref=category_modal&sort=magic",6,5,"Tuesday","Saturday","Wednesday",2,3,2015,18,10,18,2014,6,1,21,2015,22,95,12,0,1
1016210580,"INDIRA – THE FIRST INDIAN GRAND MUSICAL",1.5e+07,"indira-the-first-indian-grand-musical","ES","EUR",FALSE,"Musical","https://www.kickstarter.com/discover/categories/theater/musical?ref=category_modal&sort=magic",7,7,"Wednesday","Sunday","Saturday",4,27,2016,6,2,14,2016,11,2,27,2016,6,12,60,0,1.10624364
2108269247,"Seussical",10000,"seussical","NZ","NZD",FALSE,"Musical","https://www.kickstarter.com/discover/categories/theater/musical?ref=category_modal&sort=magic",1,1,"Sunday","Monday","Thursday",4,24,2016,2,2,15,2016,15,3,10,2016,2,23,45,1,0.67338344
1132444674,"The Railway Children",4000,"the-railway-children","GB","GBP",FALSE,"Musical","https://www.kickstarter.com/discover/categories/theater/musical?ref=category_modal&sort=magic",3,3,"Sunday","Friday","Friday",4,3,2016,11,3,4,2016,9,3,4,2016,11,0,30,1,1.40789944
2129063953,"Light Music and Art Ensembe",12000,"light-music-and-art-ensembe","US","USD",FALSE,"Musical","https://www.kickstarter.com/discover/categories/theater/musical?ref=category_modal&sort=magic",5,4,"Friday","Friday","Monday",6,17,2016,16,5,6,2016,19,5,9,2016,22,3,38,0,1
2065444148,"A Converse-sation on Truth and Reconciliation #TRUTHBETOLD",50000,"a-converse-sation-on-truth-and-reconciliation-trut","US","USD",FALSE,"Musical","https://www.kickstarter.com/discover/categories/theater/musical?ref=category_modal&sort=magic",7,5,"Saturday","Thursday","Thursday",1,31,2015,0,11,13,2014,11,12,4,2014,4,20,57,1,1
972320575,"Where Art Meets Heart 2016-2017 (Canceled)",5000,"where-art-meets-heart-2016-2017","US","USD",FALSE,"Musical","https://www.kickstarter.com/discover/categories/theater/musical?ref=category_modal&sort=magic",6,6,"Friday","Friday","Tuesday",8,5,2016,8,6,17,2016,9,6,21,2016,8,3,45,0,1
491662732,"A New British Musical (Canceled)",1200,"a-new-british-musical","GB","GBP",FALSE,"Musical","https://www.kickstarter.com/discover/categories/theater/musical?ref=category_modal&sort=magic",5,5,"Friday","Monday","Wednesday",3,20,2015,10,2,16,2015,17,2,18,2015,10,1,30,0,1.53720576
1295473973,"Midnight at the Midway (Canceled)",8750,"midnight-at-the-midway","US","USD",FALSE,"Musical","https://www.kickstarter.com/discover/categories/theater/musical?ref=category_modal&sort=magic",5,3,"Friday","Wednesday","Wednesday",5,15,2015,4,4,8,2015,19,4,15,2015,4,6,30,0,1
1414725637,"The Muse Arts Production's Debut Show: The Last Five Years",9500,"the-muse-arts-productions-debut-show-the-last-five","US","USD",FALSE,"Musical","https://www.kickstarter.com/discover/categories/theater/musical?ref=category_modal&sort=magic",10,10,"Sunday","Wednesday","Wednesday",4,5,2015,15,2,4,2015,13,2,4,2015,15,0,60,1,1
69559766,"TITUS ANDRONICUS at Bold Tendencies Car Park  Peckham",8000,"titus-andronicus-at-bold-tendencies-car-park-peckh","GB","GBP",TRUE,"Immersive","https://www.kickstarter.com/discover/categories/theater/immersive?ref=category_modal&sort=magic",8,7,"Monday","Wednesday","Tuesday",8,4,2014,17,3,12,2014,10,7,15,2014,19,125,19,0,1.71177772
196502168,"The Ride-Along: An Immersive Theatre Adventure for Two",650,"the-ride-along-an-immersive-theatre-experience-for","US","USD",TRUE,"Immersive","https://www.kickstarter.com/discover/categories/theater/immersive?ref=category_modal&sort=magic",8,7,"Friday","Tuesday","Wednesday",5,30,2014,23,4,29,2014,21,5,7,2014,11,7,23,0,1
864371377,"Turn That Thing Around (A Manic Narrator's Longest Ride)",4900,"a-round-thing-that-turns-a-manic-narrators-longest","US","USD",FALSE,"Immersive","https://www.kickstarter.com/discover/categories/theater/immersive?ref=category_modal&sort=magic",9,9,"Wednesday","Wednesday","Monday",9,24,2014,0,8,13,2014,15,8,25,2014,0,11,30,0,1
1789993785,"Stairwell Theater: As You Like It",7000,"stairwell-theater-as-you-like-it","US","USD",TRUE,"Immersive","https://www.kickstarter.com/discover/categories/theater/immersive?ref=category_modal&sort=magic",6,6,"Friday","Wednesday","Wednesday",4,3,2015,17,2,11,2015,10,3,4,2015,17,21,30,0,1
646294281,"Silver Screen Sarcasm: An Evening of Group Movie Mockery",1000,"silver-screen-sarcasm-an-evening-of-group-movie-mo","US","USD",FALSE,"Immersive","https://www.kickstarter.com/discover/categories/theater/immersive?ref=category_modal&sort=magic",9,8,"Saturday","Thursday","Thursday",3,14,2015,21,2,12,2015,17,2,12,2015,21,0,30,1,1
926516263,"The UV Theater Project",3500,"the-uv-theater-project","US","USD",FALSE,"Immersive","https://www.kickstarter.com/discover/categories/theater/immersive?ref=category_modal&sort=magic",4,4,"Wednesday","Tuesday","Monday",7,29,2015,10,6,2,2015,12,6,29,2015,10,26,30,0,1
512427032,"OYL's Apprentice Program in Greece",8000,"oyls-apprentice-program-in-greece","US","USD",FALSE,"Immersive","https://www.kickstarter.com/discover/categories/theater/immersive?ref=category_modal&sort=magic",5,4,"Tuesday","Wednesday","Monday",7,14,2015,22,6,10,2015,6,6,15,2015,12,5,29,0,1
335880249,"The Heart of Adrian Lovett",6000,"the-heart-of-adrian-lovett","GB","GBP",FALSE,"Immersive","https://www.kickstarter.com/discover/categories/theater/immersive?ref=category_modal&sort=magic",5,4,"Wednesday","Saturday","Monday",4,8,2015,10,1,10,2015,10,3,9,2015,10,57,30,0,1.50383176
116976972,"Bambii: A Sad Girl Dance Party",500,"bambii-a-sad-girl-dance-party","US","USD",FALSE,"Immersive","https://www.kickstarter.com/discover/categories/theater/immersive?ref=category_modal&sort=magic",6,6,"Saturday","Saturday","Saturday",6,18,2016,22,6,4,2016,15,6,4,2016,16,0,14,1,1
422193538,"Circ X Resident Cabaret",3000,"circ-x-resident-cabaret","US","USD",FALSE,"Immersive","https://www.kickstarter.com/discover/categories/theater/immersive?ref=category_modal&sort=magic",4,4,"Saturday","Wednesday","Monday",8,23,2014,17,6,18,2014,20,7,21,2014,17,32,33,1,1
339405383,"Squaring Up",3500,"squaring-up","US","USD",FALSE,"Immersive","https://www.kickstarter.com/discover/categories/theater/immersive?ref=category_modal&sort=magic",2,2,"Friday","Tuesday","Thursday",9,2,2016,12,7,19,2016,12,7,21,2016,21,2,42,0,1
2124751704,"Project Z",6e+05,"project-z","GB","GBP",FALSE,"Immersive","https://www.kickstarter.com/discover/categories/theater/immersive?ref=category_modal&sort=magic",2,2,"Friday","Monday","Monday",9,12,2014,12,7,14,2014,6,7,14,2014,12,0,60,0,1.71211475
2083558126,"Let me Read it to You!",500,"let-me-read-it-to-you","US","USD",FALSE,"Immersive","https://www.kickstarter.com/discover/categories/theater/immersive?ref=category_modal&sort=magic",6,3,"Wednesday","Thursday","Monday",8,20,2014,7,7,10,2014,7,7,21,2014,7,10,30,0,1
2008665540,"Bio-hazard: The Interactive Zombie Survival Experience",500,"bio-hazard-the-interactive-zombie-survival-experie","US","USD",FALSE,"Immersive","https://www.kickstarter.com/discover/categories/theater/immersive?ref=category_modal&sort=magic",6,6,"Monday","Friday","Tuesday",10,6,2014,17,9,12,2014,14,9,16,2014,17,4,20,0,1
826016533,"Awaken",28000,"awaken-0","US","USD",FALSE,"Immersive","https://www.kickstarter.com/discover/categories/theater/immersive?ref=category_modal&sort=magic",1,1,"Friday","Monday","Wednesday",6,27,2014,8,5,26,2014,7,5,28,2014,8,2,30,0,1
1171647301,"Savage Championship Wrestling",30000,"savage-championship-wrestling","US","USD",FALSE,"Immersive","https://www.kickstarter.com/discover/categories/theater/immersive?ref=category_modal&sort=magic",3,3,"Saturday","Friday","Tuesday",5,9,2015,18,8,1,2014,20,3,10,2015,18,220,60,1,1
1204739665,"Hart of Fear's Return to the Woods (Canceled)",1000,"hart-of-fears-return-to-the-woods","US","USD",TRUE,"Immersive","https://www.kickstarter.com/discover/categories/theater/immersive?ref=category_modal&sort=magic",8,5,"Saturday","Tuesday","Thursday",7,5,2014,14,5,6,2014,18,6,5,2014,14,29,30,1,1
1633457387,"St Andrews Center Theatre & Brew House (Canceled)",2e+05,"st-andrews-center-theatre-and-brewery","US","USD",FALSE,"Immersive","https://www.kickstarter.com/discover/categories/theater/immersive?ref=category_modal&sort=magic",8,8,"Tuesday","Friday","Friday",12,9,2014,20,10,10,2014,13,10,10,2014,21,0,59,0,1
1095080964,"The Secret Life of Your Mobile Phone (Canceled)",1000,"the-secret-life-of-your-mobile-phone","GB","GBP",FALSE,"Immersive","https://www.kickstarter.com/discover/categories/theater/immersive?ref=category_modal&sort=magic",8,7,"Saturday","Wednesday","Thursday",11,15,2014,11,10,1,2014,12,10,16,2014,11,14,30,1,1.58975435
362731639,"The F Words: Edinburgh Fringe 2016",300,"the-f-words-edinburgh-fringe-2016","GB","GBP",FALSE,"Festivals","https://www.kickstarter.com/discover/categories/theater/festivals?ref=category_modal&sort=magic",6,6,"Sunday","Wednesday","Friday",4,17,2016,8,3,16,2016,6,3,18,2016,8,2,30,1,1.42628123
1467246750,"Ilfracombe Victorian Celebration",1500,"ilfracombe-victorian-celebration","GB","GBP",FALSE,"Festivals","https://www.kickstarter.com/discover/categories/theater/festivals?ref=category_modal&sort=magic",3,3,"Saturday","Wednesday","Tuesday",5,7,2016,3,1,6,2016,1,3,8,2016,3,62,60,1,1.42088444
341478578,"Church of the SubGenius Devival with Rev. Ivan Stang",2000,"church-of-the-subgenius-devival-with-rev-ivan-stan","US","USD",FALSE,"Festivals","https://www.kickstarter.com/discover/categories/theater/festivals?ref=category_modal&sort=magic",9,6,"Monday","Saturday","Tuesday",6,30,2014,11,5,10,2014,8,5,13,2014,10,3,48,0,1
1194275684,"Old World Scotland",5000,"old-world-scotland","US","USD",FALSE,"Festivals","https://www.kickstarter.com/discover/categories/theater/festivals?ref=category_modal&sort=magic",3,3,"Friday","Friday","Tuesday",6,3,2016,15,3,8,2013,23,4,19,2016,15,1137,45,0,1
167587036,"Festival of the Laugh!",12954,"festival-of-the-laugh","US","USD",FALSE,"Festivals","https://www.kickstarter.com/discover/categories/theater/festivals?ref=category_modal&sort=magic",4,2,"Monday","Sunday","Wednesday",5,4,2015,17,4,5,2015,9,4,8,2015,17,3,25,0,1
1491852635,"Hamlet the Hip-Hopera",9747,"hamlet-the-hip-hopera","US","USD",TRUE,"Festivals","https://www.kickstarter.com/discover/categories/theater/festivals?ref=category_modal&sort=magic",3,2,"Sunday","Saturday","Wednesday",8,16,2015,22,7,18,2015,13,7,22,2015,21,4,25,1,1
901933624,"The Spinning Wheel: a son remixes a father's radical archive",20000,"the-spinning-wheel-a-son-remixes-a-fathers-radical","US","USD",TRUE,"Festivals","https://www.kickstarter.com/discover/categories/theater/festivals?ref=category_modal&sort=magic",10,8,"Thursday","Sunday","Saturday",7,30,2015,15,6,7,2015,17,6,20,2015,15,12,40,0,1
685500006,"Harambe Live: How to make an idea go viral",999,"harambe-live-how-to-make-an-idea-go-viral","GB","GBP",FALSE,"Festivals","https://www.kickstarter.com/discover/categories/theater/festivals?ref=category_modal&sort=magic",9,7,"Tuesday","Tuesday","Tuesday",10,18,2016,2,9,20,2016,5,9,27,2016,2,6,21,0,1.29823764
1548894392,"GRIMM at Edinburgh Fringe",3000,"grimm-at-edinburgh-fringe","GB","GBP",FALSE,"Festivals","https://www.kickstarter.com/discover/categories/theater/festivals?ref=category_modal&sort=magic",4,3,"Sunday","Monday","Tuesday",6,29,2014,12,4,21,2014,15,5,20,2014,12,28,40,1,1.68274813
900945347,"A Short History of Women in America",450,"a-short-history-of-women-in-america","US","USD",FALSE,"Festivals","https://www.kickstarter.com/discover/categories/theater/festivals?ref=category_modal&sort=magic",7,5,"Saturday","Sunday","Thursday",12,5,2015,22,11,1,2015,20,11,5,2015,22,4,30,1,1
2036045759,"African Celebration!",40000,"african-celebration","NO","NOK",FALSE,"Festivals","https://www.kickstarter.com/discover/categories/theater/festivals?ref=category_modal&sort=magic",2,2,"Saturday","Tuesday","Wednesday",11,7,2015,18,9,22,2015,0,10,14,2015,18,22,24,1,0.12350872
431052359,"Touch Therapy at Edinburgh Fringe Festival",2750,"touch-therapy-at-edinburgh-fringe-festival","GB","GBP",FALSE,"Festivals","https://www.kickstarter.com/discover/categories/theater/festivals?ref=category_modal&sort=magic",6,5,"Wednesday","Wednesday","Monday",7,13,2016,9,5,4,2016,13,6,13,2016,4,39,30,0,1.42555536
77242945,"I Love You  You're Perfect  Now Change",200,"i-love-you-youre-perfect-now-change-2","GB","GBP",FALSE,"Festivals","https://www.kickstarter.com/discover/categories/theater/festivals?ref=category_modal&sort=magic",7,7,"Monday","Saturday","Saturday",7,13,2015,14,6,13,2015,11,6,13,2015,14,0,30,0,1.55190582
534022196,"Maldito Mundo (New Orleans Fringe Festival 2014)",4444,"maldito-mundo-new-orleans-fringe-festival-2014","US","USD",FALSE,"Festivals","https://www.kickstarter.com/discover/categories/theater/festivals?ref=category_modal&sort=magic",7,7,"Thursday","Thursday","Wednesday",10,30,2014,10,10,2,2014,14,10,15,2014,10,12,15,0,1
684946460,"""Cookie Ireland Has a Giraffe"" Fringe NYC!",12000,"cookie-ireland-has-a-giraffe-fringe-nyc","US","USD",FALSE,"Festivals","https://www.kickstarter.com/discover/categories/theater/festivals?ref=category_modal&sort=magic",7,6,"Monday","Wednesday","Sunday",7,7,2014,22,5,28,2014,10,6,22,2014,12,25,15,0,1
1459989423,"MSGA -- Junior Theater Festival 2015",1200,"msga-junior-theater-festival-2015","US","USD",FALSE,"Festivals","https://www.kickstarter.com/discover/categories/theater/festivals?ref=category_modal&sort=magic",6,6,"Friday","Tuesday","Friday",12,12,2014,21,11,18,2014,19,11,21,2014,8,2,21,0,1
1052885321,"Please Don't Cry (At My Funeral) at the Fringe Festival",1000,"please-dont-cry-at-my-funeral-at-the-fringe-festiv","GB","GBP",FALSE,"Festivals","https://www.kickstarter.com/discover/categories/theater/festivals?ref=category_modal&sort=magic",10,8,"Wednesday","Thursday","Monday",7,23,2014,14,6,12,2014,7,6,23,2014,14,11,30,0,1.70136892
540846385,"Born in Burnley  Made in Edinburgh",1000,"born-in-burnley-made-in-edinburgh-0","GB","GBP",FALSE,"Festivals","https://www.kickstarter.com/discover/categories/theater/festivals?ref=category_modal&sort=magic",6,4,"Sunday","Thursday","Thursday",7,24,2016,16,6,9,2016,9,6,23,2016,10,14,31,1,1.46827139
1145594770,"Fearless",4000,"fearless","US","USD",FALSE,"Festivals","https://www.kickstarter.com/discover/categories/theater/festivals?ref=category_modal&sort=magic",1,1,"Sunday","Sunday","Sunday",7,20,2014,8,4,27,2014,20,6,22,2014,21,56,27,1,1
648316153,"We Never Land - Edinburgh Fringe 2014",20,"we-never-land-edinburgh-fringe-2014","GB","GBP",FALSE,"Festivals","https://www.kickstarter.com/discover/categories/theater/festivals?ref=category_modal&sort=magic",7,7,"Monday","Friday","Thursday",8,4,2014,3,5,23,2014,10,6,5,2014,3,12,60,0,1.67231911
861118874,"ROMEO AND JULIET IN HELL",2000,"romeo-and-juliet-in-hell","US","USD",FALSE,"Festivals","https://www.kickstarter.com/discover/categories/theater/festivals?ref=category_modal&sort=magic",5,5,"Saturday","Monday","Thursday",5,31,2014,11,4,28,2014,2,5,1,2014,11,3,30,1,1
1231919681,"ANTIGONE: An Arabian Tragedy",300,"antigone-an-arabian-tragedy","GB","GBP",FALSE,"Festivals","https://www.kickstarter.com/discover/categories/theater/festivals?ref=category_modal&sort=magic",4,4,"Sunday","Saturday","Wednesday",8,2,2015,16,6,27,2015,5,7,8,2015,6,11,25,1,1.55907491
489369905,"Dragon Training School Travel Fund",15000,"dragon-training-school-travel-fund","US","USD",FALSE,"Festivals","https://www.kickstarter.com/discover/categories/theater/festivals?ref=category_modal&sort=magic",5,5,"Monday","Thursday","Thursday",9,7,2015,7,3,29,2012,16,7,9,2015,7,1196,60,0,1
983528903,"Game of Thrones: A Panto of Ice and Fire",2000,"game-of-thrones-a-panto-of-ice-and-fire","GB","GBP",FALSE,"Festivals","https://www.kickstarter.com/discover/categories/theater/festivals?ref=category_modal&sort=magic",9,6,"Saturday","Friday","Friday",11,19,2016,18,9,23,2016,8,9,23,2016,16,0,57,1,1.30410742
682095600,"Walk With You - 2016",5e+06,"walk-with-you-2016","US","USD",FALSE,"Festivals","https://www.kickstarter.com/discover/categories/theater/festivals?ref=category_modal&sort=magic",5,5,"Friday","Sunday","Wednesday",1,6,2017,18,12,4,2016,8,12,7,2016,18,3,30,0,1
1535825180,"[INSERT RHETORICAL QUESTION HERE]",1750,"insert-rhetorical-question-here","GB","GBP",FALSE,"Festivals","https://www.kickstarter.com/discover/categories/theater/festivals?ref=category_modal&sort=magic",4,4,"Friday","Thursday","Saturday",6,6,2014,15,10,3,2013,14,5,10,2014,6,218,27,0,1.69206169
1062641038,"Jekyll & Hyde @ EdFringe 2016",1000,"jekyll-and-hyde-edfringe-2016","GB","GBP",FALSE,"Festivals","https://www.kickstarter.com/discover/categories/theater/festivals?ref=category_modal&sort=magic",6,6,"Friday","Thursday","Thursday",8,5,2016,7,6,30,2016,10,7,7,2016,6,6,29,0,1.28647974
437271041,"Screamfest Greer sc",20000,"screamfest-greer-sc","US","USD",FALSE,"Festivals","https://www.kickstarter.com/discover/categories/theater/festivals?ref=category_modal&sort=magic",3,3,"Saturday","Tuesday","Wednesday",6,18,2016,11,5,3,2016,9,5,4,2016,11,1,45,1,1
901493149,"Historic Roscoe Hall at The Keystone Building",150000,"historic-roscoe-hall-at-the-keystone-building","US","USD",FALSE,"Festivals","https://www.kickstarter.com/discover/categories/theater/festivals?ref=category_modal&sort=magic",7,6,"Friday","Wednesday","Monday",10,31,2014,10,9,10,2014,10,9,15,2014,11,5,45,0,1
1738713419,"A Taste of Shakespeare in Container Park",1000,"a-taste-of-shakespeare-in-container-park","US","USD",FALSE,"Festivals","https://www.kickstarter.com/discover/categories/theater/festivals?ref=category_modal&sort=magic",7,5,"Saturday","Tuesday","Thursday",4,30,2016,16,2,16,2016,8,3,31,2016,16,44,30,1,1
1759224961,"Multicultural Children and Family Festival 2015",3000,"multicultural-children-and-family-festival-2015","US","USD",FALSE,"Festivals","https://www.kickstarter.com/discover/categories/theater/festivals?ref=category_modal&sort=magic",6,5,"Sunday","Thursday","Friday",4,5,2015,17,3,5,2015,9,3,6,2015,17,1,30,1,1
554919309,"Louisville Alternative Fringe Festival (Canceled)",500,"louisville-alternative-fringe-festival","US","USD",FALSE,"Festivals","https://www.kickstarter.com/discover/categories/theater/festivals?ref=category_modal&sort=magic",5,5,"Friday","Monday","Wednesday",8,29,2014,10,7,28,2014,18,7,30,2014,10,1,30,0,1
454289332,"Tink! The Musical at NYMF (Canceled)",30000,"tink-the-musical-at-nymf","US","USD",FALSE,"Festivals","https://www.kickstarter.com/discover/categories/theater/festivals?ref=category_modal&sort=magic",6,5,"Sunday","Friday","Friday",4,10,2016,10,2,26,2016,19,3,11,2016,10,13,30,1,1
45894350,"The BloodMoon Faire 2016 (Canceled)",1e+05,"the-bloodmoon-faire-2016","US","USD",FALSE,"Festivals","https://www.kickstarter.com/discover/categories/theater/festivals?ref=category_modal&sort=magic",5,5,"Sunday","Saturday","Thursday",11,8,2015,18,3,21,2015,5,10,8,2015,18,201,31,1,1
1572478063,"Deadline at The Fringe 2016 (Canceled)",3500,"deadline-at-the-fringe-2016","GB","GBP",FALSE,"Festivals","https://www.kickstarter.com/discover/categories/theater/festivals?ref=category_modal&sort=magic",6,5,"Friday","Wednesday","Monday",7,8,2016,8,4,6,2016,9,5,9,2016,8,32,60,0,1.44296188
248522281,"Previous Campaign (Canceled)",10250,"breaking-chains-summer-theater-festival","US","USD",FALSE,"Festivals","https://www.kickstarter.com/discover/categories/theater/festivals?ref=category_modal&sort=magic",3,3,"Friday","Sunday","Tuesday",8,1,2014,1,7,6,2014,23,7,8,2014,4,1,23,0,1
468000169,"Bouncy Boxing Ring (Canceled)",110,"bouncy-boxing-ring","US","USD",FALSE,"Festivals","https://www.kickstarter.com/discover/categories/theater/festivals?ref=category_modal&sort=magic",4,4,"Monday","Wednesday","Saturday",8,11,2014,1,7,9,2014,7,7,12,2014,1,2,30,0,1
1522762975,"How to Hamlet  or Hamleting Hamlet",15000,"how-to-hamlet-or-hamleting-hamlet","US","USD",TRUE,"Experimental","https://www.kickstarter.com/discover/categories/theater/experimental?ref=category_modal&sort=magic",6,4,"Thursday","Friday","Sunday",12,15,2016,22,9,30,2016,13,11,20,2016,10,50,25,0,1
912821614,"Club Diamond - a new stagework by Saori Tsukada/Nikki Appino",11900,"club-diamond-a-new-stagework-by-nikki-appino-saori","US","USD",TRUE,"Experimental","https://www.kickstarter.com/discover/categories/theater/experimental?ref=category_modal&sort=magic",10,8,"Friday","Thursday","Wednesday",5,20,2016,6,3,10,2016,8,4,20,2016,6,40,30,0,1
1344499519,"DUE TO EVENTS",5000,"due-to-events","US","USD",TRUE,"Experimental","https://www.kickstarter.com/discover/categories/theater/experimental?ref=category_modal&sort=magic",3,3,"Friday","Saturday","Sunday",1,8,2016,15,11,28,2015,16,12,13,2015,8,14,26,0,1
2054238960,"DOORKRUISING//ENCOUNTERS",600,"doorkruising-encounters","NL","EUR",FALSE,"Experimental","https://www.kickstarter.com/discover/categories/theater/experimental?ref=category_modal&sort=magic",1,1,"Friday","Tuesday","Thursday",5,1,2015,17,4,21,2015,11,4,23,2015,12,2,8,0,1.07261726
66932445,"SPACES",200,"spaces-1","CA","CAD",FALSE,"Experimental","https://www.kickstarter.com/discover/categories/theater/experimental?ref=category_modal&sort=magic",1,1,"Monday","Tuesday","Friday",6,27,2016,11,6,7,2016,18,6,10,2016,17,2,16,0,0.78807112
609052019,"CREATE VOYAGE: A PSYCHOSEXUAL THRILLER",5200,"create-voyage","US","USD",FALSE,"Experimental","https://www.kickstarter.com/discover/categories/theater/experimental?ref=category_modal&sort=magic",5,5,"Saturday","Saturday","Thursday",2,28,2015,16,11,22,2014,0,1,29,2015,16,68,30,1,1
1419943787,"Condolences from the Future!",888,"condolences-from-the-future","US","USD",FALSE,"Experimental","https://www.kickstarter.com/discover/categories/theater/experimental?ref=category_modal&sort=magic",4,2,"Monday","Sunday","Monday",6,16,2014,18,5,4,2014,19,5,19,2014,15,14,28,0,1
1042213331,"Stone's Throw",600,"stones-throw","GB","GBP",FALSE,"Experimental","https://www.kickstarter.com/discover/categories/theater/experimental?ref=category_modal&sort=magic",2,2,"Saturday","Wednesday","Wednesday",6,25,2016,9,6,15,2016,5,6,15,2016,9,0,10,1,1.41878183
1565990801,"Impossibilities: Magic  Mindreading  and Mayhem",1000,"impossibilities-magic-mindreading-and-mayhem","US","USD",FALSE,"Experimental","https://www.kickstarter.com/discover/categories/theater/experimental?ref=category_modal&sort=magic",5,4,"Thursday","Sunday","Tuesday",11,20,2014,10,10,19,2014,18,10,21,2014,10,1,30,0,1
77606079,"Max in San Francisco: Max Understood and Sound Maze for Max",20000,"max-in-san-francisco-max-understood-and-sound-maze","US","USD",FALSE,"Experimental","https://www.kickstarter.com/discover/categories/theater/experimental?ref=category_modal&sort=magic",11,8,"Saturday","Monday","Monday",4,11,2015,1,3,9,2015,15,3,9,2015,19,0,32,1,1
733557360,"Little Lord’s NOW IS THE TIME. NOW IS THE BEST TIME.",10000,"little-lords-now-is-the-time-now-is-the-best-time","US","USD",FALSE,"Experimental","https://www.kickstarter.com/discover/categories/theater/experimental?ref=category_modal&sort=magic",11,11,"Thursday","Friday","Thursday",8,11,2016,2,6,24,2016,10,7,7,2016,19,13,34,0,1
1119432859,"History on Wheels",500,"history-on-wheels","US","USD",FALSE,"Experimental","https://www.kickstarter.com/discover/categories/theater/experimental?ref=category_modal&sort=magic",3,2,"Saturday","Wednesday","Thursday",9,13,2014,10,8,13,2014,16,8,14,2014,10,0,30,1,1
372468111,"SCREEN EYED BABY ICE Performance Series",1600,"screen-eyed-baby-ice-performance-series","US","USD",FALSE,"Experimental","https://www.kickstarter.com/discover/categories/theater/experimental?ref=category_modal&sort=magic",6,6,"Sunday","Monday","Monday",11,9,2014,14,10,6,2014,15,10,20,2014,14,13,20,1,1
231531702,"Gomela/to return: Movement of Our Mother Tongue",5000,"gomela-to-return-movement-of-our-mother-tongue","US","USD",FALSE,"Experimental","https://www.kickstarter.com/discover/categories/theater/experimental?ref=category_modal&sort=magic",7,6,"Tuesday","Friday","Friday",12,20,2016,23,11,4,2016,11,11,18,2016,9,13,32,0,1
1899150130,"21st Century Play",1000,"21st-century-play","US","USD",FALSE,"Experimental","https://www.kickstarter.com/discover/categories/theater/experimental?ref=category_modal&sort=magic",3,3,"Saturday","Monday","Tuesday",6,13,2015,12,4,13,2015,12,4,14,2015,12,0,60,1,1
116588230,"WRITE2PERFORM'S THE SUNDAY ESCORT",3150,"write2performs-the-sunday-escort","GB","GBP",TRUE,"Experimental","https://www.kickstarter.com/discover/categories/theater/experimental?ref=category_modal&sort=magic",4,4,"Friday","Thursday","Monday",11,28,2014,11,9,25,2014,11,9,29,2014,11,3,60,0,1.62466897
805221774,"Sidewalk Comedy Troupe",6000,"sidewalk-comedy-troupe","US","USD",TRUE,"Experimental","https://www.kickstarter.com/discover/categories/theater/experimental?ref=category_modal&sort=magic",3,3,"Thursday","Sunday","Thursday",11,6,2014,0,7,13,2014,19,10,2,2014,21,81,34,0,1
2014351865,"Fright on Fairlawn - A Free Haunted Garage",1000,"fright-on-fairlawn-a-free-haunted-garage","US","USD",FALSE,"Experimental","https://www.kickstarter.com/discover/categories/theater/experimental?ref=category_modal&sort=magic",8,7,"Thursday","Thursday","Tuesday",9,11,2014,16,8,7,2014,22,8,12,2014,16,4,30,0,1
1550905943,"To love somebody",1000,"to-love-somebody","GB","GBP",FALSE,"Experimental","https://www.kickstarter.com/discover/categories/theater/experimental?ref=category_modal&sort=magic",3,3,"Friday","Sunday","Monday",4,1,2016,18,3,6,2016,8,3,14,2016,13,8,18,0,1.43250263
323084314,"World Peace Humanitarian Anthem - Help Support World Peace!",1e+05,"world-peace-humanitarian-anthem-help-support-world","AU","AUD",FALSE,"Experimental","https://www.kickstarter.com/discover/categories/theater/experimental?ref=category_modal&sort=magic",9,9,"Saturday","Thursday","Tuesday",8,30,2014,19,6,26,2014,0,7,1,2014,19,5,60,1,0.94124025
1725195642,"Wicked Ways Productions",5000,"wicked-ways-productions","US","USD",FALSE,"Experimental","https://www.kickstarter.com/discover/categories/theater/experimental?ref=category_modal&sort=magic",3,3,"Saturday","Tuesday","Tuesday",2,14,2015,21,11,4,2014,21,1,20,2015,11,76,25,1,1
1390719965,"The Conversation Box",150,"the-conversation-box","GB","GBP",FALSE,"Experimental","https://www.kickstarter.com/discover/categories/theater/experimental?ref=category_modal&sort=magic",3,3,"Saturday","Friday","Saturday",7,4,2015,4,6,12,2015,5,6,20,2015,4,7,14,1,1.58863301
831677666,"The first ""live""  performance in an Holographic world.",5000,"the-first-live-performance-in-an-holographic-world","NL","EUR",FALSE,"Experimental","https://www.kickstarter.com/discover/categories/theater/experimental?ref=category_modal&sort=magic",8,6,"Monday","Friday","Thursday",10,12,2015,10,7,17,2015,14,8,13,2015,10,26,60,0,1.1050664
1346050884,"Volda Komiklubb",80000,"volda-komiklubb","NO","NOK",FALSE,"Experimental","https://www.kickstarter.com/discover/categories/theater/experimental?ref=category_modal&sort=magic",2,2,"Thursday","Wednesday","Wednesday",3,3,2016,15,2,17,2016,14,2,17,2016,15,0,15,0,0.11623073
56076708,"CRAVE by Sarah Kane",300,"crave-by-sarah-kane","GB","GBP",FALSE,"Experimental","https://www.kickstarter.com/discover/categories/theater/experimental?ref=category_modal&sort=magic",4,3,"Saturday","Friday","Saturday",6,18,2016,7,4,15,2016,6,6,4,2016,7,50,14,1,1.44048216
1641914963,"Talia - Audiodrama Album  Performance and Film",9000,"talia-audiodrama-album-performance-and-film","US","USD",FALSE,"Experimental","https://www.kickstarter.com/discover/categories/theater/experimental?ref=category_modal&sort=magic",7,6,"Friday","Monday","Wednesday",11,6,2015,9,10,5,2015,3,10,7,2015,9,2,30,0,1
188566286,"The LEAH-HEAL Project",500,"the-leah-heal-project","US","USD",FALSE,"Experimental","https://www.kickstarter.com/discover/categories/theater/experimental?ref=category_modal&sort=magic",3,3,"Wednesday","Sunday","Monday",11,19,2014,9,10,12,2014,22,10,20,2014,9,7,30,0,1
1731294643,"Stunt! I will ride my bike off my roof",8000,"stunt-i-will-ride-my-bike-off-my-roof","CA","CAD",FALSE,"Experimental","https://www.kickstarter.com/discover/categories/theater/experimental?ref=category_modal&sort=magic",9,5,"Thursday","Tuesday","Tuesday",8,21,2014,15,7,22,2014,10,7,22,2014,15,0,30,0,0.93139355
1744799167,"Skating Insperations",1500000,"skating-insperations","US","USD",FALSE,"Experimental","https://www.kickstarter.com/discover/categories/theater/experimental?ref=category_modal&sort=magic",2,2,"Sunday","Tuesday","Friday",8,10,2014,16,7,8,2014,18,7,11,2014,16,2,30,1,1
157397937,"Animal Soul",2e+05,"animal-soul-0","US","USD",FALSE,"Experimental","https://www.kickstarter.com/discover/categories/theater/experimental?ref=category_modal&sort=magic",2,2,"Friday","Wednesday","Wednesday",7,1,2016,14,6,1,2016,10,6,1,2016,14,0,30,0,1
605215249,"Binibon: An Opera by Elliott Sharp (Canceled)",15000,"binibon-an-opera-by-elliott-sharp","US","USD",FALSE,"Experimental","https://www.kickstarter.com/discover/categories/theater/experimental?ref=category_modal&sort=magic",7,6,"Friday","Tuesday","Tuesday",9,30,2016,22,8,30,2016,12,9,6,2016,20,7,24,0,1
2040026483,"A Furtive Movement: The Use of Farce",1000,"a-furtive-movement-the-use-of-farce","US","USD",FALSE,"Comedy","https://www.kickstarter.com/discover/categories/theater/comedy?ref=category_modal&sort=magic",7,6,"Friday","Tuesday","Tuesday",2,10,2017,22,1,24,2017,19,1,31,2017,6,6,10,0,1
820316408,"The Florist Up My Street Co-operative",1500,"the-florist-up-my-street-co-operative","GB","GBP",FALSE,"Web","https://www.kickstarter.com/discover/categories/technology/web?ref=category_modal&sort=magic",6,6,"Thursday","Tuesday","Tuesday",12,22,2016,3,11,8,2016,10,11,22,2016,3,13,30,0,1.23363126
557230947,"Bring Reading Rainbow Back for Every Child  Everywhere!",1e+06,"bring-reading-rainbow-back-for-every-child-everywh","US","USD",TRUE,"Web","https://www.kickstarter.com/discover/categories/technology/web?ref=category_modal&sort=magic",8,7,"Wednesday","Tuesday","Wednesday",7,2,2014,14,4,22,2014,22,5,28,2014,8,35,35,0,1
1112911284,"No Bull Sports",2500,"no-bull-sports","US","USD",TRUE,"Web","https://www.kickstarter.com/discover/categories/technology/web?ref=category_modal&sort=magic",3,3,"Saturday","Tuesday","Thursday",10,22,2016,6,9,13,2016,8,9,22,2016,6,8,30,1,1
1252566488,"walkzee - A free platform to find & walk local shelter dogs!",20000,"walkzee-a-free-platform-to-find-and-walk-local-she","US","USD",TRUE,"Web","https://www.kickstarter.com/discover/categories/technology/web?ref=category_modal&sort=magic",12,11,"Tuesday","Thursday","Sunday",3,3,2015,23,11,13,2014,7,2,1,2015,23,80,30,0,1
1494534084,"Dreameat - Discover and Taste",20000,"dreameat-discover-and-taste","IT","EUR",FALSE,"Web","https://www.kickstarter.com/discover/categories/technology/web?ref=category_modal&sort=magic",5,4,"Friday","Wednesday","Tuesday",7,31,2015,15,6,17,2015,15,6,23,2015,10,5,38,0,1.13773279
769500924,"EPIC Clan & Guild Platform",10000,"epic-clan-and-guild-platform","AU","AUD",FALSE,"Web","https://www.kickstarter.com/discover/categories/technology/web?ref=category_modal&sort=magic",5,5,"Monday","Friday","Thursday",7,20,2015,8,5,8,2015,1,5,21,2015,8,13,60,0,0.79274857
2094531593,"CloudBooks Accounting",50000,"cloudbooks-accounting","AU","AUD",FALSE,"Web","https://www.kickstarter.com/discover/categories/technology/web?ref=category_modal&sort=magic",2,2,"Saturday","Thursday","Thursday",11,15,2014,1,10,9,2014,19,10,16,2014,1,6,30,1,0.87061374
759761309,"Africax5.tv: Youth led Media and Entertainment Platform",5000,"africax5tv-youth-led-media-and-entertainment-platf","GB","GBP",FALSE,"Web","https://www.kickstarter.com/discover/categories/technology/web?ref=category_modal&sort=magic",7,6,"Friday","Tuesday","Wednesday",3,6,2015,15,4,29,2014,5,2,4,2015,15,281,30,0,1.5032214
1328796035,"PalmOilChecker",250,"palmoilchecker","GB","GBP",FALSE,"Web","https://www.kickstarter.com/discover/categories/technology/web?ref=category_modal&sort=magic",1,1,"Sunday","Wednesday","Friday",6,12,2016,6,5,11,2016,8,5,13,2016,6,1,30,1,1.44387235
218905928,"StartHompy: your pretty home for one-click internet surfing",30000,"starthompy-your-pretty-home-for-one-click-internet","AU","AUD",FALSE,"Web","https://www.kickstarter.com/discover/categories/technology/web?ref=category_modal&sort=magic",8,6,"Tuesday","Friday","Sunday",11,11,2014,0,9,26,2014,19,10,12,2014,0,15,30,0,0.86859692
626836041,"Califoryou.com | Your California Adventure Guide",50000,"califoryoucom-your-california-adventure-guide","US","USD",FALSE,"Web","https://www.kickstarter.com/discover/categories/technology/web?ref=category_modal&sort=magic",6,6,"Friday","Tuesday","Wednesday",12,19,2014,18,11,18,2014,13,11,19,2014,18,1,30,0,1
632442954,"My Style Authority Website",10000,"my-style-authority-website","US","USD",FALSE,"Web","https://www.kickstarter.com/discover/categories/technology/web?ref=category_modal&sort=magic",4,4,"Saturday","Wednesday","Thursday",4,4,2015,17,3,4,2015,10,3,5,2015,17,1,30,1,1
256728025,"Snag-A-Slip",25000,"snag-a-slip","US","USD",FALSE,"Web","https://www.kickstarter.com/discover/categories/technology/web?ref=category_modal&sort=magic",1,1,"Sunday","Friday","Tuesday",7,26,2015,22,6,26,2015,13,7,7,2015,14,11,19,1,1
176023433,"everydayrelay",5000,"everydayrelay","US","USD",FALSE,"Web","https://www.kickstarter.com/discover/categories/technology/web?ref=category_modal&sort=magic",1,1,"Friday","Friday","Monday",5,20,2016,9,3,18,2016,12,3,21,2016,9,2,60,0,1
1095739528,"Kazzit - International Winery Guide",20000,"kazzit-international-winery-guide","US","USD",FALSE,"Web","https://www.kickstarter.com/discover/categories/technology/web?ref=category_modal&sort=magic",5,5,"Thursday","Saturday","Sunday",4,30,2015,14,2,14,2015,23,3,1,2015,21,14,59,0,1
2073981742,"The Classic Daily Deal Site",10000,"the-classic-daily-deal-site","US","USD",FALSE,"Web","https://www.kickstarter.com/discover/categories/technology/web?ref=category_modal&sort=magic",5,5,"Saturday","Thursday","Tuesday",6,28,2014,8,6,12,2014,9,6,24,2014,8,11,4,1,1
1062056057,"Kitsune Music Academy",5000,"kitsune-music-academy","CA","CAD",FALSE,"Web","https://www.kickstarter.com/discover/categories/technology/web?ref=category_modal&sort=magic",3,3,"Tuesday","Wednesday","Friday",9,20,2016,18,8,24,2016,18,8,26,2016,17,1,25,0,0.77359623
866581613,"Fidus Store is a cloud-based security software service",25000,"fidus-store","US","USD",FALSE,"Web","https://www.kickstarter.com/discover/categories/technology/web?ref=category_modal&sort=magic",8,6,"Friday","Thursday","Tuesday",10,9,2015,12,5,14,2015,11,8,25,2015,12,103,45,0,1
225368002,"Veteran Owned Business Search Site",1000,"veteran-owned-business-search-site","US","USD",FALSE,"Web","https://www.kickstarter.com/discover/categories/technology/web?ref=category_modal&sort=magic",5,5,"Saturday","Friday","Monday",9,6,2014,13,8,1,2014,11,8,4,2014,15,3,32,1,1
635470758,"citadel: edit any website and save it",50,"citadel-edit-any-website","CA","CAD",FALSE,"Web","https://www.kickstarter.com/discover/categories/technology/web?ref=category_modal&sort=magic",7,4,"Saturday","Tuesday","Thursday",8,23,2014,0,7,22,2014,18,7,24,2014,0,1,30,1,0.93177714
1261993636,"edshelf - Socially curated directory of education technology",30000,"edshelf-socially-curated-directory-of-education-te","US","USD",FALSE,"Web","https://www.kickstarter.com/discover/categories/technology/web?ref=category_modal&sort=magic",8,7,"Sunday","Wednesday","Friday",8,24,2014,12,7,16,2014,10,7,25,2014,12,9,30,1,1
1074405592,"CulSire  (Kul-Sire) ~ Where Culture Meets Desire",10000,"culsire-kul-sire-where-culture-meets-desire","US","USD",FALSE,"Web","https://www.kickstarter.com/discover/categories/technology/web?ref=category_modal&sort=magic",7,7,"Wednesday","Tuesday","Monday",2,12,2014,19,12,31,2013,21,1,13,2014,21,12,29,0,1
359958741,"Clockbeats - Music Revolution",70000,"clockbeats-break-the-sound-barriers","DK","DKK",FALSE,"Web","https://www.kickstarter.com/discover/categories/technology/web?ref=category_modal&sort=magic",4,4,"Monday","Wednesday","Thursday",2,15,2016,11,11,12,2014,2,12,17,2015,11,400,60,0,0.14674223
1047089333,"C.S. Lewis Index",90,"cs-lewis-index-0","US","USD",FALSE,"Web","https://www.kickstarter.com/discover/categories/technology/web?ref=category_modal&sort=magic",3,3,"Wednesday","Saturday","Monday",8,26,2015,12,7,25,2015,22,7,27,2015,12,1,30,0,1
173362741,"Credit Union Match",40000,"credit-union-match","US","USD",FALSE,"Web","https://www.kickstarter.com/discover/categories/technology/web?ref=category_modal&sort=magic",3,3,"Wednesday","Friday","Tuesday",4,8,2015,22,1,30,2015,9,3,3,2015,14,32,36,0,1
1090059426,"CoasterCrazy.com Coder Fundraising!",5,"coastercrazycom-coder-fundraising","US","USD",FALSE,"Web","https://www.kickstarter.com/discover/categories/technology/web?ref=category_modal&sort=magic",3,3,"Tuesday","Wednesday","Friday",6,30,2015,22,5,27,2015,19,5,29,2015,19,1,32,0,1
567643381,"Les dilettantes",5000,"les-dilettantes","CA","CAD",FALSE,"Web","https://www.kickstarter.com/discover/categories/technology/web?ref=category_modal&sort=magic",2,2,"Saturday","Wednesday","Thursday",2,28,2015,18,1,28,2015,8,1,29,2015,18,1,30,1,0.80407376
1899835968,"Kidokey • safe and distraction-free wi-fi box for kids",1e+05,"kidokey","CA","CAD",TRUE,"Web","https://www.kickstarter.com/discover/categories/technology/web?ref=category_modal&sort=magic",9,7,"Thursday","Friday","Friday",1,15,2015,23,8,8,2014,12,11,21,2014,14,105,55,0,0.88153182
1191261070,"WikiTickets",20000,"wikitickets","CA","CAD",FALSE,"Web","https://www.kickstarter.com/discover/categories/technology/web?ref=category_modal&sort=magic",1,1,"Sunday","Tuesday","Wednesday",1,4,2015,13,8,26,2014,15,11,5,2014,13,70,60,1,0.88190654
300199025,"UBsports.com enables you to ... Get To Your Goal!",35000,"ubsportscom-your-sports-life-online","US","USD",FALSE,"Web","https://www.kickstarter.com/discover/categories/technology/web?ref=category_modal&sort=magic",9,7,"Monday","Tuesday","Thursday",9,8,2014,11,8,5,2014,12,8,14,2014,9,8,25,0,1
1600486710,"WPLight - IoT light for WordPress (open for developers)",6000,"wplight-iot-light-for-wordpress","IT","EUR",FALSE,"Web","https://www.kickstarter.com/discover/categories/technology/web?ref=category_modal&sort=magic",9,7,"Wednesday","Wednesday","Sunday",1,18,2017,16,7,27,2016,4,12,4,2016,16,130,45,0,1.06666667
1720897486,"Smart Business Marketing Assistant",50000,"smart-business-marketing-assistant","US","USD",FALSE,"Web","https://www.kickstarter.com/discover/categories/technology/web?ref=category_modal&sort=magic",4,4,"Monday","Saturday","Tuesday",8,25,2014,1,7,19,2014,17,7,22,2014,10,2,33,0,1
884696456,"A NEW WAY TO HOLIDAY",280000,"a-new-way-to-holiday","IT","EUR",FALSE,"Web","https://www.kickstarter.com/discover/categories/technology/web?ref=category_modal&sort=magic",5,5,"Saturday","Wednesday","Wednesday",4,9,2016,11,2,24,2016,9,2,24,2016,11,0,45,1,1.10445981
2103588216,"Zorgappsgetest.nl: a platform with a HEALTHY view",5000,"zorgappsgetestnl-a-platform-with-a-healthy-view","NL","EUR",FALSE,"Web","https://www.kickstarter.com/discover/categories/technology/web?ref=category_modal&sort=magic",7,4,"Friday","Friday","Monday",11,14,2014,14,6,13,2014,5,9,15,2014,14,94,60,0,1.29627709
188212880,"The Wise Man's Guide to the Universe",1500,"the-wise-mans-guide-to-the-universe","US","USD",FALSE,"Web","https://www.kickstarter.com/discover/categories/technology/web?ref=category_modal&sort=magic",7,5,"Thursday","Saturday","Monday",5,21,2015,12,4,4,2015,23,4,6,2015,12,1,45,0,1
2068506214,"Bring Gamers Together with Our World™",1000,"bring-gamers-together-with-our-worldtm","US","USD",FALSE,"Web","https://www.kickstarter.com/discover/categories/technology/web?ref=category_modal&sort=magic",6,5,"Friday","Monday","Wednesday",1,6,2017,10,12,5,2016,23,12,7,2016,10,1,30,0,1
1371784526,"Connect-it Reclutamiento Express",250000,"connect-it-reclutamiento-express","MX","MXN",FALSE,"Web","https://www.kickstarter.com/discover/categories/technology/web?ref=category_modal&sort=magic",3,3,"Thursday","Wednesday","Monday",1,12,2017,10,11,23,2016,0,11,28,2016,10,5,45,0,0.04839173
1412461741,"Corgi's are Assholes Website",5000,"corgis-are-assholes-website","US","USD",FALSE,"Web","https://www.kickstarter.com/discover/categories/technology/web?ref=category_modal&sort=magic",4,3,"Friday","Tuesday","Wednesday",8,22,2014,12,7,22,2014,11,7,23,2014,12,1,30,0,1
957323139,"VidKix.com for Fandom Vids and Vidders",55000,"vidkixcom-for-fandom-vids-and-vidders","US","USD",FALSE,"Web","https://www.kickstarter.com/discover/categories/technology/web?ref=category_modal&sort=magic",6,4,"Friday","Tuesday","Tuesday",9,5,2014,20,7,15,2014,19,8,5,2014,16,20,31,0,1
1684266523,"MySpotOnTheWorld",30000,"myspotontheworld","US","USD",FALSE,"Web","https://www.kickstarter.com/discover/categories/technology/web?ref=category_modal&sort=magic",1,1,"Monday","Wednesday","Thursday",11,2,2015,10,9,2,2015,17,9,3,2015,10,0,60,0,1
294649282,"Shifter – Serverless Hosting for WordPress",10000,"shifter-serverless-hosting-for-wordpress","US","USD",FALSE,"Web","https://www.kickstarter.com/discover/categories/technology/web?ref=category_modal&sort=magic",6,5,"Wednesday","Tuesday","Friday",1,11,2017,10,10,11,2016,11,12,2,2016,10,51,40,0,1
2054124914,"Project Mecca",192000,"project-mecca","US","USD",FALSE,"Web","https://www.kickstarter.com/discover/categories/technology/web?ref=category_modal&sort=magic",2,2,"Saturday","Monday","Tuesday",5,14,2016,2,2,8,2016,15,4,12,2016,17,64,31,1,1
2000514462,"Score Me!",1206,"score-me","ES","EUR",FALSE,"Web","https://www.kickstarter.com/discover/categories/technology/web?ref=category_modal&sort=magic",2,2,"Friday","Tuesday","Wednesday",10,30,2015,14,9,29,2015,12,9,30,2015,14,1,30,0,1.12544047
1574479268,"PM Builder | Easy Design and Prototyping",150000,"pm-builder-easy-design-and-prototyping","DK","DKK",FALSE,"Web","https://www.kickstarter.com/discover/categories/technology/web?ref=category_modal&sort=magic",7,6,"Saturday","Monday","Wednesday",1,10,2015,8,11,17,2014,13,11,26,2014,8,8,45,1,0.1669599
1832918129,"SameAsMe - find a person that looks like you",2000,"sameasme-find-a-person-that-looks-like-you","GB","GBP",FALSE,"Web","https://www.kickstarter.com/discover/categories/technology/web?ref=category_modal&sort=magic",9,6,"Thursday","Tuesday","Tuesday",8,7,2014,15,7,8,2014,9,7,8,2014,15,0,30,0,1.71446598
491976855,"KISS UI - Free and open-source UI toolkit",10000,"kiss-ui-free-and-open-source-ui-toolkit","IE","EUR",FALSE,"Web","https://www.kickstarter.com/discover/categories/technology/web?ref=category_modal&sort=magic",8,7,"Friday","Tuesday","Monday",1,20,2017,10,11,15,2016,3,11,21,2016,10,6,60,0,1.05892942
1555913219,"trentstock.com - tons of free tech and event stock art",14000,"trentstockcom-tons-of-free-tech-and-event-stock-ar","US","USD",FALSE,"Web","https://www.kickstarter.com/discover/categories/technology/web?ref=category_modal&sort=magic",10,8,"Saturday","Wednesday","Thursday",7,12,2014,9,4,23,2014,14,6,12,2014,9,49,30,1,1
637348937,"Tag ved lære af ældre menneskers erfaringer",40000,"tag-ved-lre-af-ldre-menneskers-erfaringer","DK","DKK",FALSE,"Web","https://www.kickstarter.com/discover/categories/technology/web?ref=category_modal&sort=magic",7,7,"Monday","Sunday","Thursday",5,4,2015,10,2,15,2015,10,3,5,2015,10,17,60,0,0.14997217
1441736713,"The next gen open source CMS.",25000,"the-next-gen-open-source-cms","GB","GBP",FALSE,"Web","https://www.kickstarter.com/discover/categories/technology/web?ref=category_modal&sort=magic",6,6,"Thursday","Tuesday","Tuesday",8,7,2014,16,7,8,2014,8,7,8,2014,16,0,30,0,1.71446598
2142948551,"Hapnd: The Simple  Useful Social Network.",10000,"hapnd-the-simple-useful-social-network","GB","GBP",FALSE,"Web","https://www.kickstarter.com/discover/categories/technology/web?ref=category_modal&sort=magic",6,6,"Tuesday","Thursday","Tuesday",10,27,2015,6,8,27,2015,8,9,22,2015,6,25,35,0,1.55362492
1621678529,"Atlantic Intracoastal Waterway (ICW) Wireless 802.11 (Wi-Fi)",50000,"atlantic-intracoastal-waterway-icw-80211-wi-fi-net","US","USD",FALSE,"Web","https://www.kickstarter.com/discover/categories/technology/web?ref=category_modal&sort=magic",7,7,"Saturday","Monday","Tuesday",8,1,2015,9,6,1,2015,9,6,2,2015,9,1,60,1,1
1555679678,"GreenboxFloral.com",25000,"greenboxfloralcom","US","USD",FALSE,"Web","https://www.kickstarter.com/discover/categories/technology/web?ref=category_modal&sort=magic",1,1,"Wednesday","Tuesday","Monday",9,24,2014,15,8,5,2014,13,8,25,2014,15,20,30,0,1
678161852,"Jaxi: the Robot",21000,"jaxi-the-robot","US","USD",FALSE,"Web","https://www.kickstarter.com/discover/categories/technology/web?ref=category_modal&sort=magic",3,2,"Sunday","Wednesday","Thursday",10,5,2014,13,11,27,2013,22,9,4,2014,13,280,31,1,1
1484561446,"WikUps Plate-forme de Micro-Blogging",50000,"wikups-plate-forme-de-micro-blogging","FR","EUR",FALSE,"Web","https://www.kickstarter.com/discover/categories/technology/web?ref=category_modal&sort=magic",4,4,"Friday","Sunday","Wednesday",6,26,2015,0,5,24,2015,10,5,27,2015,0,2,30,0,1.09502039
440735366,"MST - Assisting College Students Succeed",150000,"mst-assisting-college-students-succeed","US","USD",FALSE,"Web","https://www.kickstarter.com/discover/categories/technology/web?ref=category_modal&sort=magic",6,6,"Saturday","Friday","Tuesday",3,7,2015,15,12,26,2014,12,1,6,2015,15,11,60,1,1
1912783204,"Jumbawumba - Your Internet - Easy  Personal  Secure",125000,"jumbawumba-your-internet-easy-personal-secure","US","USD",FALSE,"Web","https://www.kickstarter.com/discover/categories/technology/web?ref=category_modal&sort=magic",8,8,"Thursday","Monday","Tuesday",4,2,2015,7,7,14,2014,16,3,3,2015,7,231,30,0,1
2126398374,"Technology Zone",600,"technology-zone","US","USD",FALSE,"Web","https://www.kickstarter.com/discover/categories/technology/web?ref=category_modal&sort=magic",2,2,"Wednesday","Wednesday","Monday",3,25,2015,11,2,18,2015,1,2,23,2015,11,5,30,0,1
1850689265,"CalcU",2900,"calcu","US","USD",FALSE,"Web","https://www.kickstarter.com/discover/categories/technology/web?ref=category_modal&sort=magic",1,1,"Thursday","Tuesday","Tuesday",10,29,2015,6,7,28,2015,13,9,29,2015,6,62,30,0,1
575077550,"Shark Catapult Web Design & Development",15000,"shark-catapult-web-design-and-development","US","USD",FALSE,"Web","https://www.kickstarter.com/discover/categories/technology/web?ref=category_modal&sort=magic",6,6,"Thursday","Monday","Tuesday",8,21,2014,13,7,14,2014,9,7,22,2014,13,8,30,0,1
804915409,"Beach Bums Date. A dating site for beach lovers",27000,"beach-bums-date-a-dating-site-for-beach-lovers","US","USD",FALSE,"Web","https://www.kickstarter.com/discover/categories/technology/web?ref=category_modal&sort=magic",9,8,"Wednesday","Saturday","Monday",4,8,2015,11,3,7,2015,10,3,9,2015,11,2,30,0,1
1069641050,"Angel Attendant",50000,"angel-attendant","US","USD",FALSE,"Web","https://www.kickstarter.com/discover/categories/technology/web?ref=category_modal&sort=magic",2,2,"Saturday","Tuesday","Thursday",8,16,2014,14,7,15,2014,9,7,17,2014,14,2,30,1,1
569381874,"Re-ExperienceProject - (EP) ExperienceProject Lives!!",1145,"re-experienceproject-ep-experienceproject-lives","US","USD",FALSE,"Web","https://www.kickstarter.com/discover/categories/technology/web?ref=category_modal&sort=magic",5,5,"Tuesday","Friday","Tuesday",4,19,2016,15,4,8,2016,11,4,12,2016,15,4,7,0,1
1482572160,"CriticalContactInfo.com",30000,"criticalcontactinfocom","US","USD",FALSE,"Web","https://www.kickstarter.com/discover/categories/technology/web?ref=category_modal&sort=magic",1,1,"Sunday","Sunday","Friday",4,26,2015,17,6,1,2014,21,3,27,2015,17,298,30,1,1
369094761,"FreeFullPDF: search engine for free scientific publication",20000,"freefullpdf-search-engine-for-free-scientific-publ","FR","EUR",FALSE,"Web","https://www.kickstarter.com/discover/categories/technology/web?ref=category_modal&sort=magic",7,6,"Saturday","Wednesday","Tuesday",10,31,2015,8,8,26,2015,7,9,1,2015,8,6,60,1,1.12400469
613042513,"Knot a Keeper: Name Change After Divorce Service",25000,"knot-a-keeper-name-change-after-divorce-service","CA","CAD",FALSE,"Web","https://www.kickstarter.com/discover/categories/technology/web?ref=category_modal&sort=magic",8,7,"Saturday","Monday","Thursday",4,16,2016,21,1,18,2016,16,3,17,2016,21,59,30,1,0.74865654
2115937316,"Sparerne.no - økonomisk rådgivning for folk flest.",40000,"sparerneno-konomisk-radgivning-for-folk-flest","NO","NOK",FALSE,"Web","https://www.kickstarter.com/discover/categories/technology/web?ref=category_modal&sort=magic",7,6,"Saturday","Tuesday","Tuesday",4,30,2016,15,3,29,2016,3,4,12,2016,15,14,18,1,0.12154027
884538268,"LocalRaces.com: Your City's Running & Cycling Community",5000,"localracescom-your-citys-running-and-cycling-commu","US","USD",FALSE,"Web","https://www.kickstarter.com/discover/categories/technology/web?ref=category_modal&sort=magic",7,7,"Thursday","Thursday","Monday",3,5,2015,21,7,10,2014,21,2,2,2015,21,206,31,0,1
2094397858,"Banana.JS",60000,"bananajs","CA","CAD",FALSE,"Web","https://www.kickstarter.com/discover/categories/technology/web?ref=category_modal&sort=magic",1,1,"Sunday","Monday","Wednesday",10,9,2016,15,8,8,2016,11,8,10,2016,15,2,60,1,0.75868965
1952617952,"Tiny the talking website.",55000,"tiny-the-talking-website","DK","DKK",FALSE,"Web","https://www.kickstarter.com/discover/categories/technology/web?ref=category_modal&sort=magic",4,3,"Thursday","Friday","Friday",12,25,2014,11,12,5,2014,4,12,5,2014,11,0,20,0,0.16586691
1843528320,"Urlife Network",1500,"urlife-network","US","USD",FALSE,"Web","https://www.kickstarter.com/discover/categories/technology/web?ref=category_modal&sort=magic",2,2,"Saturday","Wednesday","Saturday",8,16,2014,12,7,9,2014,14,7,12,2014,12,2,35,1,1
2092110947,"Creating a crowdsourced home remodeling marketplace",35000,"creating-a-crowdsourced-home-remodeling-marketplac","US","USD",FALSE,"Web","https://www.kickstarter.com/discover/categories/technology/web?ref=category_modal&sort=magic",6,5,"Friday","Thursday","Wednesday",10,31,2014,18,9,11,2014,13,10,1,2014,18,20,30,0,1
1667549380,"7Food",250000,"7food","US","USD",FALSE,"Web","https://www.kickstarter.com/discover/categories/technology/web?ref=category_modal&sort=magic",1,1,"Sunday","Wednesday","Wednesday",8,2,2015,23,6,3,2015,13,6,3,2015,23,0,60,1,1
1524777681,"You want me to CROWDSOURCE my dating life?! Well  kind of...",25000,"you-want-me-to-crowdsource-my-dating-life-well-kin","US","USD",FALSE,"Web","https://www.kickstarter.com/discover/categories/technology/web?ref=category_modal&sort=magic",11,8,"Tuesday","Tuesday","Wednesday",12,9,2014,10,9,23,2014,13,11,5,2014,10,42,34,0,1
1957782842,"Reflen: project-based online education driven by linked data",20000,"reflen-project-based-online-education-driven-by-li","US","USD",FALSE,"Web","https://www.kickstarter.com/discover/categories/technology/web?ref=category_modal&sort=magic",8,7,"Saturday","Friday","Thursday",3,21,2015,12,2,13,2015,12,2,19,2015,12,5,30,1,1
1338455052,"Cannabis Checkout",10000,"cannabis-connection-0","US","USD",FALSE,"Web","https://www.kickstarter.com/discover/categories/technology/web?ref=category_modal&sort=magic",2,2,"Tuesday","Wednesday","Wednesday",4,21,2015,15,3,25,2015,15,3,25,2015,15,0,26,0,1
1050135418,"Decent Pint - a site to discover new beer and new people",1000,"decent-pint","GB","GBP",FALSE,"Web","https://www.kickstarter.com/discover/categories/technology/web?ref=category_modal&sort=magic",12,9,"Saturday","Wednesday","Thursday",9,20,2014,15,8,20,2014,6,8,21,2014,15,1,30,1,1.66168991
811614563,"CitizenBranch - putting People back in Politics - PHASE I",25000,"citizenbranch-putting-people-back-in-politics-phas","US","USD",FALSE,"Web","https://www.kickstarter.com/discover/categories/technology/web?ref=category_modal&sort=magic",10,9,"Friday","Thursday","Tuesday",1,22,2016,13,5,14,2015,19,12,22,2015,13,221,31,0,1
1851593790,"Vastly",250000,"vastly","US","USD",FALSE,"Web","https://www.kickstarter.com/discover/categories/technology/web?ref=category_modal&sort=magic",1,1,"Friday","Monday","Wednesday",9,18,2015,7,5,4,2015,8,8,19,2015,7,106,30,0,1
1818090238,"A New Global UFO Database",78000,"a-new-global-ufo-database","US","USD",FALSE,"Web","https://www.kickstarter.com/discover/categories/technology/web?ref=category_modal&sort=magic",5,5,"Tuesday","Thursday","Thursday",12,2,2014,22,10,23,2014,16,11,13,2014,13,20,19,0,1
511686766,"My Go Between",2500,"my-go-between","US","USD",FALSE,"Web","https://www.kickstarter.com/discover/categories/technology/web?ref=category_modal&sort=magic",3,3,"Friday","Wednesday","Wednesday",8,22,2014,21,7,16,2014,2,7,23,2014,21,7,30,0,1
1840578411,"worldsworstwebsite.ca",100,"worldsworstwebsiteca","CA","CAD",FALSE,"Web","https://www.kickstarter.com/discover/categories/technology/web?ref=category_modal&sort=magic",1,1,"Friday","Tuesday","Wednesday",8,15,2014,15,7,15,2014,7,7,16,2014,15,1,30,0,0.93228011
1567381435,"RestorationBid-easiest way to hire PROs for home improvement",75000,"restorationbid-easiest-way-to-hire-pros-for-home-i","US","USD",FALSE,"Web","https://www.kickstarter.com/discover/categories/technology/web?ref=category_modal&sort=magic",8,6,"Tuesday","Friday","Sunday",10,14,2014,11,6,20,2014,9,8,17,2014,11,58,58,0,1
146835501,"Project Picock",250000,"project-picock","GB","GBP",FALSE,"Web","https://www.kickstarter.com/discover/categories/technology/web?ref=category_modal&sort=magic",2,2,"Saturday","Thursday","Tuesday",11,1,2014,0,9,11,2014,11,9,30,2014,0,18,32,1,1.62343197
1764228919,"ug scholar",8000,"ug-scholar","US","USD",FALSE,"Web","https://www.kickstarter.com/discover/categories/technology/web?ref=category_modal&sort=magic",2,2,"Thursday","Tuesday","Tuesday",1,12,2017,6,11,8,2016,2,12,13,2016,6,35,30,0,1
652740377,"3D Texture Hub: The One-Stop Site for Artists and Designers",15000,"3d-texture-hub-the-one-stop-site-for-artists-and-h","US","USD",FALSE,"Web","https://www.kickstarter.com/discover/categories/technology/web?ref=category_modal&sort=magic",10,8,"Wednesday","Saturday","Monday",7,30,2014,22,7,5,2014,19,7,14,2014,16,8,16,0,1
699637533,"Affinity LIVE  the successor to plug.dj",17500,"affinity-live-the-successor-to-plugdj","US","USD",FALSE,"Web","https://www.kickstarter.com/discover/categories/technology/web?ref=category_modal&sort=magic",6,4,"Sunday","Friday","Friday",2,28,2016,14,1,29,2016,0,1,29,2016,14,0,30,1,1
1702859051,"Fitness Revolution / Push Up Challenge",5000,"fitness-revolution-push-up-challenge","US","USD",FALSE,"Web","https://www.kickstarter.com/discover/categories/technology/web?ref=category_modal&sort=magic",6,6,"Wednesday","Tuesday","Wednesday",7,30,2014,15,7,8,2014,13,7,16,2014,15,8,14,0,1
1086023511,"PartiQ – The fair and collaborative playlist",350000,"partiq-the-fair-and-collaborative-playlist","SE","SEK",FALSE,"Web","https://www.kickstarter.com/discover/categories/technology/web?ref=category_modal&sort=magic",7,6,"Friday","Wednesday","Wednesday",1,16,2015,3,12,10,2014,6,12,17,2014,3,6,30,0,0.13122702
1192405496,"WebEditor: Manage your website easily with this platform",50000,"webeditor-i-want-anyone-to-easily-edit-their-websi","US","USD",FALSE,"Web","https://www.kickstarter.com/discover/categories/technology/web?ref=category_modal&sort=magic",8,5,"Wednesday","Sunday","Monday",7,23,2014,18,6,22,2014,9,6,23,2014,18,1,30,0,1
1954410611,"Spots",1e+05,"spots","NL","EUR",FALSE,"Web","https://www.kickstarter.com/discover/categories/technology/web?ref=category_modal&sort=magic",1,1,"Thursday","Wednesday","Thursday",7,14,2016,15,6,15,2016,4,6,16,2016,15,1,28,0,1.12036156
1713088920,"Geekletes: The Competitive Gaming Technology Platform",19200,"geekletes-the-competitive-gaming-technology-platfo","US","USD",FALSE,"Web","https://www.kickstarter.com/discover/categories/technology/web?ref=category_modal&sort=magic",6,6,"Tuesday","Wednesday","Sunday",9,15,2015,17,7,1,2015,22,8,16,2015,19,45,29,0,1
1607478408,"Decolonize the Internet",12000,"decolonize-the-internet","US","USD",FALSE,"Web","https://www.kickstarter.com/discover/categories/technology/web?ref=category_modal&sort=magic",3,2,"Wednesday","Friday","Tuesday",9,30,2015,22,3,20,2015,19,9,1,2015,12,164,29,0,1
1313941174,"Learn jQuery & Ajax from Zero to Superman - Step by step",1900,"learn-jquery-and-ajax-from-zero-to-superman-step-b","IT","EUR",FALSE,"Web","https://www.kickstarter.com/discover/categories/technology/web?ref=category_modal&sort=magic",12,9,"Saturday","Saturday","Wednesday",11,26,2016,11,7,23,2016,21,10,26,2016,11,94,31,1,1.0879617
2137305026,"dfiltr: Popping Your Filter Bubble",10000,"dfiltr-popping-your-filter-bubble","US","USD",FALSE,"Web","https://www.kickstarter.com/discover/categories/technology/web?ref=category_modal&sort=magic",5,5,"Thursday","Friday","Tuesday",7,17,2014,20,5,30,2014,4,6,17,2014,20,18,30,0,1
2005399202,"havzee",4500,"havzee","US","USD",FALSE,"Web","https://www.kickstarter.com/discover/categories/technology/web?ref=category_modal&sort=magic",1,1,"Monday","Thursday","Friday",9,1,2014,12,7,10,2014,1,7,18,2014,12,8,45,0,1
1223512008,"Beautiful Being Box",300,"beautiful-being-box","CA","CAD",FALSE,"Web","https://www.kickstarter.com/discover/categories/technology/web?ref=category_modal&sort=magic",3,3,"Sunday","Friday","Friday",8,16,2015,11,7,17,2015,10,7,17,2015,11,0,30,1,0.77474817
145968602,"Press For Success: WordPress Beyond the Build",34500,"press-for-success-wordpress-beyond-the-build","US","USD",FALSE,"Web","https://www.kickstarter.com/discover/categories/technology/web?ref=category_modal&sort=magic",7,6,"Wednesday","Thursday","Monday",3,2,2016,10,1,28,2016,8,2,1,2016,10,4,30,0,1
924270511,"Computer Nightlight- Illuminate your Home with the Internet!",100,"computer-nightlight","US","USD",FALSE,"Web","https://www.kickstarter.com/discover/categories/technology/web?ref=category_modal&sort=magic",8,5,"Saturday","Friday","Tuesday",11,29,2014,13,9,26,2014,16,9,30,2014,13,3,60,1,1
1321055096,"GrappleLog for Brazilian Jiu Jitsu Athletes",10900,"grapplelog-for-brazilian-jiu-jitsu-athletes","US","USD",FALSE,"Web","https://www.kickstarter.com/discover/categories/technology/web?ref=category_modal&sort=magic",6,5,"Wednesday","Tuesday","Thursday",4,1,2015,23,12,31,2013,14,3,12,2015,23,436,20,0,1
1556004369,"Go Get Modern",5300,"go-get-modern","US","USD",FALSE,"Web","https://www.kickstarter.com/discover/categories/technology/web?ref=category_modal&sort=magic",3,3,"Sunday","Sunday","Thursday",6,12,2016,17,5,8,2016,17,5,12,2016,8,3,31,1,1
723623119,"Banknote Central - Numismatic Collector Inventory Online",30000,"banknote-central-numismatic-collector-inventory-on","US","USD",FALSE,"Web","https://www.kickstarter.com/discover/categories/technology/web?ref=category_modal&sort=magic",7,7,"Thursday","Thursday","Tuesday",11,19,2015,19,10,15,2015,12,10,20,2015,19,5,30,0,1
2082121604,"Web Based Text Message Marketing Platform",3500,"web-based-text-message-marketing-platform","US","USD",FALSE,"Web","https://www.kickstarter.com/discover/categories/technology/web?ref=category_modal&sort=magic",6,6,"Sunday","Wednesday","Friday",9,4,2016,11,8,3,2016,13,8,5,2016,11,1,30,1,1
1502297285,"Wir wollen  dass jedes Kind Mathe verstehen + anwenden kann.",30000,"math-your-brain-der-mathe-hirn-aktivator","DE","EUR",FALSE,"Web","https://www.kickstarter.com/discover/categories/technology/web?ref=category_modal&sort=magic",10,10,"Sunday","Wednesday","Wednesday",9,4,2016,4,6,1,2016,14,7,6,2016,4,34,60,1,1.11339977
263847417,"Social Networking with a Purpose",5000,"social-networking-with-a-purpose","US","USD",FALSE,"Web","https://www.kickstarter.com/discover/categories/technology/web?ref=category_modal&sort=magic",5,3,"Friday","Sunday","Tuesday",10,31,2014,7,8,31,2014,7,9,2,2014,22,2,58,0,1
1869347475,"The School of Invention™  Invent Something!",29000,"the-school-of-invention-platform-and-lean-inventio","US","USD",FALSE,"Web","https://www.kickstarter.com/discover/categories/technology/web?ref=category_modal&sort=magic",6,5,"Friday","Sunday","Tuesday",12,18,2015,11,10,11,2015,16,11,10,2015,11,29,38,0,1
1192979081,"CarFae",5000,"carfae","US","USD",FALSE,"Web","https://www.kickstarter.com/discover/categories/technology/web?ref=category_modal&sort=magic",1,1,"Friday","Tuesday","Thursday",9,25,2015,22,8,18,2015,12,8,20,2015,11,1,36,0,1
1640613752,"The Praise Report Christian Social Media",1000,"the-praise-report-christian-social-media","US","USD",FALSE,"Web","https://www.kickstarter.com/discover/categories/technology/web?ref=category_modal&sort=magic",6,6,"Wednesday","Monday","Monday",9,17,2014,22,8,11,2014,18,8,18,2014,22,7,30,0,1
38741312,"The Back 9",2000,"the-back-9","US","USD",FALSE,"Web","https://www.kickstarter.com/discover/categories/technology/web?ref=category_modal&sort=magic",3,3,"Sunday","Thursday","Friday",9,4,2016,9,8,4,2016,9,8,5,2016,9,1,30,1,1
703658451,"Zuloco",3500,"zuloco","NL","EUR",FALSE,"Web","https://www.kickstarter.com/discover/categories/technology/web?ref=category_modal&sort=magic",1,1,"Saturday","Tuesday","Wednesday",5,21,2016,14,5,10,2016,11,5,11,2016,14,1,10,1,1.13788426
862279235,"Living The Life",5000,"living-the-life","US","USD",FALSE,"Web","https://www.kickstarter.com/discover/categories/technology/web?ref=category_modal&sort=magic",3,3,"Saturday","Friday","Monday",10,31,2015,15,9,18,2015,17,9,21,2015,15,2,40,1,1
2102435100,"Resumes on a completely different way!",4000,"change-the-way-we-hire","IE","EUR",FALSE,"Web","https://www.kickstarter.com/discover/categories/technology/web?ref=category_modal&sort=magic",6,4,"Saturday","Monday","Tuesday",10,29,2016,18,10,3,2016,9,10,4,2016,18,1,25,1,1.12334307
617665042,"freelancer.international - The global contractor marketplace",10000,"freelancerinternational-the-global-contractor-mark","AU","AUD",FALSE,"Web","https://www.kickstarter.com/discover/categories/technology/web?ref=category_modal&sort=magic",6,6,"Wednesday","Saturday","Monday",9,24,2014,22,8,16,2014,14,8,25,2014,22,9,30,0,0.93161742
666242672,"Pet Card ( Cartilla Veterinaria )",5000,"pet-card-cartilla-veterinaria","ES","EUR",FALSE,"Web","https://www.kickstarter.com/discover/categories/technology/web?ref=category_modal&sort=magic",6,6,"Thursday","Monday","Tuesday",12,1,2016,12,10,31,2016,9,11,1,2016,12,1,30,0,1.09649123
1257835479,"Zikube",3e+05,"zikube","FR","EUR",FALSE,"Web","https://www.kickstarter.com/discover/categories/technology/web?ref=category_modal&sort=magic",1,1,"Thursday","Wednesday","Tuesday",2,11,2016,2,1,6,2016,4,1,12,2016,2,5,30,0,1.09160057
622655588,"mynewswire.net",25000,"mynewswirenet","GB","GBP",FALSE,"Web","https://www.kickstarter.com/discover/categories/technology/web?ref=category_modal&sort=magic",1,1,"Friday","Wednesday","Wednesday",1,6,2017,12,11,9,2016,10,12,7,2016,12,28,30,0,1.27446495
1315608319,"Warrior Ed",50000,"warrior-ed","US","USD",FALSE,"Web","https://www.kickstarter.com/discover/categories/technology/web?ref=category_modal&sort=magic",2,2,"Thursday","Sunday","Tuesday",6,23,2016,11,5,22,2016,23,5,24,2016,11,1,30,0,1
886408598,"Your medical alerts/records instantly viewed!",1e+05,"your-medical-alerts-records-instantly-viewed","US","USD",FALSE,"Web","https://www.kickstarter.com/discover/categories/technology/web?ref=category_modal&sort=magic",5,5,"Wednesday","Thursday","Monday",2,1,2017,13,12,22,2016,14,1,2,2017,13,10,30,0,1
733508023,"RealSpace - Make Your Dreams a Reality !",150000,"realspace-make-your-dreams-a-reality","IT","EUR",FALSE,"Web","https://www.kickstarter.com/discover/categories/technology/web?ref=category_modal&sort=magic",8,7,"Friday","Sunday","Wednesday",7,15,2016,6,6,12,2016,4,6,15,2016,6,3,30,0,1.12932971
1778981530,"Entrust- me",50000,"entrust-me","FR","EUR",FALSE,"Web","https://www.kickstarter.com/discover/categories/technology/web?ref=category_modal&sort=magic",2,1,"Wednesday","Friday","Monday",8,17,2016,13,7,15,2016,19,7,18,2016,13,2,30,0,1.10363095
1381906667,"Police Registry",80000,"police-registry","US","USD",FALSE,"Web","https://www.kickstarter.com/discover/categories/technology/web?ref=category_modal&sort=magic",2,2,"Monday","Thursday","Thursday",12,15,2014,15,10,9,2014,15,10,16,2014,16,7,59,0,1
1893227791,"WhichWinery.com - the World's Largest Wine Travel Platform",12000,"whichwinerycom-the-worlds-largest-wine-travel-plat","US","USD",FALSE,"Web","https://www.kickstarter.com/discover/categories/technology/web?ref=category_modal&sort=magic",8,7,"Thursday","Thursday","Tuesday",1,19,2017,21,3,24,2016,14,12,20,2016,21,271,30,0,1
879833888,"Make An Offer Application",42000,"make-an-offer-application","US","USD",FALSE,"Web","https://www.kickstarter.com/discover/categories/technology/web?ref=category_modal&sort=magic",4,4,"Saturday","Tuesday","Thursday",6,20,2015,13,3,24,2015,16,5,21,2015,13,57,30,1,1
679196675,"The NAN - No Ad Network",50000,"the-nan-no-ad-network","US","USD",FALSE,"Web","https://www.kickstarter.com/discover/categories/technology/web?ref=category_modal&sort=magic",6,6,"Thursday","Friday","Tuesday",3,12,2015,12,2,6,2015,2,2,10,2015,12,4,30,0,1
1701249995,"VennYu.com - New Search Engine & Crowd-Sourced Data Archive",68000,"vennyucom-new-search-engine-and-crowd-sourced-data","US","USD",FALSE,"Web","https://www.kickstarter.com/discover/categories/technology/web?ref=category_modal&sort=magic",9,9,"Friday","Wednesday","Sunday",11,14,2014,18,9,24,2014,14,10,12,2014,21,18,32,0,1
1195780671,"Zarlo - A better way to manage your property",100,"zarlo-a-better-way-to-manage-your-property","GB","GBP",FALSE,"Web","https://www.kickstarter.com/discover/categories/technology/web?ref=category_modal&sort=magic",9,7,"Sunday","Sunday","Friday",9,25,2016,1,8,21,2016,13,8,26,2016,1,4,30,1,1.32285106
1328575026,"Paramountshome.org Historical Music Website Needs Tuning",3000,"paramountshomeorg-historical-music-website-needs-t","US","USD",FALSE,"Web","https://www.kickstarter.com/discover/categories/technology/web?ref=category_modal&sort=magic",6,6,"Wednesday","Friday","Monday",7,15,2015,14,6,12,2015,13,6,15,2015,14,3,30,0,1
2124151056,"Stamp the Time",10000,"stamp-the-time","IT","EUR",FALSE,"Web","https://www.kickstarter.com/discover/categories/technology/web?ref=category_modal&sort=magic",3,2,"Sunday","Monday","Wednesday",4,10,2016,10,2,8,2016,15,2,10,2016,10,1,60,1,1.12195669
1378933706,"Socialnetwk - A new breed of social networking.",50000,"socialnetwk-a-new-breed-of-social-networking","GB","GBP",FALSE,"Web","https://www.kickstarter.com/discover/categories/technology/web?ref=category_modal&sort=magic",8,7,"Thursday","Wednesday","Tuesday",10,15,2015,19,9,9,2015,18,9,15,2015,19,6,30,0,1.54496943
1324990564,"Digitalify",660,"digitalify","ES","EUR",FALSE,"Web","https://www.kickstarter.com/discover/categories/technology/web?ref=category_modal&sort=magic",1,1,"Friday","Monday","Tuesday",12,2,2016,10,9,26,2016,8,10,18,2016,10,22,45,0,1.09775509
2115301177,"Focus: plan  understand  and achieve your goals",5000,"focus-hierarchical-objective-planning-and-executio","US","USD",FALSE,"Web","https://www.kickstarter.com/discover/categories/technology/web?ref=category_modal&sort=magic",7,5,"Saturday","Tuesday","Thursday",1,14,2017,16,12,6,2016,18,12,15,2016,16,8,30,1,1
885363680,"The PM-Now Network - Share the Knowledge",35000,"the-pm-now-network-share-the-knowledge","AU","AUD",FALSE,"Web","https://www.kickstarter.com/discover/categories/technology/web?ref=category_modal&sort=magic",7,6,"Wednesday","Wednesday","Monday",11,18,2015,21,9,30,2015,4,10,19,2015,21,19,30,0,0.72661798
1757550755,"My Child's Chronicle Web Site - Digital Scrapbooking",27500,"my-childs-chronicle-web-site-digital-scrapbooking","US","USD",FALSE,"Web","https://www.kickstarter.com/discover/categories/technology/web?ref=category_modal&sort=magic",8,8,"Thursday","Thursday","Monday",2,11,2016,15,11,19,2015,8,12,28,2015,15,39,45,0,1
447551205,"Amazon Product Page Monitor",20000,"amazon-product-page-monitor","GB","GBP",FALSE,"Web","https://www.kickstarter.com/discover/categories/technology/web?ref=category_modal&sort=magic",4,4,"Wednesday","Saturday","Monday",10,28,2015,10,9,26,2015,0,9,28,2015,10,2,30,0,1.51797357
2142755977,"Your Social Domain",50000,"your-social-domain","AU","AUD",FALSE,"Web","https://www.kickstarter.com/discover/categories/technology/web?ref=category_modal&sort=magic",3,3,"Saturday","Tuesday","Tuesday",10,11,2014,6,6,17,2014,5,8,12,2014,6,56,60,1,0.92817503
846484758,"www.accessiblehotels.org Fund-Raiser",8000,"wwwaccessiblehotelsorg-fund-raiser","US","USD",FALSE,"Web","https://www.kickstarter.com/discover/categories/technology/web?ref=category_modal&sort=magic",2,2,"Sunday","Thursday","Friday",5,17,2015,0,4,2,2015,17,4,17,2015,20,15,29,1,1
652364420,"College Success Formula - Planning for High School Families",50000,"college-success-formula-planning-for-high-school-f","US","USD",FALSE,"Web","https://www.kickstarter.com/discover/categories/technology/web?ref=category_modal&sort=magic",9,8,"Wednesday","Saturday","Monday",5,6,2015,16,4,4,2015,18,4,6,2015,16,1,30,0,1
1604784448,"BUYHOOD.com - Time to make a change",1000,"buyhoodcom-time-to-make-a-change","US","USD",FALSE,"Web","https://www.kickstarter.com/discover/categories/technology/web?ref=category_modal&sort=magic",7,5,"Sunday","Thursday","Friday",8,10,2014,14,7,10,2014,12,7,11,2014,14,1,30,1,1
737380551,"www.Dyroes.com",15000,"wwwdyroescom","US","USD",FALSE,"Web","https://www.kickstarter.com/discover/categories/technology/web?ref=category_modal&sort=magic",1,1,"Monday","Friday","Thursday",6,30,2014,16,5,23,2014,15,6,5,2014,10,12,25,0,1
1016645962,"Sympic",3000,"sympic","GB","GBP",FALSE,"Web","https://www.kickstarter.com/discover/categories/technology/web?ref=category_modal&sort=magic",1,1,"Wednesday","Friday","Monday",2,25,2015,15,1,23,2015,13,1,26,2015,15,3,30,0,1.4994572
1701454856,"Whoneedsa4th.com",75000,"whoneedsa4th","CA","CAD",FALSE,"Web","https://www.kickstarter.com/discover/categories/technology/web?ref=category_modal&sort=magic",1,1,"Sunday","Sunday","Wednesday",3,8,2015,7,12,14,2014,8,1,7,2015,7,23,60,1,0.85094434
1146964111,"YouCollide: Collaboration for Content Creators",260000,"youcollide-collaboration-for-content-creators","SE","SEK",FALSE,"Web","https://www.kickstarter.com/discover/categories/technology/web?ref=category_modal&sort=magic",5,4,"Sunday","Thursday","Friday",5,3,2015,16,4,2,2015,21,4,3,2015,16,0,30,1,0.11554545
1774930893,"Ezchallenges.com",10000,"ezchallengescom","CA","CAD",FALSE,"Web","https://www.kickstarter.com/discover/categories/technology/web?ref=category_modal&sort=magic",1,1,"Wednesday","Saturday","Monday",9,9,2015,13,8,1,2015,13,8,10,2015,13,9,30,0,0.76143427
1899216286,"Look@Me! (Phase 1)",10000,"lookme-phase-1","US","USD",FALSE,"Web","https://www.kickstarter.com/discover/categories/technology/web?ref=category_modal&sort=magic",3,3,"Monday","Sunday","Saturday",1,26,2015,16,12,21,2014,20,12,27,2014,16,5,30,0,1
1080910319,"Mi Kidz: The Ultimate Cooking Playground",54000,"mi-kidz-the-ultimate-cooking-playground","US","USD",FALSE,"Web","https://www.kickstarter.com/discover/categories/technology/web?ref=category_modal&sort=magic",6,6,"Saturday","Monday","Thursday",6,4,2016,0,4,25,2016,15,5,5,2016,0,9,30,1,1
1620941307,"Teach 3D Animation - Video Game Design to Students Worldwide",3000,"bring-3d-animation-video-game-design-to-students-w","US","USD",FALSE,"Web","https://www.kickstarter.com/discover/categories/technology/web?ref=category_modal&sort=magic",10,9,"Thursday","Friday","Tuesday",6,11,2015,13,1,30,2015,11,5,12,2015,13,102,30,0,1
72297499,"Help the www.theanimalsocialnetwork.com save your pet!",17000,"help-the-wwwtheanimalsocialnetworkcom-save-your-pe","US","USD",FALSE,"Web","https://www.kickstarter.com/discover/categories/technology/web?ref=category_modal&sort=magic",6,4,"Monday","Thursday","Friday",11,10,2014,12,7,24,2014,16,9,26,2014,12,63,45,0,1
1850525860,"Pet Food Buyers Club  grow your direct referral network. DRN",50000,"pet-food-buyers-club-grow-your-direct-referral-net","US","USD",FALSE,"Web","https://www.kickstarter.com/discover/categories/technology/web?ref=category_modal&sort=magic",10,9,"Sunday","Wednesday","Friday",8,24,2014,19,4,16,2014,11,7,25,2014,19,100,30,1,1
1599069776,"DUELSET - Be the best!",9000,"duelset-be-the-best","AU","AUD",FALSE,"Web","https://www.kickstarter.com/discover/categories/technology/web?ref=category_modal&sort=magic",5,4,"Friday","Tuesday","Monday",4,10,2015,20,6,24,2014,21,2,9,2015,20,229,60,0,0.77963956
833416482,"Deviations",4500,"deviations-0","US","USD",FALSE,"Web","https://www.kickstarter.com/discover/categories/technology/web?ref=category_modal&sort=magic",1,1,"Wednesday","Sunday","Monday",10,28,2015,20,9,27,2015,18,9,28,2015,20,1,30,0,1
254974975,"Langwiser - video lessons with native speaking teachers",10000,"langwiser-video-lessons-with-native-speaking-teach","GB","GBP",FALSE,"Web","https://www.kickstarter.com/discover/categories/technology/web?ref=category_modal&sort=magic",8,7,"Thursday","Saturday","Tuesday",10,29,2015,16,9,26,2015,14,9,29,2015,16,3,30,0,1.51998091
1455518845,"Business & Event Directory in Kingston  Ontario",5000,"business-and-event-directory-in-kingston-ontario","CA","CAD",FALSE,"Web","https://www.kickstarter.com/discover/categories/technology/web?ref=category_modal&sort=magic",7,6,"Monday","Saturday","Wednesday",1,30,2017,23,1,14,2017,12,1,18,2017,10,3,12,0,0.76096378
462907412,"sellorshopusa.com",25000,"sellorshopusacom","US","USD",FALSE,"Web","https://www.kickstarter.com/discover/categories/technology/web?ref=category_modal&sort=magic",1,1,"Friday","Thursday","Wednesday",11,14,2014,12,7,10,2014,9,10,15,2014,12,97,30,0,1
1961071593,"MedCaddie.com - we offer a TWIST on life!",12500,"medcaddiecom-we-offer-a-twist-on-life","US","USD",FALSE,"Web","https://www.kickstarter.com/discover/categories/technology/web?ref=category_modal&sort=magic",8,5,"Monday","Thursday","Thursday",9,14,2015,10,7,9,2015,15,7,16,2015,10,6,60,0,1
32553887,"RecruitMe",1e+05,"recruitme","US","USD",FALSE,"Web","https://www.kickstarter.com/discover/categories/technology/web?ref=category_modal&sort=magic",1,1,"Saturday","Monday","Wednesday",1,10,2015,11,10,20,2014,18,11,26,2014,11,36,45,1,1
1659966807,"Make www.baksteg.se -> Multilingual Community",470000,"make-wwwbakstegse-multilingual-community","SE","SEK",FALSE,"Web","https://www.kickstarter.com/discover/categories/technology/web?ref=category_modal&sort=magic",5,5,"Saturday","Monday","Monday",8,29,2015,17,9,15,2014,7,7,13,2015,17,301,47,1,0.11866231
857781175,"NetFit",1500,"netfit","US","USD",FALSE,"Web","https://www.kickstarter.com/discover/categories/technology/web?ref=category_modal&sort=magic",1,1,"Sunday","Friday","Friday",9,20,2015,21,7,3,2015,12,8,21,2015,21,49,30,1,1
1526483054,"Stop Bad Animal Breeders",50000,"stop-bad-animal-breeders","US","USD",FALSE,"Web","https://www.kickstarter.com/discover/categories/technology/web?ref=category_modal&sort=magic",4,4,"Tuesday","Sunday","Friday",2,16,2016,23,12,6,2015,20,12,18,2015,23,12,60,0,1
1548256578,"musicworldtakeover",3000,"musicworldtakeover","US","USD",FALSE,"Web","https://www.kickstarter.com/discover/categories/technology/web?ref=category_modal&sort=magic",1,1,"Wednesday","Sunday","Tuesday",11,30,2016,19,10,23,2016,3,10,25,2016,0,1,36,0,1
678493514,"GEODIS24 - Free Global Geocoded Disposal Information System",75000,"geodis24-free-global-geocoded-disposal-information","AT","EUR",FALSE,"Web","https://www.kickstarter.com/discover/categories/technology/web?ref=category_modal&sort=magic",8,8,"Thursday","Saturday","Tuesday",1,14,2016,1,12,5,2015,9,12,15,2015,1,9,30,0,1.09601893
1517877697,"IU.me: Your Cloud Platform to Socialize-Collaborate-Automate",50000,"iume-your-cloud-platform-to-socialize-collaborate","US","USD",FALSE,"Web","https://www.kickstarter.com/discover/categories/technology/web?ref=category_modal&sort=magic",6,5,"Friday","Tuesday","Wednesday",5,8,2015,7,1,27,2015,11,4,8,2015,7,70,30,0,1
285499421,"VHelper - A new system of volunteer work",5000,"a-new-system-of-volunteer-work","US","USD",FALSE,"Web","https://www.kickstarter.com/discover/categories/technology/web?ref=category_modal&sort=magic",8,7,"Saturday","Sunday","Monday",8,22,2015,11,6,14,2015,11,7,13,2015,11,28,40,1,1
988364397,"Roost Flatmate Expense Accounting",3500,"roost-flatmate-expense-accounting","NZ","NZD",FALSE,"Web","https://www.kickstarter.com/discover/categories/technology/web?ref=category_modal&sort=magic",4,4,"Thursday","Friday","Tuesday",4,9,2015,2,3,6,2015,18,3,10,2015,2,3,30,0,0.73471931
1056599532,"notextanddrive.com",50000,"notextanddrivecom","US","USD",FALSE,"Web","https://www.kickstarter.com/discover/categories/technology/web?ref=category_modal&sort=magic",1,1,"Wednesday","Monday","Monday",2,11,2015,12,12,8,2014,11,1,12,2015,12,35,30,0,1
2035692659,"The Welcome to the World Project",30000,"the-welcome-to-the-world-project","US","USD",FALSE,"Web","https://www.kickstarter.com/discover/categories/technology/web?ref=category_modal&sort=magic",6,4,"Saturday","Monday","Thursday",5,23,2015,11,4,20,2015,21,4,23,2015,11,2,30,1,1
486557072,"The Metropolitan Museum of Natural History (Canceled)",100,"the-metropolitan-museum-of-natural-history","US","USD",FALSE,"Web","https://www.kickstarter.com/discover/categories/technology/web?ref=category_modal&sort=magic",7,6,"Friday","Tuesday","Wednesday",7,3,2015,16,6,2,2015,18,6,3,2015,16,0,30,0,1
749049401,"Fitness360 - Health & Fitness Anytime  Anywhere.",25000,"fitness360-health-and-fitness-anytime-anywhere","US","USD",FALSE,"Web","https://www.kickstarter.com/discover/categories/technology/web?ref=category_modal&sort=magic",7,7,"Friday","Tuesday","Wednesday",10,9,2015,9,9,8,2015,0,9,9,2015,9,1,30,0,1
663430981,"Your Virtual Concierge",20000,"your-virtual-concierge","US","USD",FALSE,"Web","https://www.kickstarter.com/discover/categories/technology/web?ref=category_modal&sort=magic",3,3,"Sunday","Tuesday","Friday",4,26,2015,15,3,10,2015,13,3,27,2015,15,17,30,1,1
2135260467,"Airport Parking at Your House",3000,"airport-parking-at-your-house","US","USD",FALSE,"Web","https://www.kickstarter.com/discover/categories/technology/web?ref=category_modal&sort=magic",5,4,"Thursday","Friday","Tuesday",10,27,2016,17,9,23,2016,19,9,27,2016,17,3,30,0,1
1674066918,"Tribal Leadership / Consulting Hub",10000,"tribal-leadership-consulting-hub","AU","AUD",FALSE,"Web","https://www.kickstarter.com/discover/categories/technology/web?ref=category_modal&sort=magic",5,5,"Wednesday","Friday","Saturday",12,2,2015,19,10,2,2015,1,10,3,2015,19,1,60,0,0.70320274
2082044583,"INVEST IN AZKPFIFAGAMING",400,"invest-in-azkpfifagaming","AU","AUD",FALSE,"Web","https://www.kickstarter.com/discover/categories/technology/web?ref=category_modal&sort=magic",3,3,"Thursday","Sunday","Tuesday",2,26,2015,15,1,25,2015,18,1,27,2015,15,1,30,0,0.78842777
1898516065,"FOOTBALL Players/Fans Website/App",10000,"football-players-fans-website-app","NZ","NZD",FALSE,"Web","https://www.kickstarter.com/discover/categories/technology/web?ref=category_modal&sort=magic",3,3,"Friday","Sunday","Tuesday",7,22,2016,19,6,26,2016,21,6,28,2016,13,1,24,0,0.70503018
901991720,"Sharzet Social Networking With No Limits Web Site",14000,"sharzet-social-networking-with-no-limits-web-site","US","USD",FALSE,"Web","https://www.kickstarter.com/discover/categories/technology/web?ref=category_modal&sort=magic",8,8,"Friday","Wednesday","Wednesday",11,14,2014,12,10,8,2014,15,10,15,2014,12,6,30,0,1
1995597757,"Affordable Web Based Landscape Design",2500,"affordable-web-based-landscape-design","US","USD",FALSE,"Web","https://www.kickstarter.com/discover/categories/technology/web?ref=category_modal&sort=magic",5,5,"Monday","Thursday","Thursday",3,23,2015,18,12,4,2014,18,1,22,2015,18,49,60,0,1
1352245741,"SimplyHire.co | Connecting Students with Local Communities",50000,"simplyhireco-connecting-students-with-local-commun","CA","CAD",FALSE,"Web","https://www.kickstarter.com/discover/categories/technology/web?ref=category_modal&sort=magic",7,6,"Thursday","Monday","Tuesday",8,13,2015,12,7,13,2015,15,7,14,2015,12,0,30,0,0.78762484
1925320015,"cohabconnect.com",25000,"cohabconnectcom","US","USD",FALSE,"Web","https://www.kickstarter.com/discover/categories/technology/web?ref=category_modal&sort=magic",1,1,"Thursday","Wednesday","Monday",3,17,2016,8,12,9,2015,17,2,1,2016,8,53,45,0,1
945237228,"Open Mentoring Network",20000,"open-mentoring-network","AU","AUD",FALSE,"Web","https://www.kickstarter.com/discover/categories/technology/web?ref=category_modal&sort=magic",3,3,"Monday","Thursday","Saturday",11,2,2015,19,10,1,2015,22,10,3,2015,19,1,30,0,0.70320274
490516805,"Real Estate Restart",25000,"real-estate-restart","US","USD",FALSE,"Web","https://www.kickstarter.com/discover/categories/technology/web?ref=category_modal&sort=magic",3,3,"Wednesday","Wednesday","Sunday",12,3,2014,10,9,10,2014,16,10,19,2014,10,38,45,0,1
2037227222,"SwapZone",3800,"swapzone","GB","GBP",FALSE,"Web","https://www.kickstarter.com/discover/categories/technology/web?ref=category_modal&sort=magic",1,1,"Saturday","Wednesday","Thursday",11,22,2014,0,10,15,2014,3,10,23,2014,0,7,30,1,1.61211277
771171235,"CricketFan.Me - Free Email Service",5402,"cricketfanme-free-email-service","AU","AUD",FALSE,"Web","https://www.kickstarter.com/discover/categories/technology/web?ref=category_modal&sort=magic",5,5,"Saturday","Tuesday","Wednesday",3,28,2015,8,2,10,2015,23,2,18,2015,4,7,38,1,0.78036295
1642232564,"Opinioni.com -  First Read  then Buy",150,"opinionicom-first-read-then-buy","IT","EUR",FALSE,"Web","https://www.kickstarter.com/discover/categories/technology/web?ref=category_modal&sort=magic",6,5,"Friday","Saturday","Wednesday",10,9,2015,14,9,5,2015,7,9,9,2015,14,4,30,0,1.11638417
984784835,"ExamTester",30000,"examtester","US","USD",FALSE,"Web","https://www.kickstarter.com/discover/categories/technology/web?ref=category_modal&sort=magic",1,1,"Saturday","Wednesday","Thursday",8,29,2015,11,7,29,2015,12,7,30,2015,11,0,30,1,1
520156024,"Transportation Optimization Gate",5000,"transportation-optimization-gate","US","USD",FALSE,"Web","https://www.kickstarter.com/discover/categories/technology/web?ref=category_modal&sort=magic",3,3,"Saturday","Monday","Thursday",2,28,2015,3,1,19,2015,7,1,29,2015,3,9,30,1,1
1261150604,"Smartpitch",5000,"smartpitch","GB","GBP",FALSE,"Web","https://www.kickstarter.com/discover/categories/technology/web?ref=category_modal&sort=magic",1,1,"Monday","Friday","Monday",10,20,2014,15,9,12,2014,6,9,15,2014,15,3,35,0,1.62665899
1004131124,"Inhale Sunrises.",250000,"rule-no-1-inhale-sunrises","US","USD",FALSE,"Web","https://www.kickstarter.com/discover/categories/technology/web?ref=category_modal&sort=magic",2,2,"Tuesday","Sunday","Tuesday",4,14,2015,0,3,15,2015,18,4,7,2015,19,23,6,0,1
881978749,"Genesis Sites",3000,"genesis-sites","US","USD",FALSE,"Web","https://www.kickstarter.com/discover/categories/technology/web?ref=category_modal&sort=magic",2,2,"Sunday","Tuesday","Friday",9,28,2014,6,8,26,2014,16,8,29,2014,6,2,30,1,1
263003932,"Buy and sell used items with drobeline",30000,"buy-and-sell-used-items-with-drobeline","GB","GBP",FALSE,"Web","https://www.kickstarter.com/discover/categories/technology/web?ref=category_modal&sort=magic",7,5,"Wednesday","Sunday","Monday",10,28,2015,12,9,27,2015,6,9,28,2015,12,1,30,0,1.51797357
810980597,"Multi mobility social network for all communities",30000,"multi-mobility-social-network-for-all-communities","AU","AUD",FALSE,"Web","https://www.kickstarter.com/discover/categories/technology/web?ref=category_modal&sort=magic",7,5,"Saturday","Wednesday","Thursday",6,18,2016,17,5,18,2016,6,5,19,2016,17,1,30,1,0.72854596
1489465460,"ÜberAir - Flightsharing for Commercial and Private Flying",95000,"uberair-flightsharing","AU","AUD",FALSE,"Web","https://www.kickstarter.com/discover/categories/technology/web?ref=category_modal&sort=magic",8,6,"Sunday","Wednesday","Wednesday",9,18,2016,17,7,20,2016,3,7,20,2016,17,0,60,1,0.75301885
2026388004,"TalentSpotta",82000,"talentspotta","GB","GBP",FALSE,"Web","https://www.kickstarter.com/discover/categories/technology/web?ref=category_modal&sort=magic",1,1,"Friday","Tuesday","Wednesday",3,6,2015,14,1,27,2015,8,2,4,2015,14,8,30,0,1.5032214
745938589,"The Fitness Refinery",3000,"the-fitness-refinery","GB","GBP",FALSE,"Web","https://www.kickstarter.com/discover/categories/technology/web?ref=category_modal&sort=magic",3,3,"Saturday","Wednesday","Thursday",11,15,2014,12,10,8,2014,15,10,16,2014,12,7,30,1,1.58975435
52373301,"Public Market Website",2000,"public-market-website","US","USD",FALSE,"Web","https://www.kickstarter.com/discover/categories/technology/web?ref=category_modal&sort=magic",3,3,"Wednesday","Monday","Sunday",3,11,2015,22,1,19,2015,15,1,25,2015,22,6,45,0,1
274852444,"PWN Shop",1e+05,"pwn-shop","US","USD",FALSE,"Web","https://www.kickstarter.com/discover/categories/technology/web?ref=category_modal&sort=magic",2,2,"Thursday","Wednesday","Tuesday",8,25,2016,13,7,13,2016,13,7,26,2016,0,12,30,0,1
2139728132,"ONE DEGREE  a productive social network",1e+06,"one-degree-a-productive-social-network","US","USD",FALSE,"Web","https://www.kickstarter.com/discover/categories/technology/web?ref=category_modal&sort=magic",6,5,"Thursday","Thursday","Tuesday",3,19,2015,11,2,12,2015,7,2,17,2015,11,5,30,0,1
612632923,"Wisp....making wishes real",12500,"wispmaking-wishes-real","NZ","NZD",FALSE,"Web","https://www.kickstarter.com/discover/categories/technology/web?ref=category_modal&sort=magic",3,3,"Tuesday","Tuesday","Monday",6,30,2015,0,4,21,2015,0,5,11,2015,16,20,49,0,0.74907826
1183446991,"Datut: A Different Social Networking Website",10000,"datut-a-different-social-networking-website","ES","EUR",FALSE,"Web","https://www.kickstarter.com/discover/categories/technology/web?ref=category_modal&sort=magic",6,6,"Friday","Wednesday","Thursday",12,30,2016,17,12,14,2016,7,12,15,2016,3,0,15,0,1.06366005
1609525275,"Wextivities- All the non work activities in Co. Wexford",1e+05,"wextivities-all-the-non-work-activities-in-co-wexf","IE","EUR",FALSE,"Web","https://www.kickstarter.com/discover/categories/technology/web?ref=category_modal&sort=magic",9,7,"Saturday","Tuesday","Thursday",11,29,2014,4,9,16,2014,2,10,30,2014,4,44,30,1,1.2736144
556065932,"Music Wiz LLC 3rd party mp3 & social network of tomorrow.",1e+05,"music-wiz-llc-3rd-party-mp3-and-social-network-of","US","USD",FALSE,"Web","https://www.kickstarter.com/discover/categories/technology/web?ref=category_modal&sort=magic",11,10,"Thursday","Saturday","Sunday",2,19,2015,17,7,19,2014,16,12,21,2014,20,155,59,0,1
697827654,"The future of career placement is coming soon",150000,"the-future-of-career-placement-is-coming-soon","US","USD",FALSE,"Web","https://www.kickstarter.com/discover/categories/technology/web?ref=category_modal&sort=magic",8,6,"Wednesday","Tuesday","Monday",2,15,2017,7,1,10,2017,16,1,16,2017,7,5,30,0,1
1897620033,"Football Scanner",15000,"football-scanner","GB","GBP",FALSE,"Web","https://www.kickstarter.com/discover/categories/technology/web?ref=category_modal&sort=magic",2,2,"Thursday","Thursday","Friday",4,30,2015,15,3,12,2015,16,3,13,2015,17,1,47,0,1.49184928
1332791663,"Highrisein social job search site startup.",30000,"highrisein-social-job-search-site-startup","CA","CAD",FALSE,"Web","https://www.kickstarter.com/discover/categories/technology/web?ref=category_modal&sort=magic",6,6,"Wednesday","Saturday","Monday",4,8,2015,11,2,28,2015,13,3,9,2015,11,8,30,0,0.79215952
1192525663,"CEO Girl",5000,"ceo-girl","US","USD",FALSE,"Web","https://www.kickstarter.com/discover/categories/technology/web?ref=category_modal&sort=magic",2,2,"Monday","Thursday","Saturday",12,19,2016,14,11,17,2016,11,11,19,2016,14,2,30,0,1
715905490,"""ruptsy"": Affordable  DIY Bankruptcy",10000,"ruptsy-affordable-diy-bankruptcy","US","USD",FALSE,"Web","https://www.kickstarter.com/discover/categories/technology/web?ref=category_modal&sort=magic",4,4,"Wednesday","Saturday","Monday",7,6,2016,19,6,4,2016,14,6,6,2016,19,2,30,0,1
1139264416,"A free opportunity to find a job or employee",3e+05,"a-free-opportunity-to-find-a-job-or-employee","NO","NOK",FALSE,"Web","https://www.kickstarter.com/discover/categories/technology/web?ref=category_modal&sort=magic",9,6,"Friday","Friday","Monday",3,4,2016,9,2,5,2016,12,2,8,2016,9,2,25,0,0.11661299
993657254,"alltonight.com - Get rewards by going out! LIVE",20000,"alltonightcom-get-rewards-by-going-out-live","DE","EUR",FALSE,"Web","https://www.kickstarter.com/discover/categories/technology/web?ref=category_modal&sort=magic",8,7,"Tuesday","Monday","Friday",6,7,2016,12,3,21,2016,8,4,8,2016,12,18,60,0,1.13996489
400246478,"Marketing Piper - Smarter Email Marketing",148000,"marketing-piper-smarter-email-marketing","US","USD",FALSE,"Web","https://www.kickstarter.com/discover/categories/technology/web?ref=category_modal&sort=magic",6,6,"Sunday","Friday","Friday",5,10,2015,17,4,10,2015,10,4,10,2015,17,0,30,1,1
2079974881,"Education Revolution Begins",5000,"education-revolution-begins","CA","CAD",FALSE,"Web","https://www.kickstarter.com/discover/categories/technology/web?ref=category_modal&sort=magic",3,3,"Monday","Wednesday","Wednesday",4,13,2015,15,11,19,2014,9,3,11,2015,15,112,33,0,0.7919387
801319461,"Mail 4 Jail",50000,"mail-4-jail","US","USD",FALSE,"Web","https://www.kickstarter.com/discover/categories/technology/web?ref=category_modal&sort=magic",3,3,"Sunday","Thursday","Thursday",3,8,2015,10,2,5,2015,15,2,12,2015,13,6,23,1,1
104087453,"BoardSeat - Who's On Your Board?",175000,"boardseat-whos-on-your-board","US","USD",FALSE,"Web","https://www.kickstarter.com/discover/categories/technology/web?ref=category_modal&sort=magic",6,6,"Saturday","Wednesday","Tuesday",12,12,2015,22,10,15,2014,13,11,17,2015,5,397,25,1,1
991078791,"Best Book Friend - A Social Network for Book Lovers",50000,"best-book-friend-a-social-network-for-book-lovers","US","USD",FALSE,"Web","https://www.kickstarter.com/discover/categories/technology/web?ref=category_modal&sort=magic",10,9,"Sunday","Monday","Thursday",12,7,2014,19,10,20,2014,13,10,23,2014,19,3,45,1,1
1770997012,"So you want to be an entreprenuer",1000,"so-you-want-to-be-an-entreprenuer","US","USD",FALSE,"Web","https://www.kickstarter.com/discover/categories/technology/web?ref=category_modal&sort=magic",7,3,"Friday","Monday","Wednesday",11,28,2014,10,10,20,2014,11,10,29,2014,10,8,30,0,1
1853136422,"MedCore.org - World Healthcare and Medical Yellow Pages",250,"medcoreorg-world-healthcare-and-medical-yellow-pag","AU","AUD",FALSE,"Web","https://www.kickstarter.com/discover/categories/technology/web?ref=category_modal&sort=magic",8,7,"Wednesday","Tuesday","Tuesday",7,27,2016,6,7,5,2016,12,7,12,2016,6,6,15,0,0.75646513
1307347299,"Here's our wedding",7500,"heres-our-wedding","AU","AUD",FALSE,"Web","https://www.kickstarter.com/discover/categories/technology/web?ref=category_modal&sort=magic",3,2,"Thursday","Tuesday","Tuesday",6,4,2015,19,5,5,2015,1,5,5,2015,19,0,30,0,0.78218924
981830812,"WeAreSocial",500,"wearesocial","FR","EUR",FALSE,"Web","https://www.kickstarter.com/discover/categories/technology/web?ref=category_modal&sort=magic",1,1,"Saturday","Friday","Monday",11,7,2015,14,9,25,2015,9,9,28,2015,14,3,40,1,1.11964028
2008695438,"Technical 420 Stock Research",10000,"technical-420-stock-research","US","USD",FALSE,"Web","https://www.kickstarter.com/discover/categories/technology/web?ref=category_modal&sort=magic",4,4,"Friday","Tuesday","Wednesday",3,6,2015,21,2,3,2015,12,2,4,2015,21,1,30,0,1
1687010929,"Koreanbap.com",5000,"koreanbapcom","US","USD",FALSE,"Web","https://www.kickstarter.com/discover/categories/technology/web?ref=category_modal&sort=magic",1,1,"Friday","Monday","Wednesday",2,13,2015,19,1,12,2015,21,1,14,2015,19,1,30,0,1
1167688946,"Gudwill - Environmental Action Online Resource & Community",39298,"gudwill-environmental-action-online-resource-and-c","CA","CAD",FALSE,"Web","https://www.kickstarter.com/discover/categories/technology/web?ref=category_modal&sort=magic",8,8,"Wednesday","Monday","Monday",11,18,2015,12,8,31,2015,13,10,19,2015,12,48,30,0,0.77432823
36212773,"My Test Shoot",7500,"my-test-shoot-0","US","USD",FALSE,"Web","https://www.kickstarter.com/discover/categories/technology/web?ref=category_modal&sort=magic",3,3,"Wednesday","Saturday","Monday",7,1,2015,12,5,30,2015,20,6,1,2015,12,1,30,0,1
1016855867,"We Love Your Pets and People at FacesByPlaces.com",20000,"we-love-your-pets-and-people-at-facesbyplacescom","US","USD",FALSE,"Web","https://www.kickstarter.com/discover/categories/technology/web?ref=category_modal&sort=magic",8,6,"Friday","Saturday","Wednesday",10,3,2014,21,8,30,2014,18,9,3,2014,21,4,30,0,1
1114432303,"Cash4Clans.com",10000,"cash4clanscom","US","USD",FALSE,"Web","https://www.kickstarter.com/discover/categories/technology/web?ref=category_modal&sort=magic",1,1,"Sunday","Thursday","Friday",4,5,2015,23,2,19,2015,16,3,6,2015,23,15,30,1,1
48746369,"The Revolution of Virtual Marketplace",30000,"mingofy-the-revolution-of-virtual-marketplace","US","USD",FALSE,"Web","https://www.kickstarter.com/discover/categories/technology/web?ref=category_modal&sort=magic",5,4,"Tuesday","Tuesday","Monday",1,12,2016,21,11,10,2015,15,12,7,2015,21,27,36,0,1
1650851056,"Zmatches.com",75000,"zmatchescom","US","USD",FALSE,"Web","https://www.kickstarter.com/discover/categories/technology/web?ref=category_modal&sort=magic",1,1,"Saturday","Thursday","Wednesday",2,28,2015,19,1,22,2015,23,1,28,2015,14,5,31,1,1
986064646,"The Next Big Social Network - Hash Tag Chatting (Canceled)",25000,"the-next-big-social-network-hash-tag-chatting","US","USD",FALSE,"Web","https://www.kickstarter.com/discover/categories/technology/web?ref=category_modal&sort=magic",10,10,"Thursday","Monday","Tuesday",7,16,2015,14,5,4,2015,7,6,16,2015,14,43,30,0,1
744762326,"Stopping Loan Payback Fights Between Friends & Famillies",20000,"stopping-loan-payback-fights-between-friends-and-f","US","USD",FALSE,"Web","https://www.kickstarter.com/discover/categories/technology/web?ref=category_modal&sort=magic",8,8,"Wednesday","Wednesday","Monday",1,21,2015,12,12,17,2014,20,12,22,2014,12,4,30,0,1
865364113,"My Growing Brain (Canceled)",15000,"my-growing-brain","US","USD",FALSE,"Web","https://www.kickstarter.com/discover/categories/technology/web?ref=category_modal&sort=magic",4,4,"Tuesday","Thursday","Friday",4,21,2015,1,12,18,2014,19,2,20,2015,1,63,60,0,1
1904912318,"mmoGOSU - Gamer Website (Canceled)",20000,"mmogosu-gamer-website","CA","CAD",FALSE,"Web","https://www.kickstarter.com/discover/categories/technology/web?ref=category_modal&sort=magic",5,5,"Thursday","Friday","Tuesday",6,11,2015,3,5,1,2015,16,5,12,2015,3,10,30,0,0.8260667
115084198,"Eautoestimates (Canceled)",5000,"eautoestimates","US","USD",FALSE,"Web","https://www.kickstarter.com/discover/categories/technology/web?ref=category_modal&sort=magic",2,2,"Saturday","Tuesday","Thursday",9,12,2015,10,8,11,2015,20,8,13,2015,10,1,30,1,1
2090440214,"ReddyBar.com: from Delivering Rum to Touring Bourbon Country",8400,"reddybarcom-from-delivering-rum-to-touring-bourbon","US","USD",FALSE,"Web","https://www.kickstarter.com/discover/categories/technology/web?ref=category_modal&sort=magic",8,6,"Sunday","Tuesday","Friday",1,31,2016,0,12,15,2015,11,12,18,2015,12,3,43,1,1
1528479018,"Height Nor Depth - Website and Applications",2600,"height-nor-depth-website-and-applications","US","USD",FALSE,"Web","https://www.kickstarter.com/discover/categories/technology/web?ref=category_modal&sort=magic",7,6,"Thursday","Monday","Tuesday",11,26,2015,16,10,26,2015,20,10,27,2015,16,0,30,0,1
1778438910,"BuddyList Social Network",6000,"buddylist-social-network","US","USD",FALSE,"Web","https://www.kickstarter.com/discover/categories/technology/web?ref=category_modal&sort=magic",3,3,"Thursday","Monday","Tuesday",2,5,2015,22,12,15,2014,3,1,6,2015,22,22,30,0,1
1707789341,"New World Vision",10000,"new-world-vision","FR","EUR",FALSE,"Web","https://www.kickstarter.com/discover/categories/technology/web?ref=category_modal&sort=magic",3,3,"Wednesday","Thursday","Friday",11,11,2015,13,8,27,2015,6,10,2,2015,13,36,40,0,1.11648388
1617190011,"FHMatch | Fitness Health Match  Get connected. Get Balanced.",50000,"fhmatch-fitness-health-match-get-connected-get-bal","CA","CAD",FALSE,"Web","https://www.kickstarter.com/discover/categories/technology/web?ref=category_modal&sort=magic",9,9,"Saturday","Thursday","Thursday",8,29,2015,17,7,16,2015,23,7,30,2015,17,13,30,1,0.77247099
1272734348,"One day at a time in 2015!",250,"one-day-at-a-time-in-2015","NL","EUR",FALSE,"Web","https://www.kickstarter.com/discover/categories/technology/web?ref=category_modal&sort=magic",7,4,"Wednesday","Wednesday","Monday",12,31,2014,1,11,26,2014,1,12,22,2014,11,26,8,0,1.22293791
1360042897,"TRNDSTORE",12000,"trndstore","DE","EUR",FALSE,"Web","https://www.kickstarter.com/discover/categories/technology/web?ref=category_modal&sort=magic",1,1,"Monday","Monday","Thursday",10,3,2016,0,7,25,2016,23,8,4,2016,0,9,60,0,1.12120193
1304910512,"REST IN PARADISE EXPRESSIONS",5000,"rest-in-paradise-expressions","US","USD",FALSE,"Web","https://www.kickstarter.com/discover/categories/technology/web?ref=category_modal&sort=magic",4,4,"Friday","Thursday","Wednesday",3,20,2015,15,2,12,2015,23,2,18,2015,15,5,30,0,1
783101029,"WishBubble",10000,"wishbubble","GB","GBP",FALSE,"Web","https://www.kickstarter.com/discover/categories/technology/web?ref=category_modal&sort=magic",1,1,"Thursday","Friday","Thursday",5,14,2015,1,1,23,2015,8,4,30,2015,1,96,14,0,1.53386231
779923768,"My Style Authority WEBSITE Fund",25000,"my-style-authority-website-fund","US","USD",FALSE,"Web","https://www.kickstarter.com/discover/categories/technology/web?ref=category_modal&sort=magic",5,5,"Saturday","Wednesday","Thursday",8,1,2015,9,7,1,2015,7,7,2,2015,9,1,30,1,1
1786550159,"A better to way buy online!",1000,"innoryze","US","USD",FALSE,"Web","https://www.kickstarter.com/discover/categories/technology/web?ref=category_modal&sort=magic",6,5,"Thursday","Tuesday","Tuesday",5,28,2015,15,4,28,2015,6,4,28,2015,15,0,30,0,1
166543601,"Online personal training",1500,"online-personal-training","GB","GBP",FALSE,"Web","https://www.kickstarter.com/discover/categories/technology/web?ref=category_modal&sort=magic",3,3,"Thursday","Friday","Tuesday",11,27,2014,17,10,24,2014,9,10,28,2014,17,4,30,0,1.61009335
141662247,"Rent My Ski",210000,"rent-my-ski","DK","DKK",FALSE,"Web","https://www.kickstarter.com/discover/categories/technology/web?ref=category_modal&sort=magic",3,3,"Wednesday","Tuesday","Tuesday",4,1,2015,8,2,17,2015,8,2,24,2015,10,7,35,0,0.15257923
1310238304,"apply LIVE - the fair  one-click job application",15000,"apply-live-the-fair-one-click-job-application","AT","EUR",FALSE,"Web","https://www.kickstarter.com/discover/categories/technology/web?ref=category_modal&sort=magic",8,7,"Wednesday","Thursday","Tuesday",11,4,2015,8,7,2,2015,4,9,22,2015,8,82,43,0,1.13106306
2142971619,"Photography Reinvented",72000,"photography-reinvented","US","USD",FALSE,"Web","https://www.kickstarter.com/discover/categories/technology/web?ref=category_modal&sort=magic",2,2,"Sunday","Friday","Monday",8,23,2015,21,7,31,2015,15,8,3,2015,21,3,20,1,1
763757874,"Fandom For All",95000,"fandom-for-all","CA","CAD",FALSE,"Web","https://www.kickstarter.com/discover/categories/technology/web?ref=category_modal&sort=magic",3,3,"Sunday","Saturday","Wednesday",2,22,2015,0,10,11,2014,22,1,21,2015,17,101,31,1,0.83508771
1663824574,"Schmooze Agent- Your Network Relationship Manager",20000,"schmooze-agent-your-network-relationship-manager","US","USD",FALSE,"Web","https://www.kickstarter.com/discover/categories/technology/web?ref=category_modal&sort=magic",6,6,"Friday","Wednesday","Wednesday",9,4,2015,14,8,5,2015,9,8,5,2015,14,0,30,0,1
1520343105,"Universal Notes for Medical Students",1e+05,"universal-notes-for-medical-students","US","USD",FALSE,"Web","https://www.kickstarter.com/discover/categories/technology/web?ref=category_modal&sort=magic",5,4,"Saturday","Wednesday","Thursday",8,1,2015,9,7,1,2015,9,7,2,2015,9,1,30,1,1
1520284037,"Next ICE Generation",30000,"next-ice-generation","US","USD",FALSE,"Web","https://www.kickstarter.com/discover/categories/technology/web?ref=category_modal&sort=magic",3,3,"Saturday","Thursday","Tuesday",11,28,2015,14,7,16,2015,16,9,29,2015,14,74,60,1,1
265894630,"Find Features.com is a social website.",30000,"find-featurescom-is-a-social-website","US","USD",FALSE,"Web","https://www.kickstarter.com/discover/categories/technology/web?ref=category_modal&sort=magic",6,4,"Thursday","Monday","Tuesday",5,5,2016,16,3,21,2016,10,4,5,2016,16,15,30,0,1
1714073840,"Deep learning electronic sport site (Canceled)",5500,"deep-learning-electronic-sport-site","GB","GBP",FALSE,"Web","https://www.kickstarter.com/discover/categories/technology/web?ref=category_modal&sort=magic",6,6,"Friday","Wednesday","Wednesday",4,22,2016,5,3,23,2016,4,3,23,2016,17,0,29,0,1.43771943
824548761,"The Charity Group: Intelligent Giving (Canceled)",160000,"the-charity-group-intelligent-giving","GB","GBP",FALSE,"Web","https://www.kickstarter.com/discover/categories/technology/web?ref=category_modal&sort=magic",6,6,"Saturday","Wednesday","Friday",8,23,2014,13,6,25,2014,10,7,18,2014,13,23,36,1,1.7139723
285018723,"Refuel n3rdbomber (Canceled)",60,"refuel-n3rdbomber","US","USD",FALSE,"Web","https://www.kickstarter.com/discover/categories/technology/web?ref=category_modal&sort=magic",3,3,"Sunday","Tuesday","Thursday",9,14,2014,22,7,22,2014,13,7,31,2014,22,9,45,1,1
1275897809,"Peephole.Online™ (Canceled)",45000,"peepholeonlinetm","US","USD",FALSE,"Web","https://www.kickstarter.com/discover/categories/technology/web?ref=category_modal&sort=magic",2,2,"Thursday","Thursday","Tuesday",12,24,2015,11,10,22,2015,22,11,24,2015,11,32,30,0,1
48054417,"Welcome To Super Natural Vancouver Island (Canceled)",20000,"welcome-to-super-natural-vancouver-island","CA","CAD",FALSE,"Web","https://www.kickstarter.com/discover/categories/technology/web?ref=category_modal&sort=magic",7,7,"Thursday","Monday","Sunday",12,25,2014,22,10,20,2014,9,10,26,2014,22,6,60,0,0.89028723
2018770965,"GovGraph - Big Data for Big Government (Canceled)",10000,"govgraph-big-data-for-big-government","US","USD",FALSE,"Web","https://www.kickstarter.com/discover/categories/technology/web?ref=category_modal&sort=magic",8,7,"Sunday","Tuesday","Sunday",4,12,2015,15,10,28,2014,1,3,8,2015,15,131,35,1,1
734191729,"Students4Hire (Canceled)",20000,"students4hire","US","USD",FALSE,"Web","https://www.kickstarter.com/discover/categories/technology/web?ref=category_modal&sort=magic",2,2,"Thursday","Tuesday","Tuesday",12,31,2015,15,11,17,2015,15,12,1,2015,15,13,30,0,1
102192933,"Romeda: image processing on the cloud (Canceled)",10000,"romeda-image-processing-on-the-cloud","CA","CAD",FALSE,"Web","https://www.kickstarter.com/discover/categories/technology/web?ref=category_modal&sort=magic",7,5,"Saturday","Saturday","Thursday",8,2,2014,17,6,28,2014,18,7,3,2014,17,4,30,1,0.93948496
1028578367,"The TestingAlpha ""Noob To Pro"" Drone Course (Canceled)",5000,"the-testingalpha-noob-to-pro-drone-course","US","USD",FALSE,"Web","https://www.kickstarter.com/discover/categories/technology/web?ref=category_modal&sort=magic",8,8,"Friday","Friday","Wednesday",9,23,2016,16,8,19,2016,14,8,24,2016,16,5,30,0,1
615431882,"Designs for Non-Profit Organizations (Canceled)",10000,"designs-for-non-profit-organizations","US","USD",FALSE,"Web","https://www.kickstarter.com/discover/categories/technology/web?ref=category_modal&sort=magic",5,4,"Wednesday","Sunday","Monday",8,13,2014,15,7,13,2014,12,7,14,2014,15,1,30,0,1
947385406,"DIY Exchange (Canceled)",75000,"diy-exchange","US","USD",FALSE,"Web","https://www.kickstarter.com/discover/categories/technology/web?ref=category_modal&sort=magic",3,3,"Thursday","Wednesday","Monday",8,28,2014,16,7,9,2014,11,7,14,2014,16,5,45,0,1
952279552,"My Vinyl Jacket (Canceled)",700,"my-vinyl-jacket","CA","CAD",FALSE,"Web","https://www.kickstarter.com/discover/categories/technology/web?ref=category_modal&sort=magic",4,4,"Wednesday","Sunday","Wednesday",8,6,2014,20,7,20,2014,13,7,23,2014,20,3,14,0,0.93103888
1794346918,"Learn Amazon Web Services & Modern Cloud Infrastructure",5000,"learn-modern-cloud-infrastructure-using-amazon-web","US","USD",FALSE,"Web","https://www.kickstarter.com/discover/categories/technology/web?ref=category_modal&sort=magic",8,8,"Friday","Saturday","Wednesday",10,14,2016,9,9,3,2016,15,9,14,2016,9,10,30,0,1
1295327056,"Jaildate.dk (Canceled)",30000,"jaildatedk","DK","DKK",FALSE,"Web","https://www.kickstarter.com/discover/categories/technology/web?ref=category_modal&sort=magic",2,2,"Sunday","Friday","Friday",3,1,2015,10,1,30,2015,9,1,30,2015,10,0,30,1,0.15168085
85456960,"GHOGY - The Online Personal Trainer (Canceled)",5000,"ghogy-the-online-personal-trainer","GB","GBP",FALSE,"Web","https://www.kickstarter.com/discover/categories/technology/web?ref=category_modal&sort=magic",7,7,"Sunday","Thursday","Friday",3,22,2015,4,2,19,2015,12,2,20,2015,4,0,30,1,1.54522009
1623610999,"JusStories for Authors and Readers (Canceled)",2000,"jusstories-for-authors-and-readers","US","USD",FALSE,"Web","https://www.kickstarter.com/discover/categories/technology/web?ref=category_modal&sort=magic",6,4,"Wednesday","Thursday","Wednesday",11,18,2015,23,8,20,2015,18,9,30,2015,13,40,49,0,1
107644423,"Meetupgolf - Everything Golf  Everything Social (Canceled)",2e+05,"meetupgolf","US","USD",FALSE,"Web","https://www.kickstarter.com/discover/categories/technology/web?ref=category_modal&sort=magic",7,7,"Wednesday","Thursday","Monday",9,21,2016,11,8,18,2016,4,8,22,2016,11,4,30,0,1
1245567740,"Martial Spirit Technics (Canceled)",40000,"martial-spirit-technics","FR","EUR",FALSE,"Web","https://www.kickstarter.com/discover/categories/technology/web?ref=category_modal&sort=magic",4,4,"Sunday","Friday","Thursday",12,27,2015,10,11,20,2015,19,11,26,2015,10,5,31,1,1.06704454
1578187405,"Streamer 8  streaming games is possible! (Canceled)",50000,"streamer-8-streaming-games-is-possible","FR","EUR",FALSE,"Web","https://www.kickstarter.com/discover/categories/technology/web?ref=category_modal&sort=magic",7,6,"Tuesday","Saturday","Monday",6,30,2015,16,5,23,2015,10,6,1,2015,3,8,29,0,1.0968003
250952515,"Refugee Hero is 'Airbnb' for refugees (Canceled)",121000,"refugee-hero-is-airbnb-for-refugees","NL","EUR",FALSE,"Web","https://www.kickstarter.com/discover/categories/technology/web?ref=category_modal&sort=magic",7,5,"Sunday","Tuesday","Friday",10,25,2015,11,9,22,2015,11,9,25,2015,11,3,30,1,1.1182055
50442500,"JonesingforEducation.com ""A Social Media Website That Pays""",3500,"jonesingforeducationcom-a-social-media-website-tha","US","USD",FALSE,"Web","https://www.kickstarter.com/discover/categories/technology/web?ref=category_modal&sort=magic",7,7,"Thursday","Tuesday","Monday",2,5,2015,23,8,26,2014,16,1,5,2015,17,132,31,0,1
366543402,"Racebase (Canceled)",8500,"racebase","BE","EUR",FALSE,"Web","https://www.kickstarter.com/discover/categories/technology/web?ref=category_modal&sort=magic",2,2,"Thursday","Monday","Friday",3,31,2016,4,3,7,2016,3,3,11,2016,4,4,20,0,1.0980058
1232947612,"Cleffy - Everybody will play music (Canceled)",30000,"cleffy-everybody-will-play-music","IT","EUR",FALSE,"Web","https://www.kickstarter.com/discover/categories/technology/web?ref=category_modal&sort=magic",7,6,"Tuesday","Tuesday","Wednesday",12,22,2015,10,7,28,2015,13,11,18,2015,10,112,34,0,1.06609467
1362188940,"Colory - A Network Possessing Color (Canceled)",75000,"coloryco-a-network-possessing-color","US","USD",FALSE,"Web","https://www.kickstarter.com/discover/categories/technology/web?ref=category_modal&sort=magic",7,7,"Wednesday","Thursday","Saturday",5,13,2015,20,3,12,2015,18,3,14,2015,20,2,60,0,1
966551006,"BaeBays Multimedia Center Lab (Canceled)",25000,"baebays-multimedia-center-lab","US","USD",FALSE,"Web","https://www.kickstarter.com/discover/categories/technology/web?ref=category_modal&sort=magic",5,5,"Saturday","Wednesday","Thursday",1,14,2017,17,12,14,2016,14,12,15,2016,17,1,30,1,1
2101479372,"Fourly: A private and safe space for your life's journey",24000,"fourly-a-private-and-safe-space-for-your-lifes-jou","CH","CHF",FALSE,"Web","https://www.kickstarter.com/discover/categories/technology/web?ref=category_modal&sort=magic",10,7,"Monday","Wednesday","Saturday",11,30,2015,2,10,28,2015,3,10,31,2015,6,3,29,0,1.01005306
190855834,"Athlazon - The future of amateur sports media (Canceled)",9000,"athlazon-the-future-of-amateur-sports-media","US","USD",FALSE,"Web","https://www.kickstarter.com/discover/categories/technology/web?ref=category_modal&sort=magic",9,8,"Wednesday","Saturday","Monday",1,11,2017,21,12,10,2016,22,12,12,2016,21,1,30,0,1
1835438244,"Chrome Commands - Google Chrome's best friend (Canceled)",349,"chrome-commands-google-chromes-best-friend","US","USD",FALSE,"Web","https://www.kickstarter.com/discover/categories/technology/web?ref=category_modal&sort=magic",8,8,"Wednesday","Sunday","Friday",3,23,2016,11,2,7,2016,14,2,12,2016,11,4,40,0,1
2013041076,"NeedSomeLoven.com (Canceled)",5000,"needsomelovencom","US","USD",FALSE,"Web","https://www.kickstarter.com/discover/categories/technology/web?ref=category_modal&sort=magic",2,2,"Thursday","Tuesday","Tuesday",5,14,2015,18,4,14,2015,10,4,14,2015,18,0,30,0,1
1829959093,"The Story of Life - Writing tomorrow's history today",25000,"the-story-of-life-writing-tomorrows-history-today","US","USD",FALSE,"Web","https://www.kickstarter.com/discover/categories/technology/web?ref=category_modal&sort=magic",9,8,"Saturday","Friday","Monday",8,15,2015,8,6,19,2015,12,7,13,2015,8,23,32,1,1
368464485,"MyFanMatch.com (Canceled)",30000,"myfanmatchcom","US","USD",FALSE,"Web","https://www.kickstarter.com/discover/categories/technology/web?ref=category_modal&sort=magic",2,2,"Wednesday","Sunday","Monday",12,2,2015,12,11,1,2015,12,11,2,2015,12,0,30,0,1
1385786890,"Seicenta (Canceled)",5000,"seicenta","FR","EUR",FALSE,"Web","https://www.kickstarter.com/discover/categories/technology/web?ref=category_modal&sort=magic",2,2,"Wednesday","Friday","Monday",1,4,2017,12,12,2,2016,10,12,5,2016,12,3,30,0,1.06666667
1014980169,"Just Cool Me (Canceled)",25000,"just-cool-me","US","USD",FALSE,"Web","https://www.kickstarter.com/discover/categories/technology/web?ref=category_modal&sort=magic",4,4,"Monday","Sunday","Monday",5,4,2015,15,4,12,2015,23,4,13,2015,15,0,21,0,1
1566529427,"Help CRB obtain 501(c)(3) status! (Canceled)",420,"help-crb-obtain-501c3-status","US","USD",FALSE,"Web","https://www.kickstarter.com/discover/categories/technology/web?ref=category_modal&sort=magic",6,6,"Thursday","Wednesday","Tuesday",12,11,2014,10,11,5,2014,12,11,11,2014,10,5,30,0,1
1189986332,"Site so businesses can offer deals to community - Let's Go!",25000,"site-so-businesses-can-offer-deals-to-community-le","US","USD",FALSE,"Web","https://www.kickstarter.com/discover/categories/technology/web?ref=category_modal&sort=magic",11,8,"Wednesday","Saturday","Monday",2,10,2016,13,1,9,2016,8,1,11,2016,13,2,30,0,1
1647789051,"Building an interactive web-based health community.",150000,"building-a-web-based-health-community","US","USD",FALSE,"Web","https://www.kickstarter.com/discover/categories/technology/web?ref=category_modal&sort=magic",6,5,"Friday","Wednesday","Tuesday",7,22,2016,10,6,1,2016,20,6,7,2016,10,5,45,0,1
1040548529,"SheLifts - the #1 Female Bodybuilding HUB (Canceled)",13000,"shelifts-the-1-female-bodybuilding-hub","SE","SEK",FALSE,"Web","https://www.kickstarter.com/discover/categories/technology/web?ref=category_modal&sort=magic",8,7,"Thursday","Saturday","Thursday",12,18,2014,14,11,8,2014,13,11,13,2014,14,5,35,0,0.1350934
950252906,"RAPBOX. A smart robot to help you read more in less time.",120000,"rapbox-a-smart-robot-to-help-you-read-more-in-less","US","USD",FALSE,"Web","https://www.kickstarter.com/discover/categories/technology/web?ref=category_modal&sort=magic",12,8,"Sunday","Thursday","Friday",11,15,2015,16,10,8,2015,15,10,16,2015,16,8,30,1,1
1715546502,"Go Horse Shop Website and Mobile App (Canceled)",50000,"go-horse-shop-website-and-mobile-app","US","USD",FALSE,"Web","https://www.kickstarter.com/discover/categories/technology/web?ref=category_modal&sort=magic",8,7,"Saturday","Tuesday","Thursday",1,21,2017,10,12,20,2016,12,12,22,2016,10,1,30,1,1
2010681759,"BeachRex project - find your perfect beach (Canceled)",30000,"beachrex-project-find-your-perfect-beach","US","USD",FALSE,"Web","https://www.kickstarter.com/discover/categories/technology/web?ref=category_modal&sort=magic",8,7,"Monday","Friday","Wednesday",4,25,2016,9,2,19,2016,2,3,16,2016,9,26,40,0,1
1619032323,"SalsaSofa Projekt - Geotracking Google Maps for the Project",12000,"salsasofa-projekt-geotracking-google-maps-for-the","DE","EUR",FALSE,"Web","https://www.kickstarter.com/discover/categories/technology/web?ref=category_modal&sort=magic",9,7,"Wednesday","Thursday","Saturday",11,11,2015,5,9,10,2015,12,9,12,2015,5,1,60,0,1.12794125
763172252,"MyBackPac: File Storage and Market Place for Students.",125000,"mybackpac-secure-online-learning-platform","CA","CAD",FALSE,"Web","https://www.kickstarter.com/discover/categories/technology/web?ref=category_modal&sort=magic",8,6,"Friday","Saturday","Monday",7,17,2015,13,5,16,2015,18,5,18,2015,13,1,60,0,0.83233938
2088786626,"The Wearable Camera for Athletes",40000,"the-wearable-camera-for-athletes","CA","CAD",FALSE,"Wearables","https://www.kickstarter.com/discover/categories/technology/wearables?ref=category_modal&sort=magic",5,4,"Thursday","Saturday","Tuesday",11,19,2015,16,10,3,2015,22,10,20,2015,5,16,30,0,0.77405851
12961678,"MIX Wireless: Headphones for People who Love Bass!",10000,"pump-mix-wireless","GB","GBP",FALSE,"Wearables","https://www.kickstarter.com/discover/categories/technology/wearables?ref=category_modal&sort=magic",8,6,"Thursday","Thursday","Tuesday",1,12,2017,12,12,8,2016,5,12,13,2016,12,5,30,0,1.2585978
1675648229,"Insight: Smarter Tech for the Smarter Athlete",50000,"insight-smarter-tech-for-the-smarter-athlete","US","USD",TRUE,"Wearables","https://www.kickstarter.com/discover/categories/technology/wearables?ref=category_modal&sort=magic",7,5,"Friday","Wednesday","Monday",4,11,2014,19,12,11,2013,10,3,10,2014,7,88,32,0,1
1208403481,"BE - LINK: Bluetooth Surround Sound for your Helmet",12000,"be-link-bluetooth-surround-sound-for-your-helmet","US","USD",TRUE,"Wearables","https://www.kickstarter.com/discover/categories/technology/wearables?ref=category_modal&sort=magic",9,7,"Wednesday","Friday","Monday",7,22,2015,8,6,5,2015,16,6,15,2015,8,9,37,0,1
2031243691,"doppel - performance-enhancing wearable technology",1e+05,"doppel-a-new-breed-of-wearable-technology-to-set-y","GB","GBP",TRUE,"Wearables","https://www.kickstarter.com/discover/categories/technology/wearables?ref=category_modal&sort=magic",5,5,"Thursday","Wednesday","Tuesday",7,16,2015,17,5,27,2015,11,6,16,2015,2,19,30,0,1.55412231
431595117,"CHIPS® - Universal Bluetooth Wireless All-In-One Headphones",30000,"chips-universal-bluetooth-wireless-all-in-one-head","US","USD",TRUE,"Wearables","https://www.kickstarter.com/discover/categories/technology/wearables?ref=category_modal&sort=magic",7,7,"Saturday","Wednesday","Tuesday",1,31,2015,9,11,12,2014,13,12,2,2014,9,19,60,1,1
1462484162,"LUMO - Be seen. City cycling apparel.",50000,"lumo-be-seen-city-cycling-apparel","GB","GBP",TRUE,"Wearables","https://www.kickstarter.com/discover/categories/technology/wearables?ref=category_modal&sort=magic",7,7,"Thursday","Tuesday","Monday",1,15,2015,13,11,11,2014,4,12,8,2014,13,27,38,0,1.56016219
194067692,"MAD Glass: The World's Most Advanced Smart Glass & Ecosystem",1e+05,"mad-glass-see-things-in-a-new-angle","AU","AUD",FALSE,"Wearables","https://www.kickstarter.com/discover/categories/technology/wearables?ref=category_modal&sort=magic",10,10,"Tuesday","Friday","Saturday",1,26,2016,5,11,13,2015,4,12,12,2015,5,29,45,0,0.72474797
1741858197,"The World's First/Thinnest/Strongest Super Watch",10000,"redefining-swiss-luxury-watch-only-99-usd","US","USD",FALSE,"Wearables","https://www.kickstarter.com/discover/categories/technology/wearables?ref=category_modal&sort=magic",5,5,"Friday","Tuesday","Tuesday",9,30,2016,9,8,16,2016,18,8,23,2016,9,6,38,0,1
620634213,"ROPES USA Earphones: An All-American Audio Revolution",1e+05,"ropes-usa-earphones-an-all-american-audio-revoluti","US","USD",FALSE,"Wearables","https://www.kickstarter.com/discover/categories/technology/wearables?ref=category_modal&sort=magic",7,7,"Thursday","Tuesday","Tuesday",8,18,2016,2,5,31,2016,17,7,19,2016,2,48,30,0,1
1229844562,"iBand+: EEG headband that helps you Sleep and Dream!",50000,"iband-eeg-headband-that-helps-you-sleep-and-dream","NL","EUR",FALSE,"Wearables","https://www.kickstarter.com/discover/categories/technology/wearables?ref=category_modal&sort=magic",9,6,"Thursday","Tuesday","Monday",10,27,2016,5,7,12,2016,13,9,12,2016,8,61,44,0,1.12315382
638353480,"HYBRID TRAVEL Adventure BELT w/ Hidden Survival KIT",3000,"hybrid-travel-adventure-belt-w-hidden-survival-kit","US","USD",FALSE,"Wearables","https://www.kickstarter.com/discover/categories/technology/wearables?ref=category_modal&sort=magic",8,8,"Saturday","Sunday","Thursday",9,12,2015,22,7,5,2015,1,8,13,2015,22,39,30,1,1
121707566,"The Hydration Shirt: Only Shirt Proven to Boost Performance",20000,"the-hydration-shirt","US","USD",FALSE,"Wearables","https://www.kickstarter.com/discover/categories/technology/wearables?ref=category_modal&sort=magic",9,8,"Wednesday","Wednesday","Monday",12,16,2015,13,10,7,2015,14,11,16,2015,13,39,30,0,1
515070742,"Balios – A Wearable Connecting Rider and Horse",50000,"balios-a-wearable-connecting-rider-and-horse","FR","EUR",FALSE,"Wearables","https://www.kickstarter.com/discover/categories/technology/wearables?ref=category_modal&sort=magic",8,7,"Monday","Wednesday","Wednesday",12,7,2015,5,10,28,2015,8,11,4,2015,8,7,32,0,1.10137738
475409219,"Flexi - A Stylish Bracelet for your Fitbit Flex",100,"flexi-a-stylish-bracelet-for-your-fitbit-flex","US","USD",FALSE,"Wearables","https://www.kickstarter.com/discover/categories/technology/wearables?ref=category_modal&sort=magic",9,7,"Wednesday","Saturday","Monday",4,22,2015,11,3,7,2015,21,3,23,2015,11,15,30,0,1
2043376955,"NEW EQUILIBRE",15000,"new-equilibre","FR","EUR",FALSE,"Wearables","https://www.kickstarter.com/discover/categories/technology/wearables?ref=category_modal&sort=magic",2,2,"Wednesday","Wednesday","Tuesday",12,21,2016,5,10,19,2016,9,11,22,2016,5,33,29,0,1.05971494
521819839,"Hi Map  easy freedom.",50000,"hi-map-easy-freedom","IT","EUR",FALSE,"Wearables","https://www.kickstarter.com/discover/categories/technology/wearables?ref=category_modal&sort=magic",4,4,"Sunday","Wednesday","Wednesday",2,21,2016,9,11,4,2015,0,12,23,2015,9,49,60,1,1.09166015
1663258010,"Carry Less  Adventure More: Survival Belt",60000,"carry-less-adventure-more-survival-belt","US","USD",FALSE,"Wearables","https://www.kickstarter.com/discover/categories/technology/wearables?ref=category_modal&sort=magic",6,6,"Saturday","Monday","Tuesday",9,20,2014,22,4,28,2014,18,7,22,2014,22,85,60,1,1
1366089022,"Meet Vigo  the very first energy gauge - for you.",50000,"meet-vigo-the-very-first-energy-gauge-for-you","US","USD",FALSE,"Wearables","https://www.kickstarter.com/discover/categories/technology/wearables?ref=category_modal&sort=magic",10,7,"Saturday","Monday","Monday",2,1,2014,10,10,21,2013,0,12,16,2013,10,56,47,1,1
264642887,"FORCE: Patented Health Tracker for You and Your Parents",30000,"emotion-tracker-for-you-and-your-parents","US","USD",FALSE,"Wearables","https://www.kickstarter.com/discover/categories/technology/wearables?ref=category_modal&sort=magic",9,7,"Friday","Thursday","Wednesday",11,6,2015,9,9,24,2015,9,10,7,2015,9,12,30,0,1
1280055809,"Spare a Dream NFC Transmedia Postcard",130,"spare-a-dream-nfc-transmedia-postcard","US","USD",FALSE,"Wearables","https://www.kickstarter.com/discover/categories/technology/wearables?ref=category_modal&sort=magic",6,5,"Tuesday","Sunday","Wednesday",12,15,2015,14,11,29,2015,11,12,2,2015,14,3,13,0,1
304814375,"Carbon mini bikes / race / MTB / FAT ~ Carbon tow placement",70,"carbon-mini-bikes-race-mtb-fat-carbon-tow-placemen","FR","EUR",FALSE,"Wearables","https://www.kickstarter.com/discover/categories/technology/wearables?ref=category_modal&sort=magic",13,13,"Thursday","Saturday","Wednesday",11,24,2016,17,9,17,2016,9,11,9,2016,4,52,15,0,1.10417932
1299500496,"Flyfit - Smart Ankle Tracker For Fitness  Cycling & Swimming",90000,"flyfit-unique-ankle-tracker-for-fitness-cycling-an","US","USD",FALSE,"Wearables","https://www.kickstarter.com/discover/categories/technology/wearables?ref=category_modal&sort=magic",10,10,"Monday","Wednesday","Wednesday",3,24,2014,23,10,30,2013,4,2,12,2014,23,105,40,0,1
1878676383,"Super Brain Ⅱ",20000,"super-brain-ii","CA","CAD",FALSE,"Wearables","https://www.kickstarter.com/discover/categories/technology/wearables?ref=category_modal&sort=magic",3,3,"Friday","Wednesday","Monday",8,19,2016,9,5,18,2016,18,6,20,2016,9,32,60,0,0.77551302
1065493271,"Cleva® MediTAG - Medical Digital USB I.D. Tag / Medical Tag",500,"cleva-meditag-medical-digital-usb-id-tag-medical-t","GB","GBP",FALSE,"Wearables","https://www.kickstarter.com/discover/categories/technology/wearables?ref=category_modal&sort=magic",11,11,"Sunday","Wednesday","Friday",9,20,2015,1,8,19,2015,4,8,21,2015,1,1,30,1,1.56815516
2006901478,"Silver anti-radiation underwear. Keep body cool in summer",2000,"silver-anti-radiation-underwear-keep-body-cool-in","CA","CAD",FALSE,"Wearables","https://www.kickstarter.com/discover/categories/technology/wearables?ref=category_modal&sort=magic",8,7,"Thursday","Monday","Tuesday",3,17,2016,12,6,15,2015,12,2,16,2016,12,245,30,0,0.72381631
1892722879,"Spark: The Watch That Keeps You Awake",8000,"spark-the-watch-that-keeps-you-awake-0","US","USD",FALSE,"Wearables","https://www.kickstarter.com/discover/categories/technology/wearables?ref=category_modal&sort=magic",7,7,"Thursday","Sunday","Tuesday",3,12,2015,16,12,21,2014,15,2,10,2015,16,51,30,0,1
289636078,"MOTA SmartRing: Connectivity at your fingertips.",35000,"mota-smartring-connectivity-at-your-fingertips","US","USD",FALSE,"Wearables","https://www.kickstarter.com/discover/categories/technology/wearables?ref=category_modal&sort=magic",6,4,"Saturday","Monday","Monday",11,8,2014,14,7,14,2014,18,9,29,2014,14,76,40,1,1
246986446,"VirtualVizor (3D/VR virtual reality glasses for smartphones)",1,"virtualvizor-3d-vr-virtual-reality-glasses-for-sma","DE","EUR",FALSE,"Wearables","https://www.kickstarter.com/discover/categories/technology/wearables?ref=category_modal&sort=magic",7,6,"Sunday","Thursday","Friday",7,12,2015,19,6,11,2015,12,6,12,2015,19,1,30,1,1.12955295
1059666394,"Protect against sleepy driving and monitor pulse any where",70000,"advicy-drive-safety-wearable-device-to-prevent-dro","GB","GBP",TRUE,"Wearables","https://www.kickstarter.com/discover/categories/technology/wearables?ref=category_modal&sort=magic",9,5,"Saturday","Wednesday","Wednesday",5,16,2015,7,12,24,2014,9,4,1,2015,7,97,45,1,1.47945627
1606684401,"UpLocket: A 3D printed NFC-enabled locket for sharing photos",5000,"uplocket-a-classic-accessory-with-contemporary-con","US","USD",TRUE,"Wearables","https://www.kickstarter.com/discover/categories/technology/wearables?ref=category_modal&sort=magic",9,8,"Wednesday","Tuesday","Friday",10,22,2014,20,7,8,2014,21,9,19,2014,20,72,32,0,1
1002521611,"Airlock bike helmet",150000,"airlock-bike-helmet","US","USD",FALSE,"Wearables","https://www.kickstarter.com/discover/categories/technology/wearables?ref=category_modal&sort=magic",3,3,"Wednesday","Thursday","Monday",2,1,2017,9,12,15,2016,17,1,2,2017,9,17,30,0,1
916080002,"Mouse^3",27500,"mouse-3","US","USD",FALSE,"Wearables","https://www.kickstarter.com/discover/categories/technology/wearables?ref=category_modal&sort=magic",1,1,"Wednesday","Tuesday","Friday",11,4,2015,21,9,15,2015,14,9,25,2015,21,10,40,0,1
1735208606,"The LUMIC Band by Cope4Golf creates a scientific golf swing.",9000,"the-lumic-band-by-cope4golf-creates-a-scientific-g","US","USD",FALSE,"Wearables","https://www.kickstarter.com/discover/categories/technology/wearables?ref=category_modal&sort=magic",10,8,"Monday","Saturday","Friday",8,10,2015,19,4,11,2015,19,6,26,2015,19,76,45,0,1
767963758,"INBED",20000,"inbed","DE","EUR",FALSE,"Wearables","https://www.kickstarter.com/discover/categories/technology/wearables?ref=category_modal&sort=magic",1,1,"Saturday","Monday","Tuesday",2,20,2016,19,11,23,2015,9,12,22,2015,19,29,60,1,1.08654434
1746131779,"Smart Harness",50000,"smart-harness","US","USD",FALSE,"Wearables","https://www.kickstarter.com/discover/categories/technology/wearables?ref=category_modal&sort=magic",2,2,"Saturday","Friday","Wednesday",6,4,2016,10,2,5,2016,11,4,20,2016,10,74,45,1,1
1210288360,"Make 100 | Geek & Chic: Smart Safety Jewelry.",30000,"make-100-geek-and-chic-smart-safety-jewelry","MX","MXN",FALSE,"Wearables","https://www.kickstarter.com/discover/categories/technology/wearables?ref=category_modal&sort=magic",9,9,"Thursday","Tuesday","Saturday",2,9,2017,1,1,3,2017,12,1,7,2017,1,3,33,0,0.04657551
1724229659,"The Worlds First Fitness Shirt with Resistance the RS-1.",20000,"the-worlds-first-fitness-shirt-with-resistance-the","US","USD",FALSE,"Wearables","https://www.kickstarter.com/discover/categories/technology/wearables?ref=category_modal&sort=magic",9,7,"Sunday","Monday","Wednesday",11,8,2015,19,6,29,2015,22,9,9,2015,19,71,60,1,1
70427145,"Garstin Luxury Stainless Steel Case for the Apple Watch",1e+05,"garstin-luxury-stainless-steel-case-for-the-apple","US","USD",FALSE,"Wearables","https://www.kickstarter.com/discover/categories/technology/wearables?ref=category_modal&sort=magic",9,7,"Tuesday","Sunday","Friday",6,28,2016,11,8,30,2015,2,4,29,2016,11,243,60,0,1
1963955237,"Buy beauty & hair products 24/7 from a vending machine.",10000,"buy-hair-24-7-from-a-vending-machine","US","USD",FALSE,"Wearables","https://www.kickstarter.com/discover/categories/technology/wearables?ref=category_modal&sort=magic",10,8,"Friday","Wednesday","Wednesday",3,27,2015,20,2,25,2015,13,2,25,2015,20,0,30,0,1
1515438122,"The first Earphones Cover in eco-leather and Made in Italy",5000,"the-first-earphones-cover-in-eco-leather-and-made","IT","EUR",FALSE,"Wearables","https://www.kickstarter.com/discover/categories/technology/wearables?ref=category_modal&sort=magic",10,7,"Saturday","Tuesday","Thursday",10,1,2016,3,8,30,2016,5,9,1,2016,3,1,30,1,1.11563563
1016566206,"Social behavior in technical communities",4000,"social-behavior-in-technical-communities","US","USD",FALSE,"Wearables","https://www.kickstarter.com/discover/categories/technology/wearables?ref=category_modal&sort=magic",5,4,"Sunday","Friday","Friday",7,27,2014,10,6,27,2014,10,6,27,2014,15,0,29,1,1
2124452221,"EZC Smartlight. Rider worn tail light brake light.",30000,"ezc-smartlight-rider-worn-tail-light-brake-light","CA","CAD",FALSE,"Wearables","https://www.kickstarter.com/discover/categories/technology/wearables?ref=category_modal&sort=magic",8,8,"Friday","Wednesday","Wednesday",5,8,2015,15,4,8,2015,12,4,8,2015,15,0,30,0,0.8019825
901566235,"Dry-Active: The World's First Wearable Dehumidifier",586800,"dry-active-the-worlds-first-wearable-dehumidifier","CA","CAD",FALSE,"Wearables","https://www.kickstarter.com/discover/categories/technology/wearables?ref=category_modal&sort=magic",6,6,"Sunday","Wednesday","Wednesday",6,19,2016,21,2,17,2016,22,5,18,2016,14,90,32,1,0.77568807
120256711,"WOOLF - The World's First Wearable That Saves Your Money",45000,"woolf-the-worlds-first-wearable-that-saves-your-mo","IT","EUR",FALSE,"Wearables","https://www.kickstarter.com/discover/categories/technology/wearables?ref=category_modal&sort=magic",10,10,"Wednesday","Saturday","Wednesday",10,12,2016,11,8,27,2016,10,9,7,2016,11,11,35,0,1.11563563
316789700,"AIRTIME WATERTIME BREATHVEST (BV)",20000,"breath-vest-bv","US","USD",FALSE,"Wearables","https://www.kickstarter.com/discover/categories/technology/wearables?ref=category_modal&sort=magic",4,4,"Saturday","Tuesday","Wednesday",7,16,2016,20,5,31,2016,13,6,15,2016,20,15,31,1,1
1841777714,"The fix is in for W-sitting.  The FIXSIT!",75000,"the-fix-is-in-for-w-sitting-the-fixsit","US","USD",FALSE,"Wearables","https://www.kickstarter.com/discover/categories/technology/wearables?ref=category_modal&sort=magic",8,5,"Saturday","Tuesday","Tuesday",1,17,2015,15,7,8,2014,10,11,18,2014,15,133,60,1,1
1999888455,"Peri-Specs - Neck Saving Glasses (Perispecs)",75000,"peri-specs-neck-saving-glasses-periscope-glasses","US","USD",FALSE,"Wearables","https://www.kickstarter.com/discover/categories/technology/wearables?ref=category_modal&sort=magic",6,6,"Thursday","Monday","Tuesday",8,18,2016,16,6,13,2016,15,7,19,2016,16,36,30,0,1
1107701462,"Ubivade - Vibrating navigation belt",50000,"ubivade-vibrating-navigation-belt","IT","EUR",FALSE,"Wearables","https://www.kickstarter.com/discover/categories/technology/wearables?ref=category_modal&sort=magic",5,5,"Saturday","Tuesday","Monday",10,29,2016,3,8,9,2016,10,9,19,2016,3,40,40,1,1.11588462
1143570657,"youWare  |  A digital ID for the real world",50000,"youware-the-worlds-first-wearable-social-network","US","USD",FALSE,"Wearables","https://www.kickstarter.com/discover/categories/technology/wearables?ref=category_modal&sort=magic",9,7,"Wednesday","Thursday","Sunday",12,31,2014,22,6,26,2014,22,11,30,2014,23,157,30,0,1
1096644926,"World's first Heated Jacket managed by Smartphone",50000,"first-italian-heated-jacket-managed-by-smartphone","IT","EUR",FALSE,"Wearables","https://www.kickstarter.com/discover/categories/technology/wearables?ref=category_modal&sort=magic",7,6,"Tuesday","Tuesday","Saturday",6,28,2016,4,4,26,2016,5,5,14,2016,4,17,45,0,1.13720879
1494760310,"Illuminated Running Footwear (Canceled)",65000,"illuminated-running-footwear","US","USD",FALSE,"Wearables","https://www.kickstarter.com/discover/categories/technology/wearables?ref=category_modal&sort=magic",4,4,"Saturday","Saturday","Tuesday",1,21,2017,19,10,8,2016,16,11,22,2016,19,45,60,1,1
1418205028,"Earbuddy",35000,"earbuddy","CA","CAD",FALSE,"Wearables","https://www.kickstarter.com/discover/categories/technology/wearables?ref=category_modal&sort=magic",1,1,"Sunday","Monday","Wednesday",7,26,2015,14,5,18,2015,18,5,27,2015,14,8,60,1,0.81229688
1942872399,"Diamodo Live",20000,"diamodo-live","US","USD",FALSE,"Wearables","https://www.kickstarter.com/discover/categories/technology/wearables?ref=category_modal&sort=magic",2,2,"Friday","Tuesday","Monday",1,20,2017,14,11,15,2016,9,11,21,2016,14,6,60,0,1
1436400002,"Triple Sensory Headset",1000,"triple-sensory-headset","US","USD",FALSE,"Wearables","https://www.kickstarter.com/discover/categories/technology/wearables?ref=category_modal&sort=magic",3,3,"Thursday","Saturday","Tuesday",10,8,2015,13,9,5,2015,12,9,8,2015,13,3,30,0,1
1385142466,"Limitless Vinyl",2000,"limitless-vinyl","US","USD",FALSE,"Wearables","https://www.kickstarter.com/discover/categories/technology/wearables?ref=category_modal&sort=magic",2,2,"Thursday","Sunday","Tuesday",11,27,2014,13,10,12,2014,19,10,28,2014,13,15,30,0,1
2035007660,"ISH        The Integrated Stretching Harness",12000,"ish-the-integrated-stretching-harness","US","USD",FALSE,"Wearables","https://www.kickstarter.com/discover/categories/technology/wearables?ref=category_modal&sort=magic",5,5,"Thursday","Tuesday","Tuesday",3,12,2015,22,11,4,2014,9,2,10,2015,22,98,29,0,1
1416941455,"whee'll:Cheap Brain-Computer Interface (BCI) for Wheelchairs",12500,"cheap-brain-computer-interface-bci-for-wheelchairs","ES","EUR",FALSE,"Wearables","https://www.kickstarter.com/discover/categories/technology/wearables?ref=category_modal&sort=magic",6,5,"Tuesday","Wednesday","Monday",12,8,2015,9,11,4,2015,6,11,9,2015,9,5,29,0,1.07411847
833221952,"Relay",75000,"relay","US","USD",FALSE,"Wearables","https://www.kickstarter.com/discover/categories/technology/wearables?ref=category_modal&sort=magic",1,1,"Wednesday","Friday","Monday",9,7,2016,23,7,22,2016,15,8,8,2016,23,17,30,0,1
1726073617,"KneePh: The World's First Knee-based Phone Holder",10000,"kneeph-the-worlds-first-knee-based-phone-holder","US","USD",FALSE,"Wearables","https://www.kickstarter.com/discover/categories/technology/wearables?ref=category_modal&sort=magic",7,7,"Friday","Thursday","Tuesday",9,25,2015,22,8,13,2015,9,8,25,2015,18,12,31,0,1
204475693,"BluBangerz Bluetooth Headphones",50000,"blubangerz-bluetooth-headphones","US","USD",FALSE,"Wearables","https://www.kickstarter.com/discover/categories/technology/wearables?ref=category_modal&sort=magic",3,3,"Sunday","Monday","Friday",11,9,2014,9,8,25,2014,19,10,10,2014,9,45,30,1,1
579576319,"E-Z TOTE PERSONAL CARE KIT",1e+05,"e-z-tote-personal-care-kit","US","USD",FALSE,"Wearables","https://www.kickstarter.com/discover/categories/technology/wearables?ref=category_modal&sort=magic",5,5,"Friday","Saturday","Wednesday",9,2,2016,19,5,7,2016,11,8,3,2016,19,88,30,0,1
1680537023,"The most reliable smartwatch for under $100",25000,"the-most-reliable-smartwatch-for-under-100","US","USD",FALSE,"Wearables","https://www.kickstarter.com/discover/categories/technology/wearables?ref=category_modal&sort=magic",7,4,"Thursday","Tuesday","Tuesday",12,31,2015,14,11,17,2015,22,12,1,2015,14,13,30,0,1
1964653970,"Remember to breathe.",80,"remember-to-breathe","CA","CAD",FALSE,"Wearables","https://www.kickstarter.com/discover/categories/technology/wearables?ref=category_modal&sort=magic",3,2,"Sunday","Friday","Monday",8,30,2015,17,7,31,2015,17,8,3,2015,19,3,26,1,0.76393786
1402626429,"LIFT  A Exosuit",2000,"lift-a-exosuit","US","USD",FALSE,"Wearables","https://www.kickstarter.com/discover/categories/technology/wearables?ref=category_modal&sort=magic",3,3,"Saturday","Thursday","Sunday",8,29,2015,13,7,23,2015,8,8,9,2015,13,17,20,1,1
1434126364,"INGENIOUS HAT",29000,"ingenious-hat","FR","EUR",FALSE,"Wearables","https://www.kickstarter.com/discover/categories/technology/wearables?ref=category_modal&sort=magic",2,2,"Saturday","Wednesday","Thursday",11,14,2015,1,9,9,2015,2,9,17,2015,1,7,58,1,1.12859556
400465837,"Architect PLANCUBE for Smartcities",1200000,"architect-plancube-for-smartcities","ES","EUR",FALSE,"Wearables","https://www.kickstarter.com/discover/categories/technology/wearables?ref=category_modal&sort=magic",4,3,"Sunday","Tuesday","Thursday",8,9,2015,14,6,23,2015,4,6,25,2015,14,2,45,1,1.11788925
1174411527,"Lorem ipsum dolor sit amet  consectetuer adipiscing elit. Ae",2e+05,"sarita-the-worlds-smallest-cellular-smart-care-nec","DK","DKK",FALSE,"Wearables","https://www.kickstarter.com/discover/categories/technology/wearables?ref=category_modal&sort=magic",9,9,"Thursday","Monday","Monday",7,21,2016,9,2,22,2016,7,5,30,2016,0,97,52,0,0.14943915
1389778659,"QindredCam: The Intelligent Wearable Camera (Canceled)",80000,"qindredcam-the-intelligent-wearable-camera","US","USD",FALSE,"Wearables","https://www.kickstarter.com/discover/categories/technology/wearables?ref=category_modal&sort=magic",6,6,"Tuesday","Saturday","Tuesday",3,10,2015,7,1,17,2015,19,2,3,2015,7,16,35,0,1
778991887,"The First Ever  Dual USB Flash Drive Stylus Retractable Pen",50000,"iink-nation-in-pen","US","USD",FALSE,"Wearables","https://www.kickstarter.com/discover/categories/technology/wearables?ref=category_modal&sort=magic",10,10,"Tuesday","Wednesday","Friday",8,5,2014,12,6,25,2014,19,7,11,2014,12,15,25,0,1
2014735397,"Fashion Forward Headphones & Membership Platform (Canceled)",462000,"world-s-first-headphone-membership-platform","SE","SEK",FALSE,"Wearables","https://www.kickstarter.com/discover/categories/technology/wearables?ref=category_modal&sort=magic",7,7,"Friday","Thursday","Wednesday",12,23,2016,11,11,17,2016,19,11,23,2016,11,5,30,0,0.10846432
535816162,"The 3G Smartwatch for Kids that Encourages Outdoor Play",35000,"worlds-first-smartwatch-for-kids-that-gamifies-out","US","USD",FALSE,"Wearables","https://www.kickstarter.com/discover/categories/technology/wearables?ref=category_modal&sort=magic",9,7,"Friday","Monday","Wednesday",7,1,2016,23,3,7,2016,13,6,1,2016,1,85,30,0,1
725433431,"Belt with Legs Invention (Canceled)",10115,"belt-with-legs-invention","CH","CHF",FALSE,"Wearables","https://www.kickstarter.com/discover/categories/technology/wearables?ref=category_modal&sort=magic",5,4,"Thursday","Sunday","Tuesday",1,26,2017,19,11,27,2016,18,12,27,2016,19,30,30,0,0.97491543
1962884700,"A New Case In Town | HAND Liberation | HANDL (Canceled)",30000,"a-new-case-in-town-hand-liberation-handl","US","USD",FALSE,"Wearables","https://www.kickstarter.com/discover/categories/technology/wearables?ref=category_modal&sort=magic",11,11,"Sunday","Friday","Friday",8,2,2015,14,7,3,2015,12,7,3,2015,14,0,30,1,1
1539350040,"BlueJewelz: Real Jewelry with Notification Technology",69000,"bluejewelz-real-jewelry-with-notification-technolo","US","USD",FALSE,"Wearables","https://www.kickstarter.com/discover/categories/technology/wearables?ref=category_modal&sort=magic",6,5,"Thursday","Wednesday","Tuesday",9,11,2014,22,5,7,2014,21,8,12,2014,6,96,30,0,1
1117286040,"Wearable power: A wrist worn battery charger for your phone",52000,"wearable-power-a-wrist-worn-battery-charger-for-yo","GB","GBP",FALSE,"Wearables","https://www.kickstarter.com/discover/categories/technology/wearables?ref=category_modal&sort=magic",10,8,"Sunday","Tuesday","Friday",1,18,2015,7,7,8,2014,10,12,19,2014,7,163,30,1,1.55896553
383930320,"Rapid Responder (Canceled)",750000,"rapid-responder-0","GB","GBP",FALSE,"Wearables","https://www.kickstarter.com/discover/categories/technology/wearables?ref=category_modal&sort=magic",3,3,"Saturday","Monday","Thursday",1,30,2016,5,12,28,2015,6,12,31,2015,5,2,30,1,1.48301283
522940515,"Narwhal Clip On: A Revolutionary Clip-On Wearable Device",85000,"narwhal-clip-on-a-revolutionary-clip-on-wearable-d","CA","CAD",FALSE,"Wearables","https://www.kickstarter.com/discover/categories/technology/wearables?ref=category_modal&sort=magic",8,8,"Friday","Saturday","Tuesday",12,12,2014,23,10,11,2014,12,11,11,2014,23,31,31,0,0.87971251
1049068204,"Buy hair and beauty products 24hrs from a vending machine",5000,"buy-hair-and-beauty-products-24hrs-from-a-vending","US","USD",FALSE,"Wearables","https://www.kickstarter.com/discover/categories/technology/wearables?ref=category_modal&sort=magic",10,7,"Thursday","Saturday","Tuesday",4,30,2015,21,3,28,2015,13,3,31,2015,21,3,30,0,1
4994497,"1'st interchangeable in function parts of smart shoes",120000,"1st-interchangeable-in-function-parts-of-smart-sho","AU","AUD",FALSE,"Wearables","https://www.kickstarter.com/discover/categories/technology/wearables?ref=category_modal&sort=magic",8,6,"Thursday","Monday","Sunday",1,15,2015,21,6,16,2014,1,11,16,2014,21,153,60,0,0.87496795
9597051,"Ellison School First Grade Mission To Space",900,"ellison-school-first-grade-mission-to-space","US","USD",FALSE,"","https://www.kickstarter.com/discover/categories/technology/space%20exploration?ref=category_modal&sort=magic",7,7,"Friday","Friday","Thursday",3,1,2013,9,1,4,2013,9,1,10,2013,14,6,49,0,1
195225878,"Project OHAB: A Journey Through the Atmosphere",400,"project-ohab-photography-from-111000-feet","US","USD",FALSE,"","https://www.kickstarter.com/discover/categories/technology/space%20exploration?ref=category_modal&sort=magic",7,6,"Wednesday","Sunday","Monday",8,22,2012,15,7,22,2012,19,7,30,2012,15,7,23,0,1
1856785821,"Record Breaking Space Glider",2460,"record-breaking-space-glider","US","USD",FALSE,"","https://www.kickstarter.com/discover/categories/technology/space%20exploration?ref=category_modal&sort=magic",4,4,"Wednesday","Monday","Monday",1,30,2013,16,11,19,2012,7,12,31,2012,16,42,30,0,1
26843928,"SpaceVR: Step into Space",1e+05,"spacevr-step-into-space","US","USD",FALSE,"","https://www.kickstarter.com/discover/categories/technology/space%20exploration?ref=category_modal&sort=magic",4,3,"Thursday","Friday","Tuesday",10,8,2015,21,8,28,2015,15,9,8,2015,21,11,30,0,1
980177559,"ArduSat - Your Arduino Experiment in Space",35000,"ardusat-your-arduino-experiment-in-space","US","USD",TRUE,"","https://www.kickstarter.com/discover/categories/technology/space%20exploration?ref=category_modal&sort=magic",7,6,"Sunday","Thursday","Friday",7,15,2012,0,5,17,2012,21,6,15,2012,0,28,30,1,1
1262190409,"LUNAR MISSION ONE: A new lunar mission for everyone.",6e+05,"lunar-mission-one-a-new-lunar-mission-for-everyone","GB","GBP",TRUE,"","https://www.kickstarter.com/discover/categories/technology/space%20exploration?ref=category_modal&sort=magic",9,8,"Wednesday","Wednesday","Tuesday",12,17,2014,17,11,5,2014,13,11,18,2014,17,13,28,0,1.57201066
411214004,"The most mysterious star in the Galaxy",1e+05,"the-most-mysterious-star-in-the-galaxy","US","USD",TRUE,"","https://www.kickstarter.com/discover/categories/technology/space%20exploration?ref=category_modal&sort=magic",7,4,"Friday","Tuesday","Wednesday",6,17,2016,7,4,26,2016,15,5,18,2016,7,21,30,0,1
807525807,"Restore the Pluto Discovery Telescope",22765,"restore-the-pluto-discovery-telescope","US","USD",TRUE,"","https://www.kickstarter.com/discover/categories/technology/space%20exploration?ref=category_modal&sort=magic",5,4,"Monday","Monday","Wednesday",8,22,2016,1,6,27,2016,16,7,13,2016,16,15,39,0,1
1254121470,"#TeamMopra - Save the Mopra Telescope & Map the Milky Way",65000,"teammopra-save-a-telescope-and-map-the-milky-way","AU","AUD",TRUE,"","https://www.kickstarter.com/discover/categories/technology/space%20exploration?ref=category_modal&sort=magic",11,9,"Saturday","Tuesday","Thursday",10,10,2015,20,3,31,2015,5,9,3,2015,23,156,36,1,0.70190215
944816578,"Project Dragonfly - Sail to the Stars",5000,"project-dragonfly-sail-to-the-stars","GB","GBP",FALSE,"","https://www.kickstarter.com/discover/categories/technology/space%20exploration?ref=category_modal&sort=magic",7,5,"Thursday","Wednesday","Tuesday",5,14,2015,7,2,4,2015,9,4,14,2015,7,68,30,0,1.46207594
573287286,"Starship Congress 2015: Interstellar Hackathon",20000,"starship-congress-2015-interstellar-hackathon","US","USD",FALSE,"","https://www.kickstarter.com/discover/categories/technology/space%20exploration?ref=category_modal&sort=magic",5,5,"Saturday","Saturday","Saturday",8,29,2015,23,7,4,2015,6,8,1,2015,23,28,28,1,1
1345735031,"Save the Astronomy Van",3000,"save-the-astronomy-van","US","USD",FALSE,"","https://www.kickstarter.com/discover/categories/technology/space%20exploration?ref=category_modal&sort=magic",4,3,"Sunday","Monday","Wednesday",6,7,2015,22,4,6,2015,17,4,8,2015,22,2,60,1,1
493714673,"RaspTouch Standalone Audio Player Raspberry Pi 3 + SABRE DAC",20000,"audiophile-touch-audio-player-raspberry-pi-3-sabre","FR","EUR",FALSE,"Sound","https://www.kickstarter.com/discover/categories/technology/sound?ref=category_modal&sort=magic",10,10,"Friday","Thursday","Wednesday",7,22,2016,9,5,19,2016,7,6,22,2016,9,34,30,0,1.13350411
1461573217,"CubeSat for Disclosure-Low Earth Orbit Satellite",10000,"cubesat-for-disclosure","US","USD",FALSE,"","https://www.kickstarter.com/discover/categories/technology/space%20exploration?ref=category_modal&sort=magic",6,5,"Friday","Thursday","Monday",3,11,2016,18,1,7,2016,18,1,11,2016,18,4,60,0,1
1734310275,"Save the Atlas",1e+05,"save-the-atlas","US","USD",FALSE,"","https://www.kickstarter.com/discover/categories/technology/space%20exploration?ref=category_modal&sort=magic",3,2,"Friday","Friday","Friday",4,3,2015,13,2,20,2015,11,2,20,2015,13,0,42,0,1
469942410,"High altitude balloon up to 115.000 feet",1250,"high-altitude-balloon","NL","EUR",FALSE,"","https://www.kickstarter.com/discover/categories/technology/space%20exploration?ref=category_modal&sort=magic",7,5,"Monday","Saturday","Saturday",9,8,2014,16,8,9,2014,14,8,9,2014,16,0,30,0,1.33617136
327547135,"Sci-Five: 5 New SpaceUps for 2015",5555,"sci-five-5-new-spaceups-for-2015","US","USD",FALSE,"","https://www.kickstarter.com/discover/categories/technology/space%20exploration?ref=category_modal&sort=magic",6,5,"Saturday","Wednesday","Monday",6,6,2015,16,4,8,2015,14,5,18,2015,13,39,19,1,1
1341322572,"infinitybox. mini-meditation stations",5700,"infinitybox-mini-meditation-stations","CA","CAD",FALSE,"","https://www.kickstarter.com/discover/categories/technology/space%20exploration?ref=category_modal&sort=magic",3,3,"Wednesday","Wednesday","Monday",5,6,2015,4,3,25,2015,11,4,6,2015,4,11,30,0,0.8009047
654816622,"(Sort of) Immortal By Laser (Not Really)",1000,"sort-of-immortal-by-laser-not-really","GB","GBP",FALSE,"","https://www.kickstarter.com/discover/categories/technology/space%20exploration?ref=category_modal&sort=magic",7,7,"Friday","Tuesday","Wednesday",3,13,2015,15,2,3,2015,11,2,11,2015,15,8,30,0,1.52412073
1064685274,"Spider500P radio telescope  affordable professional research",1e+05,"spider500p-radio-telescope-affordable-professional","IT","EUR",FALSE,"","https://www.kickstarter.com/discover/categories/technology/space%20exploration?ref=category_modal&sort=magic",6,6,"Friday","Thursday","Tuesday",4,8,2016,8,2,18,2016,22,2,23,2016,8,4,45,0,1.11120371
1134379238,"360 Balloon Ride to Space - Experience A VR Trip to Space!",6500,"360-balloon-ride-experience-a-vr-trip-to-near-spac","CA","CAD",FALSE,"","https://www.kickstarter.com/discover/categories/technology/space%20exploration?ref=category_modal&sort=magic",12,10,"Wednesday","Wednesday","Monday",4,15,2015,14,3,11,2015,14,3,16,2015,14,4,30,0,0.78226511
656587596,"(FS-SEP) Father & Son -Space Exploration Projects",3000,"fs-sep-father-and-son-space-exploration-projects","US","USD",FALSE,"","https://www.kickstarter.com/discover/categories/technology/space%20exploration?ref=category_modal&sort=magic",7,7,"Tuesday","Saturday","Friday",10,28,2014,15,9,27,2014,15,10,3,2014,15,5,25,0,1
1772258489,"4K UHD | 30fps | Weather Balloon Video From Space w/4 GoPros",3000,"4k-uhd-30fps-weather-balloon-video-from-space-w-4","US","USD",FALSE,"","https://www.kickstarter.com/discover/categories/technology/space%20exploration?ref=category_modal&sort=magic",12,12,"Saturday","Sunday","Thursday",10,31,2015,3,7,5,2015,23,10,1,2015,3,87,30,1,1
1359926267,"USAS (Upper Stratosphere Arduino Satellite)",10000,"usas-upper-stratosphere-arduino-satellite","NZ","NZD",FALSE,"","https://www.kickstarter.com/discover/categories/technology/space%20exploration?ref=category_modal&sort=magic",5,5,"Wednesday","Wednesday","Monday",6,17,2015,17,5,13,2015,18,5,18,2015,17,4,30,0,0.74736684
770800936,"Energy Producing Container Tower",2e+06,"energy-producing-container-tower","US","USD",FALSE,"","https://www.kickstarter.com/discover/categories/technology/space%20exploration?ref=category_modal&sort=magic",4,4,"Monday","Tuesday","Thursday",10,27,2014,14,5,15,2012,16,8,28,2014,14,834,60,0,1
1377366770,"Project Split Skies",2000,"project-split-skies","US","USD",FALSE,"","https://www.kickstarter.com/discover/categories/technology/space%20exploration?ref=category_modal&sort=magic",3,3,"Wednesday","Wednesday","Monday",7,1,2015,23,5,27,2015,0,6,1,2015,23,5,30,0,1
1346734764,"ArduScope",1100,"arduscope","ES","EUR",FALSE,"","https://www.kickstarter.com/discover/categories/technology/space%20exploration?ref=category_modal&sort=magic",1,1,"Tuesday","Friday","Tuesday",10,27,2015,15,9,18,2015,12,9,22,2015,15,4,34,0,1.13106306
1526386606,"Max navy 1488 space program",8400,"max-navy-1488-space-program","SE","SEK",FALSE,"","https://www.kickstarter.com/discover/categories/technology/space%20exploration?ref=category_modal&sort=magic",5,5,"Wednesday","Tuesday","Friday",1,21,2015,14,12,16,2014,4,12,19,2014,14,3,33,0,0.1304785
1368457745,"Help students doing a microgravity experiment !",3000,"microgravity-experiment-interface-of-immiscible-li","BE","EUR",FALSE,"","https://www.kickstarter.com/discover/categories/technology/space%20exploration?ref=category_modal&sort=magic",7,5,"Sunday","Tuesday","Monday",9,13,2015,11,8,4,2015,2,8,17,2015,9,13,27,1,1.11099384
1813361557,"SpaceVR: Your Ticket to Space (Canceled)",5e+05,"overview-one-explore-space-through-virtual-reality","US","USD",TRUE,"","https://www.kickstarter.com/discover/categories/technology/space%20exploration?ref=category_modal&sort=magic",6,5,"Wednesday","Tuesday","Monday",9,9,2015,2,8,13,2013,21,8,10,2015,2,726,30,0,1
60759276,"The Observer Project 2016 (Canceled)",60000,"the-observer-project-2016","US","USD",FALSE,"","https://www.kickstarter.com/discover/categories/technology/space%20exploration?ref=category_modal&sort=magic",5,5,"Wednesday","Sunday","Monday",12,21,2016,8,11,6,2016,0,11,21,2016,8,15,30,0,1
1248074698,"MOD Duo: The limitless multi-effects pedal.",65000,"mod-duo-the-limitless-multi-effects-pedal","US","USD",TRUE,"Sound","https://www.kickstarter.com/discover/categories/technology/sound?ref=category_modal&sort=magic",6,6,"Friday","Thursday","Wednesday",10,17,2014,11,7,3,2014,0,9,17,2014,11,76,30,0,1
695135094,"The Vo-96 Acoustic Synthesizer",50000,"the-vo-96-acoustic-synthesizer","US","USD",TRUE,"Sound","https://www.kickstarter.com/discover/categories/technology/sound?ref=category_modal&sort=magic",4,4,"Sunday","Sunday","Monday",5,12,2013,22,1,6,2013,22,4,8,2013,23,92,33,1,1
1568943199,"Ototo: Make Music from Anything",50000,"ototo-make-music-from-anything","GB","GBP",TRUE,"Sound","https://www.kickstarter.com/discover/categories/technology/sound?ref=category_modal&sort=magic",5,4,"Sunday","Thursday","Friday",3,2,2014,13,1,9,2014,10,1,31,2014,5,21,30,1,1.65583749
1773911165,"The Yowler: a community built DIY noise synth",4000,"the-yowler-a-community-built-diy-noise-synth","AU","AUD",TRUE,"Sound","https://www.kickstarter.com/discover/categories/technology/sound?ref=category_modal&sort=magic",8,7,"Sunday","Thursday","Wednesday",1,1,2017,6,11,17,2016,22,11,30,2016,14,12,31,1,0.74725124
1242303914,"ARCHT One: Revolutionary wireless audio system for your home",70000,"archt-one-revolutionary-wireless-audio-system-for","US","USD",TRUE,"Sound","https://www.kickstarter.com/discover/categories/technology/sound?ref=category_modal&sort=magic",9,7,"Friday","Monday","Wednesday",12,12,2014,9,9,8,2014,19,10,29,2014,0,50,44,0,1
1934690933,"JOUÉ - The most Expressive and Modular MIDI controller",70000,"joue","FR","EUR",TRUE,"Sound","https://www.kickstarter.com/discover/categories/technology/sound?ref=category_modal&sort=magic",9,7,"Sunday","Tuesday","Thursday",1,15,2017,3,6,28,2016,3,12,1,2016,3,155,45,1,1.06332075
525102833,"QuNexus Smart Sensor Keyboard Controller",20000,"qunexus-smart-sensor-keyboard-controller","US","USD",TRUE,"Sound","https://www.kickstarter.com/discover/categories/technology/sound?ref=category_modal&sort=magic",5,5,"Tuesday","Thursday","Wednesday",12,18,2012,1,4,26,2012,15,10,31,2012,17,188,47,0,1
1199339803,"GMF - Acoustic Pickups for Guitars and stringed instruments",2000,"gmf-acoustic-pickups-for-guitars-and-stringed-inst","US","USD",FALSE,"Sound","https://www.kickstarter.com/discover/categories/technology/sound?ref=category_modal&sort=magic",9,7,"Friday","Monday","Wednesday",12,16,2016,16,10,31,2016,14,11,16,2016,16,16,30,0,1
1930286428,"SoundBot II: Charging Your Speakers Can’t Get Any Easier",20000,"soundbot-ii-charging-your-speakers-cant-get-any-ea","US","USD",FALSE,"Sound","https://www.kickstarter.com/discover/categories/technology/sound?ref=category_modal&sort=magic",9,9,"Friday","Monday","Wednesday",10,16,2015,11,8,31,2015,1,9,16,2015,11,16,30,0,1
1289086934,"Apollo 7 - World's Most Compact True Wireless Earphones",88888,"apollo-7-worlds-most-compact-true-wireless-earphon","US","USD",FALSE,"Sound","https://www.kickstarter.com/discover/categories/technology/sound?ref=category_modal&sort=magic",9,9,"Thursday","Thursday","Tuesday",6,2,2016,1,4,14,2016,20,5,3,2016,1,18,30,0,1
1957502911,"Powerful Wireless WiFi Speaker that Works Everywhere Easily",75000,"axiomair-wireless-wifi-speaker-multiroom-sound-sys","US","USD",FALSE,"Sound","https://www.kickstarter.com/discover/categories/technology/sound?ref=category_modal&sort=magic",8,7,"Sunday","Sunday","Friday",7,12,2015,7,5,10,2015,11,6,12,2015,7,32,30,1,1
1957799733,"Guitar-Jo: Simulate a Banjo with Your Electric Guitar",2900,"guitar-jo-simulate-a-banjo-with-your-electric-guit-0","US","USD",FALSE,"Sound","https://www.kickstarter.com/discover/categories/technology/sound?ref=category_modal&sort=magic",8,6,"Friday","Thursday","Wednesday",9,25,2015,11,8,20,2015,14,8,26,2015,11,5,30,0,1
884784580,"VitalTone: The Answer for Sleep  Stress  and Tech-burnout",50000,"vitaltone-harmonize-your-body-fine-tune-your-mind","US","USD",FALSE,"Sound","https://www.kickstarter.com/discover/categories/technology/sound?ref=category_modal&sort=magic",8,6,"Friday","Monday","Wednesday",10,28,2016,8,8,1,2016,12,9,28,2016,8,57,30,0,1
1738305676,"The Interfacer - Stereo or Mono at the flick of a switch.",10000,"the-interfacer-stereo-or-mono-at-the-flick-of-a-sw","AU","AUD",FALSE,"Sound","https://www.kickstarter.com/discover/categories/technology/sound?ref=category_modal&sort=magic",12,7,"Sunday","Saturday","Friday",6,7,2015,20,12,6,2014,18,5,8,2015,20,153,30,1,0.79780762
1763079276,"Bundle Buds — Tangle-Free Earbuds",5000,"bundle-buds-tangle-free-earbuds","US","USD",FALSE,"Sound","https://www.kickstarter.com/discover/categories/technology/sound?ref=category_modal&sort=magic",5,5,"Friday","Saturday","Wednesday",11,21,2014,22,8,2,2014,11,10,22,2014,9,80,30,0,1
592222650,"Pole Position Sliding Pickup Guitar",5000,"pole-position-sliding-pickup-guitar","US","USD",FALSE,"Sound","https://www.kickstarter.com/discover/categories/technology/sound?ref=category_modal&sort=magic",5,5,"Sunday","Friday","Friday",8,23,2015,17,7,10,2015,15,7,24,2015,17,14,30,1,1
940656500,"gMIX - the 4 Channel Stereo Mixer Without Batteries!",1000,"gmix-the-4-channel-stereo-mixer-without-batteries","AU","AUD",FALSE,"Sound","https://www.kickstarter.com/discover/categories/technology/sound?ref=category_modal&sort=magic",9,8,"Sunday","Wednesday","Friday",3,15,2015,2,2,11,2015,17,2,13,2015,2,1,30,1,0.76612267
1849880091,"Retronix Guitar Project - by J. Backlund Design Guitars",15000,"retronix-guitar-project-by-j-backlund-design-guita","US","USD",FALSE,"Sound","https://www.kickstarter.com/discover/categories/technology/sound?ref=category_modal&sort=magic",9,8,"Sunday","Friday","Wednesday",9,23,2012,22,9,7,2012,15,9,12,2012,15,5,11,1,1
967550694,"YourVoizz - A personalised voicemail for everyone",200,"yourvoizz-a-personalised-voicemail-for-everyone","NL","EUR",FALSE,"Sound","https://www.kickstarter.com/discover/categories/technology/sound?ref=category_modal&sort=magic",7,6,"Sunday","Saturday","Friday",10,11,2015,15,8,1,2015,14,9,11,2015,15,41,30,1,1.12097193
1888252379,"The Podcasters' Pub Crawl",500,"the-podcasters-pub-crawl","GB","GBP",FALSE,"Sound","https://www.kickstarter.com/discover/categories/technology/sound?ref=category_modal&sort=magic",4,4,"Thursday","Tuesday","Thursday",3,17,2016,6,3,8,2016,10,3,10,2016,6,1,7,0,1.4184699
141648098,"Virtulator High Definition Music Production Tool & Streamer",24000,"virtulator-high-definition-music-production-tool","US","USD",TRUE,"Sound","https://www.kickstarter.com/discover/categories/technology/sound?ref=category_modal&sort=magic",8,8,"Wednesday","Thursday","Wednesday",7,1,2015,14,4,9,2015,15,5,27,2015,14,47,35,0,1
1815946706,"The Mighty Flea - The Jazz Guitar Amp That Goes Where You Go",8000,"the-mighty-flea-the-jazz-guitar-amp-that-goes-wher","BE","EUR",TRUE,"Sound","https://www.kickstarter.com/discover/categories/technology/sound?ref=category_modal&sort=magic",13,13,"Wednesday","Monday","Monday",10,19,2016,13,6,27,2016,9,9,19,2016,13,84,30,0,1.11588462
1211091794,"The Anatron - add authentic synth effects to any instrument",12000,"the-anatron-add-authentic-synth-effects-to-any-ins","GB","GBP",TRUE,"Sound","https://www.kickstarter.com/discover/categories/technology/sound?ref=category_modal&sort=magic",10,8,"Wednesday","Wednesday","Monday",12,7,2016,0,10,12,2016,9,11,7,2016,0,25,30,0,1.25182297
842329859,"Rockwire - High-quality  lossless  guitar cable",4000,"the-perfect-guitar-cable-handsome-lossless-afforda","DE","EUR",FALSE,"Sound","https://www.kickstarter.com/discover/categories/technology/sound?ref=category_modal&sort=magic",6,6,"Sunday","Thursday","Friday",7,19,2015,13,5,28,2015,8,6,19,2015,13,22,30,1,1.13571318
1879777265,"ToneDexter: Makes Your Amplified Acoustic Guitar Sound Right",1e+05,"tonedexter-makes-your-amplified-acoustic-guitar-so","US","USD",FALSE,"Sound","https://www.kickstarter.com/discover/categories/technology/sound?ref=category_modal&sort=magic",8,8,"Thursday","Tuesday","Monday",12,31,2015,12,11,3,2015,12,11,30,2015,18,27,30,0,1
712404972,"Experience a Guitar Beyond Anything You've Ever Known",35000,"experience-a-guitar-beyond-anything-youve-ever-kno","US","USD",FALSE,"Sound","https://www.kickstarter.com/discover/categories/technology/sound?ref=category_modal&sort=magic",8,7,"Friday","Wednesday","Tuesday",7,15,2016,9,4,6,2016,16,5,31,2016,9,54,45,0,1
1229266414,"S-AMP: Micro recording studio pedal for guitar practice",19000,"s-amp-guitar-practice-headphone-amp-sp-and-mic-in","US","USD",FALSE,"Sound","https://www.kickstarter.com/discover/categories/technology/sound?ref=category_modal&sort=magic",8,7,"Tuesday","Tuesday","Wednesday",3,22,2016,11,1,12,2016,19,3,2,2016,11,49,20,0,1
342314366,"Lightlead Optical Guitar Cable - No AC DC - Pad tone!",55000,"lightlead-optical-guitar-cable-no-ac-dc-pad-tone","GB","GBP",FALSE,"Sound","https://www.kickstarter.com/discover/categories/technology/sound?ref=category_modal&sort=magic",11,11,"Saturday","Tuesday","Thursday",11,21,2015,5,10,6,2015,8,10,22,2015,7,15,29,1,1.54412014
649305126,"PUMP - Our First Kickstarter Attempt...",75000,"the-new-king-of-bass-pump-and-omg-audio-in-ear-hea","GB","GBP",FALSE,"Sound","https://www.kickstarter.com/discover/categories/technology/sound?ref=category_modal&sort=magic",6,6,"Tuesday","Thursday","Monday",2,3,2015,11,1,8,2015,11,1,19,2015,11,11,15,0,1.51504133
847605407,"Technics 1200 /AudioTechnica Turntable Outer Record Clamp",18000,"technics-1200-series-outer-record-periphery-clamp","CA","CAD",FALSE,"Sound","https://www.kickstarter.com/discover/categories/technology/sound?ref=category_modal&sort=magic",7,7,"Sunday","Wednesday","Friday",8,16,2015,12,9,10,2014,12,7,17,2015,12,309,30,1,0.77474817
1170310497,"Relaxing Digital Sound Resonator for Recorded Singing Bowls.",35000,"resonating-meditation-platform","US","USD",FALSE,"Sound","https://www.kickstarter.com/discover/categories/technology/sound?ref=category_modal&sort=magic",8,7,"Sunday","Friday","Saturday",11,6,2016,18,7,1,2016,12,9,17,2016,18,78,50,1,1
11226181,"BUCK BUMPER: A New Advantage for Big Game Hunters",3000,"buck-bumper-a-new-advantage-for-big-game-hunters","US","USD",FALSE,"Sound","https://www.kickstarter.com/discover/categories/technology/sound?ref=category_modal&sort=magic",9,8,"Friday","Wednesday","Wednesday",8,5,2016,4,6,22,2016,9,7,6,2016,4,13,30,0,1
754361761,"Freedom Cast",150000,"freedom-cast","US","USD",FALSE,"Sound","https://www.kickstarter.com/discover/categories/technology/sound?ref=category_modal&sort=magic",2,2,"Friday","Tuesday","Wednesday",3,27,2015,19,4,29,2014,18,2,25,2015,19,302,30,0,1
355370289,"OxAmp - Tiny AUX Audio Line-in Amplifier for Car Stereos",5000,"oxamp-tiny-aux-audio-line-in-preamp-for-car-stereo","US","USD",FALSE,"Sound","https://www.kickstarter.com/discover/categories/technology/sound?ref=category_modal&sort=magic",10,9,"Sunday","Thursday","Friday",5,24,2015,3,10,16,2014,14,4,24,2015,3,189,30,1,1
985457347,"The Goblin Box -- Chaos Light Synth / Optic Theremin",3500,"the-goblin-box-chaos-light-synth-optic-theremin","US","USD",FALSE,"Sound","https://www.kickstarter.com/discover/categories/technology/sound?ref=category_modal&sort=magic",10,10,"Thursday","Wednesday","Monday",6,25,2015,17,6,3,2015,0,6,15,2015,17,12,10,0,1
1443255715,"Play it by Ear",20000,"play-it-by-ear","AU","AUD",FALSE,"Sound","https://www.kickstarter.com/discover/categories/technology/sound?ref=category_modal&sort=magic",4,2,"Friday","Monday","Wednesday",12,5,2014,19,10,27,2014,0,11,5,2014,19,9,30,0,0.87109987
265715252,"Vintage All Tube Guitar Amp  For Best Sounding guitar Ever!!",1e+05,"metalhead-elan-mk-ii-and-mkiii-all-tube-guitar-amp","US","USD",FALSE,"Sound","https://www.kickstarter.com/discover/categories/technology/sound?ref=category_modal&sort=magic",10,10,"Wednesday","Tuesday","Tuesday",12,31,2014,3,10,14,2014,2,11,18,2014,3,35,43,0,1
430656470,"The Blastone  a high quality Bluetooth music receiver",30000,"the-blastone-a-high-quality-bluetooth-music-receiv","US","USD",FALSE,"Sound","https://www.kickstarter.com/discover/categories/technology/sound?ref=category_modal&sort=magic",8,7,"Thursday","Sunday","Tuesday",7,17,2014,6,5,18,2014,10,6,17,2014,6,29,30,0,1
1019334728,"OpenAudioPal",15000,"openaudiopal","US","USD",FALSE,"Sound","https://www.kickstarter.com/discover/categories/technology/sound?ref=category_modal&sort=magic",1,1,"Thursday","Tuesday","Tuesday",7,3,2014,10,5,20,2014,13,6,3,2014,10,13,30,0,1
1523862006,"The Light Box - Brighten up your music",7250,"the-light-box-brighten-up-your-music","US","USD",FALSE,"Sound","https://www.kickstarter.com/discover/categories/technology/sound?ref=category_modal&sort=magic",8,6,"Friday","Wednesday","Wednesday",11,25,2016,20,7,6,2016,17,10,26,2016,20,112,30,0,1
1443084031,"MAGZET: The Audio Jack Reinvented with the Power of Magnets",294000,"magzet-the-audio-jack-reinvented-with-the-power-of","US","USD",FALSE,"Sound","https://www.kickstarter.com/discover/categories/technology/sound?ref=category_modal&sort=magic",10,7,"Friday","Monday","Monday",5,1,2015,20,8,11,2014,14,3,23,2015,20,224,39,0,1
334440288,"Headphones that move you... (Canceled)",2e+05,"headphones-that-move-you","US","USD",FALSE,"Sound","https://www.kickstarter.com/discover/categories/technology/sound?ref=category_modal&sort=magic",5,4,"Sunday","Wednesday","Friday",7,12,2015,13,4,1,2015,19,6,12,2015,13,71,30,1,1
1851477672,"The World’s Best Music and Bluetooth Enabled Hoodie | Hiody",45000,"the-worlds-best-music-and-bluetooth-enabled-hoodie","US","USD",FALSE,"Sound","https://www.kickstarter.com/discover/categories/technology/sound?ref=category_modal&sort=magic",10,9,"Sunday","Monday","Wednesday",6,19,2016,14,2,8,2016,14,4,20,2016,14,71,60,1,1
1271015242,"AeroSphere : Wireless Headphones  New Generation Headphones",30000,"aerosphere-wireless-headphones-new-generation-head","US","USD",FALSE,"Sound","https://www.kickstarter.com/discover/categories/technology/sound?ref=category_modal&sort=magic",7,7,"Wednesday","Sunday","Monday",7,15,2015,13,3,22,2015,16,6,15,2015,13,84,30,0,1
619605257,"""Democratize your Audio"" with Perfonix! (Canceled)",180000,"democratize-your-audio-with-perfonix","US","USD",FALSE,"Sound","https://www.kickstarter.com/discover/categories/technology/sound?ref=category_modal&sort=magic",6,4,"Sunday","Monday","Tuesday",7,10,2016,23,5,2,2016,12,5,31,2016,23,29,40,1,1
605282446,"Video Internet Radio Station (Canceled)",20000,"broadnet-radio-the-peoples-global-internet-radio","AU","AUD",FALSE,"Sound","https://www.kickstarter.com/discover/categories/technology/sound?ref=category_modal&sort=magic",5,5,"Wednesday","Sunday","Monday",12,2,2015,21,11,1,2015,9,11,2,2015,21,1,30,0,0.71373818
1148111683,"OnAir Box (Canceled)",2e+05,"onair-box","US","USD",FALSE,"Sound","https://www.kickstarter.com/discover/categories/technology/sound?ref=category_modal&sort=magic",3,3,"Sunday","Wednesday","Friday",1,4,2015,20,10,15,2014,18,12,5,2014,20,51,30,1,1
2100583429,"Other World Mapper – Map design software",8750,"other-world-mapper-map-design-software","US","USD",TRUE,"Software","https://www.kickstarter.com/discover/categories/technology/software?ref=category_modal&sort=magic",7,7,"Thursday","Wednesday","Tuesday",11,6,2014,22,1,22,2014,9,10,7,2014,6,257,30,0,1
1761268469,"OpenPhoto  a photo service for your S3 or Dropbox account",25000,"openphoto-a-photo-service-for-your-s3-or-dropbox-a","US","USD",TRUE,"Software","https://www.kickstarter.com/discover/categories/technology/software?ref=category_modal&sort=magic",10,6,"Wednesday","Wednesday","Monday",7,13,2011,12,4,13,2011,1,6,13,2011,12,61,30,0,1
841585005,"MORE JACQUES COUSTEAU  LESS HUCK FINN",5000,"more-jacques-cousteau-less-huck-finn","US","USD",TRUE,"Software","https://www.kickstarter.com/discover/categories/technology/software?ref=category_modal&sort=magic",6,6,"Monday","Monday","Monday",4,19,2010,2,2,15,2010,19,3,8,2010,10,20,41,0,1
776496128,"Unlogo - The Corporate Identity Media Filter",4000,"unlogo-the-corporate-media-filter-0","US","USD",TRUE,"Software","https://www.kickstarter.com/discover/categories/technology/software?ref=category_modal&sort=magic",7,7,"Monday","Friday","Friday",11,22,2010,15,10,8,2010,15,10,8,2010,15,0,45,0,1
1729718016,"Muscle Wire @ Maker Faire",500,"muscle-wire-maker-faire","US","USD",TRUE,"Software","https://www.kickstarter.com/discover/categories/technology/software?ref=category_modal&sort=magic",5,5,"Sunday","Sunday","Sunday",9,19,2010,20,8,22,2010,17,8,22,2010,19,0,28,1,1
1000776914,"VLC for the new Windows 8 User Experience (""Metro"")",40000,"vlc-for-the-new-windows-8-user-experience-metro","GB","GBP",TRUE,"Software","https://www.kickstarter.com/discover/categories/technology/software?ref=category_modal&sort=magic",9,7,"Saturday","Saturday","Thursday",12,29,2012,6,10,20,2012,10,11,29,2012,6,39,30,1,1.60157595
1907356945,"Dyslexie Font: Improving Reading for Dyslexics",35000,"dyslexie-font-improving-reading-for-dyslexics","NL","EUR",TRUE,"Software","https://www.kickstarter.com/discover/categories/technology/software?ref=category_modal&sort=magic",6,5,"Monday","Friday","Tuesday",11,21,2016,2,9,30,2016,12,10,11,2016,8,10,40,0,1.11925681
489020469,"Glide - Beautifully Simple  Professional App Creation",30000,"glide-beautifully-simple-professional-app-creation","GB","GBP",TRUE,"Software","https://www.kickstarter.com/discover/categories/technology/software?ref=category_modal&sort=magic",7,7,"Saturday","Wednesday","Thursday",5,16,2015,11,6,18,2014,10,4,16,2015,11,302,30,1,1.47619125
1934019109,"Learn Java Programming (and More) by Solving Challenges",1000,"learn-java-programming-and-more-by-solving-challen","US","USD",FALSE,"Software","https://www.kickstarter.com/discover/categories/technology/software?ref=category_modal&sort=magic",8,7,"Wednesday","Sunday","Monday",8,28,2013,16,7,7,2013,23,7,29,2013,16,21,30,0,1
684139033,"JS Git",12000,"js-git","US","USD",FALSE,"Software","https://www.kickstarter.com/discover/categories/technology/software?ref=category_modal&sort=magic",2,2,"Saturday","Tuesday","Friday",3,30,2013,11,3,12,2013,15,3,15,2013,11,2,15,1,1
1532967277,"Asian American Community Exchange",6000,"asian-american-community-exchange","US","USD",FALSE,"Software","https://www.kickstarter.com/discover/categories/technology/software?ref=category_modal&sort=magic",4,4,"Monday","Wednesday","Tuesday",6,15,2015,19,4,22,2015,14,5,5,2015,22,13,40,0,1
1696003948,"BackerSupport - The KickStarter Management & Logistics App",100,"backersupport-the-kickstarter-management-and-logis","US","USD",FALSE,"Software","https://www.kickstarter.com/discover/categories/technology/software?ref=category_modal&sort=magic",8,8,"Saturday","Thursday","Thursday",8,16,2014,7,7,10,2014,12,7,17,2014,7,6,30,1,1
1759508504,"Follow My Vote's Parallel Presidential Election Experience",21000,"follow-my-votes-parallel-presidential-election-exp","US","USD",FALSE,"Software","https://www.kickstarter.com/discover/categories/technology/software?ref=category_modal&sort=magic",7,7,"Monday","Wednesday","Friday",7,4,2016,2,5,25,2016,16,6,3,2016,2,8,31,0,1
972093190,"Saiku Reporting - Interactive Report Designer",15000,"saiku-reporting-interactive-report-designer","GB","GBP",FALSE,"Software","https://www.kickstarter.com/discover/categories/technology/software?ref=category_modal&sort=magic",6,6,"Sunday","Monday","Monday",12,6,2015,13,11,16,2015,4,11,16,2015,13,0,20,1,1.52350076
1789916356,"Edge Up Sports: Fantasy Football Can Be Fun Again!",35000,"edge-up-sports-fantasy-football-can-be-fun-again","US","USD",FALSE,"Software","https://www.kickstarter.com/discover/categories/technology/software?ref=category_modal&sort=magic",9,9,"Wednesday","Monday","Tuesday",9,9,2015,12,7,13,2015,17,8,11,2015,23,29,28,0,1
1430038668,"The Joy of PHP Programming  (e-book and course)",2500,"the-joy-of-php-programming-e-book-and-course","US","USD",FALSE,"Software","https://www.kickstarter.com/discover/categories/technology/software?ref=category_modal&sort=magic",8,6,"Sunday","Sunday","Friday",9,30,2012,17,8,19,2012,14,8,31,2012,17,12,30,1,1
769851698,"AppsAmuck: Over 30 New Online iPhone App Development Lessons",10000,"appsamuck-over-30-new-online-iphone-app-developmen","US","USD",FALSE,"Software","https://www.kickstarter.com/discover/categories/technology/software?ref=category_modal&sort=magic",9,9,"Tuesday","Wednesday","Sunday",10,15,2013,20,6,19,2013,5,9,15,2013,20,88,30,0,1
1832949159,"Getting Your Sh*t Together: Business of Art Software for Artists",10000,"getting-your-sh-t-together-business-of-art-softwar","US","USD",FALSE,"Software","https://www.kickstarter.com/discover/categories/technology/software?ref=category_modal&sort=magic",10,8,"Saturday","Monday","Thursday",1,2,2010,1,10,12,2009,14,10,22,2009,10,9,71,1,1
1537663234,"Hollaback!",12500,"hollaback","US","USD",FALSE,"Software","https://www.kickstarter.com/discover/categories/technology/software?ref=category_modal&sort=magic",1,1,"Friday","Saturday","Monday",5,28,2010,16,10,10,2009,11,4,19,2010,13,191,39,0,1
840388991,"Epitonic.com: Relaunch by the Original Founders",4650,"epitoniccom-relaunch-by-the-original-founders","US","USD",FALSE,"Software","https://www.kickstarter.com/discover/categories/technology/software?ref=category_modal&sort=magic",6,4,"Friday","Friday","Sunday",10,1,2010,21,6,25,2010,17,8,15,2010,23,51,46,0,1
12498573,"Computer Science for your Child.",9000,"computer-science-for-your-child","GB","GBP",FALSE,"Software","https://www.kickstarter.com/discover/categories/technology/software?ref=category_modal&sort=magic",5,3,"Saturday","Tuesday","Wednesday",6,22,2013,21,3,5,2013,8,5,8,2013,21,64,45,1,1.55425033
1798008075,"Depicto - Making drug information accessible to all",1e+05,"depicto-making-drug-information-accessible-to-all","NO","NOK",FALSE,"Software","https://www.kickstarter.com/discover/categories/technology/software?ref=category_modal&sort=magic",8,6,"Tuesday","Friday","Sunday",9,20,2016,16,7,29,2016,3,8,28,2016,8,30,23,0,0.12100153
551813686,"PiGrid - get rewarded for helping research projects at home",8000,"pigrid-get-rewarded-for-helping-research-projects","DE","EUR",FALSE,"Software","https://www.kickstarter.com/discover/categories/technology/software?ref=category_modal&sort=magic",10,8,"Saturday","Tuesday","Friday",10,31,2015,17,8,18,2015,19,9,25,2015,7,37,36,1,1.1182055
1095234464,"Nextgen Benchmark Tool",50,"nextgen-benchmark-tool","US","USD",FALSE,"Software","https://www.kickstarter.com/discover/categories/technology/software?ref=category_modal&sort=magic",3,3,"Thursday","Thursday","Tuesday",8,28,2014,14,7,24,2014,17,7,29,2014,14,4,30,0,1
1067405399,"Open Science Tracker",1000,"open-science-tracker","US","USD",FALSE,"Software","https://www.kickstarter.com/discover/categories/technology/software?ref=category_modal&sort=magic",3,3,"Saturday","Monday","Sunday",12,25,2010,13,9,6,2010,17,9,26,2010,13,19,90,1,1
477356563,"Strong File Encryption Tool",200,"strong-file-encryption-tool","GB","GBP",FALSE,"Software","https://www.kickstarter.com/discover/categories/technology/software?ref=category_modal&sort=magic",4,4,"Thursday","Sunday","Tuesday",2,13,2014,7,1,5,2014,9,1,14,2014,7,8,30,0,1.65008605
1437691515,"Better support for MT7620A/N in OpenWrt/LEDE",200,"better-support-for-mt7620a-n-in-openwrt-lede","DE","EUR",FALSE,"Software","https://www.kickstarter.com/discover/categories/technology/software?ref=category_modal&sort=magic",6,4,"Tuesday","Wednesday","Saturday",2,14,2017,11,2,1,2017,17,2,4,2017,11,2,10,0,1.0757315
197254176,"HabitRPG",25000,"habitrpg-mobile","US","USD",FALSE,"Software","https://www.kickstarter.com/discover/categories/technology/software?ref=category_modal&sort=magic",1,1,"Tuesday","Tuesday","Thursday",2,19,2013,19,1,8,2013,9,1,10,2013,19,2,40,0,1
1347778549,"HackNY - the first hackathon organized by NYC students for NYC students",2000,"hacknyorg-nycs-first-intercollegiate-hackath-0","US","USD",FALSE,"Software","https://www.kickstarter.com/discover/categories/technology/software?ref=category_modal&sort=magic",12,9,"Thursday","Wednesday","Wednesday",4,1,2010,18,3,17,2010,15,3,17,2010,22,0,14,0,1
83478995,"YaCyPi - Turnkey Raspberry Pi based Internet Search Engine",10000,"yacypi-turnkey-raspberry-pi-based-internet-search","US","USD",FALSE,"Software","https://www.kickstarter.com/discover/categories/technology/software?ref=category_modal&sort=magic",9,9,"Wednesday","Saturday","Sunday",2,19,2014,8,12,28,2013,13,1,5,2014,8,7,45,0,1
1445335961,"Open Source Bug Tracking",3000,"open-source-bug-tracking-0","US","USD",FALSE,"Software","https://www.kickstarter.com/discover/categories/technology/software?ref=category_modal&sort=magic",4,4,"Sunday","Wednesday","Thursday",10,7,2012,18,9,26,2012,15,9,27,2012,18,1,10,1,1
1731093529,"Open Architecture: An app that gives a damn.",6000,"open-architecture-an-app-that-gives-a-damn","US","USD",FALSE,"Software","https://www.kickstarter.com/discover/categories/technology/software?ref=category_modal&sort=magic",8,6,"Wednesday","Monday","Monday",10,6,2010,13,8,23,2010,12,8,23,2010,15,0,43,0,1
1758830730,"Explore Historic Newport",10000,"explore-historic-newport","US","USD",FALSE,"Software","https://www.kickstarter.com/discover/categories/technology/software?ref=category_modal&sort=magic",3,3,"Friday","Tuesday","Tuesday",6,29,2012,7,5,8,2012,11,5,15,2012,7,6,45,0,1
2018574209,"Python 201: Intermediate Python",2500,"python-201-intermediate-python","US","USD",FALSE,"Software","https://www.kickstarter.com/discover/categories/technology/software?ref=category_modal&sort=magic",4,4,"Friday","Friday","Wednesday",4,8,2016,8,3,4,2016,8,3,9,2016,8,5,30,0,1
2011436662,"Fit Cage",15000,"fit-cage","US","USD",FALSE,"Software","https://www.kickstarter.com/discover/categories/technology/software?ref=category_modal&sort=magic",2,2,"Friday","Monday","Monday",12,19,2014,13,9,22,2014,9,10,27,2014,8,34,53,0,1
359729674,"LinkedMD:  Your Healthcare Footprint",15000,"linkedmd-your-healthcare-footprint","US","USD",FALSE,"Software","https://www.kickstarter.com/discover/categories/technology/software?ref=category_modal&sort=magic",4,4,"Tuesday","Tuesday","Friday",10,21,2014,6,6,17,2014,8,9,5,2014,6,79,46,0,1
535157813,"Learn the Command Line ... for Science!",2000,"learn-the-command-line-for-science","US","USD",FALSE,"Software","https://www.kickstarter.com/discover/categories/technology/software?ref=category_modal&sort=magic",7,5,"Wednesday","Monday","Monday",2,3,2016,12,11,30,2015,20,1,4,2016,12,34,30,0,1
863430150,"The Complete Android M Developer Course with Android Studio",3000,"the-complete-android-m-developer-course-with-andro","GB","GBP",FALSE,"Software","https://www.kickstarter.com/discover/categories/technology/software?ref=category_modal&sort=magic",9,8,"Sunday","Friday","Friday",7,12,2015,7,5,29,2015,2,6,12,2015,7,14,30,1,1.54942671
1264634415,"My 3D Dream",1500,"my-3d-dream","US","USD",FALSE,"Software","https://www.kickstarter.com/discover/categories/technology/software?ref=category_modal&sort=magic",3,3,"Sunday","Monday","Tuesday",2,14,2010,22,11,16,2009,17,11,17,2009,12,0,89,1,1
684377334,"Power House Health and Fitness app",1000,"power-house-health-and-fitness-app","US","USD",FALSE,"Software","https://www.kickstarter.com/discover/categories/technology/software?ref=category_modal&sort=magic",6,5,"Monday","Saturday","Friday",8,18,2014,3,7,12,2014,3,7,18,2014,13,6,30,0,1
1980778506,"KidsGoMobile: Keeping Parents Savvy & Kids Safe Online",20000,"kidsgomobile-savvy-software-for-digital-parenting","NZ","NZD",FALSE,"Software","https://www.kickstarter.com/discover/categories/technology/software?ref=category_modal&sort=magic",8,8,"Sunday","Tuesday","Monday",12,29,2013,3,11,5,2013,23,11,25,2013,5,19,33,1,0.81934909
322787069,"Commando.io; a web-based SSH interface for dev-op tasks.",15000,"commandoio-a-web-based-ssh-interface-for-dev-op-ta","US","USD",FALSE,"Software","https://www.kickstarter.com/discover/categories/technology/software?ref=category_modal&sort=magic",8,6,"Wednesday","Tuesday","Monday",8,8,2012,15,4,24,2012,21,7,9,2012,15,75,30,0,1
692367890,"A complete overhaul of how websites work",8000,"a-complete-overhaul-of-how-websites-work","US","USD",FALSE,"Software","https://www.kickstarter.com/discover/categories/technology/software?ref=category_modal&sort=magic",7,5,"Monday","Wednesday","Saturday",3,24,2014,13,11,21,2012,11,2,22,2014,13,458,30,0,1
52528807,"AdifineFit",1000,"adifinefit","US","USD",FALSE,"Software","https://www.kickstarter.com/discover/categories/technology/software?ref=category_modal&sort=magic",1,1,"Sunday","Monday","Sunday",3,10,2013,10,2,11,2013,9,2,24,2013,10,13,14,1,1
1108338144,"SkypeNotes",3000,"skypenotes","US","USD",FALSE,"Software","https://www.kickstarter.com/discover/categories/technology/software?ref=category_modal&sort=magic",1,1,"Saturday","Tuesday","Thursday",11,22,2014,11,8,19,2014,11,10,23,2014,11,65,30,1,1
1129142727,"Cinema-Sync : Watching Videos Toghether",50000,"cinema-sync","US","USD",FALSE,"Software","https://www.kickstarter.com/discover/categories/technology/software?ref=category_modal&sort=magic",5,5,"Wednesday","Tuesday","Saturday",7,29,2015,18,5,19,2015,14,5,30,2015,18,11,60,0,1
876836651,"xpXtend",25000,"xpxtend","US","USD",FALSE,"Software","https://www.kickstarter.com/discover/categories/technology/software?ref=category_modal&sort=magic",1,1,"Wednesday","Wednesday","Monday",5,14,2014,16,12,4,2013,19,4,14,2014,16,130,30,0,1
1421803736,"Pyramid Browser Application",1e+05,"pyramid-browser-application","GB","GBP",FALSE,"Software","https://www.kickstarter.com/discover/categories/technology/software?ref=category_modal&sort=magic",3,3,"Friday","Wednesday","Monday",8,1,2014,9,5,28,2014,9,6,2,2014,9,4,60,0,1.67568745
688191515,"FanStorm - Football fans social network / game / shop",3e+05,"fanstorm-football-fans-social-network-game-shop","CH","CHF",FALSE,"Software","https://www.kickstarter.com/discover/categories/technology/software?ref=category_modal&sort=magic",10,10,"Friday","Saturday","Wednesday",9,9,2016,11,8,6,2016,9,8,10,2016,11,4,30,0,1.01765841
1906307227,"WeJudicate: Citizen Coders Serving Justice",23000,"wejudicate-citizen-coders-serving-justice","US","USD",FALSE,"Software","https://www.kickstarter.com/discover/categories/technology/software?ref=category_modal&sort=magic",5,5,"Saturday","Sunday","Monday",4,2,2011,22,1,23,2011,8,1,24,2011,2,0,68,1,1
1966975872,"Mailelf - Encrypted Email for Everyone",55000,"mailelf-encrypted-email-for-everyone","US","USD",FALSE,"Software","https://www.kickstarter.com/discover/categories/technology/software?ref=category_modal&sort=magic",6,5,"Saturday","Saturday","Friday",9,28,2013,18,6,29,2013,13,8,30,2013,10,61,29,1,1
1489768433,"AssignmentBoard",50000,"assignmentboard","US","USD",FALSE,"Software","https://www.kickstarter.com/discover/categories/technology/software?ref=category_modal&sort=magic",1,1,"Wednesday","Friday","Thursday",9,10,2014,17,7,25,2014,20,8,21,2014,17,26,20,0,1
1214734883,"GNUstep Project",50000,"gnustep-project","US","USD",FALSE,"Software","https://www.kickstarter.com/discover/categories/technology/software?ref=category_modal&sort=magic",2,2,"Wednesday","Wednesday","Monday",9,11,2013,15,11,28,2012,18,8,12,2013,15,256,30,0,1
399697219,"JWildfire flame GPU renderer",12345,"jwildfire-flame-gpu-renderer","DE","EUR",FALSE,"Software","https://www.kickstarter.com/discover/categories/technology/software?ref=category_modal&sort=magic",4,4,"Thursday","Monday","Tuesday",5,5,2016,15,4,4,2016,16,4,5,2016,15,0,30,0,1.14013255
500258128,"RFTLive",20000,"rftlive","US","USD",FALSE,"Software","https://www.kickstarter.com/discover/categories/technology/software?ref=category_modal&sort=magic",1,1,"Friday","Wednesday","Wednesday",9,23,2016,14,8,17,2016,15,8,24,2016,14,6,30,0,1
381123357,"Virtual Reality Jerusalem",25000,"vr-jerusalem","US","USD",FALSE,"Software","https://www.kickstarter.com/discover/categories/technology/software?ref=category_modal&sort=magic",3,3,"Tuesday","Sunday","Thursday",1,26,2016,4,3,1,2015,21,12,17,2015,4,290,40,0,1
1924131875,"Get FlrtAlert developed for Android OS",10000,"get-flrtalert-developed-for-android-os","US","USD",FALSE,"Software","https://www.kickstarter.com/discover/categories/technology/software?ref=category_modal&sort=magic",6,5,"Thursday","Monday","Tuesday",8,28,2014,15,7,21,2014,19,7,29,2014,15,7,30,0,1
620218306,"Isofractal: Open-Source Collaboration Infrastructure",67000,"flash-mob-surfing-collaboration-for-world-change","US","USD",FALSE,"Software","https://www.kickstarter.com/discover/categories/technology/software?ref=category_modal&sort=magic",4,4,"Wednesday","Monday","Monday",7,6,2011,0,5,23,2011,8,6,6,2011,0,13,30,0,1
2620949,"Real-time Audio/Video Affects Android OS",20000,"penelope-sacred-geometry-app-tonoscope-in-your-poc","US","USD",FALSE,"Software","https://www.kickstarter.com/discover/categories/technology/software?ref=category_modal&sort=magic",5,5,"Friday","Tuesday","Friday",1,10,2014,19,12,3,2013,21,12,20,2013,19,16,21,0,1
351155431,"Help me help others with hypnotherapy",250,"help-me-help-others-with-hypnotherapy","US","USD",FALSE,"Software","https://www.kickstarter.com/discover/categories/technology/software?ref=category_modal&sort=magic",6,4,"Saturday","Monday","Tuesday",8,21,2010,18,7,5,2010,9,7,6,2010,21,1,45,1,1
2041076252,"Final Request  Inc. – Everyone’s Life and Legacy  Better!",50000,"final-request-inc-everyones-life-and-legacy-better","US","USD",FALSE,"Software","https://www.kickstarter.com/discover/categories/technology/software?ref=category_modal&sort=magic",9,8,"Thursday","Thursday","Tuesday",7,17,2014,2,4,24,2014,19,6,17,2014,2,53,30,0,1
604445188,"Employment Gold",1e+05,"employment-gold","US","USD",FALSE,"Software","https://www.kickstarter.com/discover/categories/technology/software?ref=category_modal&sort=magic",2,2,"Wednesday","Tuesday","Monday",2,24,2016,2,6,16,2015,22,1,25,2016,2,222,30,0,1
1051058276,"Technology Leadership Camp- Developing Online/Mobile Games",12000,"technology-leadership-camp-developing-online-mobil","US","USD",FALSE,"Software","https://www.kickstarter.com/discover/categories/technology/software?ref=category_modal&sort=magic",6,6,"Friday","Thursday","Monday",4,24,2015,17,2,12,2015,10,2,23,2015,17,11,59,0,1
1697692131,"Mapz.mobi opening the door on location based data",6000,"mapzmobi-opening-the-door-on-location-based-based","GB","GBP",FALSE,"Software","https://www.kickstarter.com/discover/categories/technology/software?ref=category_modal&sort=magic",8,6,"Sunday","Tuesday","Friday",4,27,2014,14,3,25,2014,14,3,28,2014,14,3,30,1,1.65831154
500281707,"AndroidWP8",150000,"androidwp8","US","USD",FALSE,"Software","https://www.kickstarter.com/discover/categories/technology/software?ref=category_modal&sort=magic",1,1,"Saturday","Monday","Tuesday",9,6,2014,15,7,7,2014,1,7,8,2014,15,1,60,1,1
244209665,"ColorVision",5000,"colorvision","US","USD",FALSE,"Software","https://www.kickstarter.com/discover/categories/technology/software?ref=category_modal&sort=magic",1,1,"Tuesday","Tuesday","Tuesday",12,1,2009,19,9,29,2009,19,9,29,2009,19,0,62,0,1
1824775124,"Room4Staff",10000,"room4staff","GB","GBP",FALSE,"Software","https://www.kickstarter.com/discover/categories/technology/software?ref=category_modal&sort=magic",1,1,"Tuesday","Wednesday","Wednesday",5,19,2015,9,3,25,2015,13,4,15,2015,9,20,34,0,1.46793516
1760284843,"cSpeak - Applications for the Deaf and Hard of Hearing",20000,"cspeak-applications-for-the-deaf-and-hard-of-heari","US","USD",FALSE,"Software","https://www.kickstarter.com/discover/categories/technology/software?ref=category_modal&sort=magic",10,6,"Wednesday","Tuesday","Monday",7,6,2016,5,5,3,2016,13,6,6,2016,5,33,30,0,1
1282267651,"Just Mail: Your Way to Safe And Secure Communications.",350000,"just-mail-your-way-to-safe-and-secure-communicatio","US","USD",FALSE,"Software","https://www.kickstarter.com/discover/categories/technology/software?ref=category_modal&sort=magic",9,8,"Saturday","Tuesday","Thursday",5,24,2014,8,3,18,2014,8,4,24,2014,8,36,30,1,1
1992712219,"Time Tracker Android Application",5000,"time-tracker-android-application","US","USD",FALSE,"Software","https://www.kickstarter.com/discover/categories/technology/software?ref=category_modal&sort=magic",4,4,"Thursday","Thursday","Tuesday",5,2,2013,13,3,21,2013,15,4,2,2013,13,11,30,0,1
1161427056,"Storica - From Sensors to Digital Stories",50000,"storica-from-sensors-to-digital-stories-0","GB","GBP",FALSE,"Software","https://www.kickstarter.com/discover/categories/technology/software?ref=category_modal&sort=magic",7,6,"Saturday","Friday","Tuesday",9,21,2013,9,7,19,2013,4,7,23,2013,9,4,60,1,1.52814071
235873594,"Live Coached Online Fitness. Anytime... Anywhere!",75000,"live-coached-online-fitness-anytime-anywhere","US","USD",FALSE,"Software","https://www.kickstarter.com/discover/categories/technology/software?ref=category_modal&sort=magic",6,6,"Thursday","Wednesday","Sunday",9,3,2015,21,2,25,2015,12,7,5,2015,21,130,60,0,1
1464306252,"Web App for Fashion & Textile Designers",20000,"web-app-for-fashion-and-textile-designers","US","USD",FALSE,"Software","https://www.kickstarter.com/discover/categories/technology/software?ref=category_modal&sort=magic",7,6,"Tuesday","Tuesday","Friday",7,3,2012,9,3,13,2012,8,5,4,2012,9,52,60,0,1
174313136,"GammaRF - Bringing the airwaves to the public domain",25000,"gammarf-bringing-the-airwaves-to-the-public-domain","US","USD",FALSE,"Software","https://www.kickstarter.com/discover/categories/technology/software?ref=category_modal&sort=magic",9,6,"Thursday","Tuesday","Tuesday",9,8,2016,17,8,2,2016,17,8,9,2016,17,6,30,0,1
1325198605,"TrailerBoard - Dashboards for Developers",5000,"trailerboard-dashboards-for-developers","US","USD",FALSE,"Software","https://www.kickstarter.com/discover/categories/technology/software?ref=category_modal&sort=magic",5,4,"Tuesday","Monday","Tuesday",6,26,2012,15,4,30,2012,13,5,22,2012,15,22,35,0,1
1680173506,"Trending Taste",125000,"trending-taste","US","USD",FALSE,"Software","https://www.kickstarter.com/discover/categories/technology/software?ref=category_modal&sort=magic",2,2,"Sunday","Wednesday","Friday",7,6,2014,19,5,28,2014,11,6,6,2014,19,9,30,1,1
705347204,"Emacsy  An Embeddable Emacs-like Library",5000,"emacsy-an-embeddable-emacs","US","USD",FALSE,"Software","https://www.kickstarter.com/discover/categories/technology/software?ref=category_modal&sort=magic",5,5,"Friday","Friday","Wednesday",6,15,2012,10,4,20,2012,14,5,16,2012,10,25,30,0,1
908106654,"123 Speak Communication System",52000,"123-speak-communication-system","US","USD",FALSE,"Software","https://www.kickstarter.com/discover/categories/technology/software?ref=category_modal&sort=magic",4,4,"Thursday","Friday","Tuesday",2,18,2016,16,6,6,2014,17,1,19,2016,16,591,30,0,1
124500563,"Supercomputing Quantum Simulation Program",30000,"supercomputing-quantum-simulation-program","US","USD",FALSE,"Software","https://www.kickstarter.com/discover/categories/technology/software?ref=category_modal&sort=magic",4,4,"Friday","Thursday","Wednesday",9,14,2012,5,8,9,2012,18,8,15,2012,5,5,30,0,1
1020928451,"No Scroll Email (Custom Timesaving Email Application)",4500,"no-scroll-email-custom-timesaving-email-application","US","USD",FALSE,"Software","https://www.kickstarter.com/discover/categories/technology/software?ref=category_modal&sort=magic",7,7,"Wednesday","Tuesday","Monday",9,2,2009,21,5,26,2009,21,6,8,2009,2,12,86,0,1
1824663357,"High School Planetarium Exhibit Build",1000,"high-school-planetarium-exhibit-build","US","USD",FALSE,"Software","https://www.kickstarter.com/discover/categories/technology/software?ref=category_modal&sort=magic",5,5,"Saturday","Thursday","Thursday",12,25,2010,10,11,25,2010,10,11,25,2010,10,0,30,1,1
861057113,"Attraction App Design and Development",20000,"attraction-app-design-and-development","US","USD",FALSE,"Software","https://www.kickstarter.com/discover/categories/technology/software?ref=category_modal&sort=magic",5,4,"Friday","Friday","Friday",4,8,2011,14,1,7,2011,13,1,7,2011,14,0,91,0,1
2038778467,"MoviePile",2e+05,"moviepile","US","USD",FALSE,"Software","https://www.kickstarter.com/discover/categories/technology/software?ref=category_modal&sort=magic",1,1,"Thursday","Wednesday","Tuesday",3,7,2013,19,1,30,2013,0,2,5,2013,19,6,30,0,1
142177966,"ENLI - Augmented Reality Based on GPS and Computer Vision",50000,"enli-designing-home-reimagined","GB","GBP",FALSE,"Software","https://www.kickstarter.com/discover/categories/technology/software?ref=category_modal&sort=magic",10,8,"Thursday","Friday","Tuesday",12,18,2014,14,11,7,2014,3,11,18,2014,14,11,30,0,1.57201066
823199169,"Inspection Time",7000,"inspection-time","US","USD",FALSE,"Software","https://www.kickstarter.com/discover/categories/technology/software?ref=category_modal&sort=magic",2,2,"Tuesday","Tuesday","Sunday",7,28,2015,17,6,2,2015,23,6,28,2015,17,25,30,0,1
1163070662,"SIT Solutions - Power Utility",1500,"sit-solutions-power-utility","US","USD",FALSE,"Software","https://www.kickstarter.com/discover/categories/technology/software?ref=category_modal&sort=magic",5,5,"Saturday","Monday","Thursday",10,4,2014,11,9,1,2014,17,9,4,2014,11,2,30,1,1
1283786671,"Dynamic Data Viewer Ad-Hoc Reporting Tool",7777,"dynamic-data-viewer-ad-hoc-reporting-tool","US","USD",FALSE,"Software","https://www.kickstarter.com/discover/categories/technology/software?ref=category_modal&sort=magic",6,6,"Friday","Monday","Wednesday",9,12,2014,8,8,11,2014,16,8,13,2014,8,1,30,0,1
2077349667,"Folder Deduplicator",10000,"folder-deduplicator","AU","AUD",FALSE,"Software","https://www.kickstarter.com/discover/categories/technology/software?ref=category_modal&sort=magic",2,2,"Thursday","Tuesday","Tuesday",1,15,2015,20,12,16,2014,20,12,16,2014,20,0,30,0,0.8216299
805202317,"Libeari - The future of Education",1e+05,"libeari-the-future-of-education","NL","EUR",FALSE,"Software","https://www.kickstarter.com/discover/categories/technology/software?ref=category_modal&sort=magic",6,5,"Wednesday","Wednesday","Wednesday",12,31,2014,11,11,12,2014,13,11,19,2014,2,6,42,0,1.24748476
835244313,"SAMS - Encrypted Email",35000,"sams-secure-authenticated-mail-service","US","USD",FALSE,"Software","https://www.kickstarter.com/discover/categories/technology/software?ref=category_modal&sort=magic",4,4,"Wednesday","Tuesday","Monday",9,10,2014,12,6,24,2014,15,8,11,2014,12,47,30,0,1
752163493,"Flojuggler.com",2500,"flojugglercom","US","USD",FALSE,"Software","https://www.kickstarter.com/discover/categories/technology/software?ref=category_modal&sort=magic",1,1,"Saturday","Thursday","Thursday",2,6,2010,13,1,7,2010,13,1,7,2010,18,0,29,1,1
284979126,"Low Budget Band Director Management Software",800,"low-budget-band-director-management-software","US","USD",FALSE,"Software","https://www.kickstarter.com/discover/categories/technology/software?ref=category_modal&sort=magic",6,6,"Friday","Tuesday","Wednesday",8,22,2014,16,7,22,2014,15,7,23,2014,16,1,30,0,1
195232515,"Tax Return Organizer",15000,"tax-return-organizer","US","USD",FALSE,"Software","https://www.kickstarter.com/discover/categories/technology/software?ref=category_modal&sort=magic",3,3,"Sunday","Saturday","Friday",3,23,2014,11,2,15,2014,18,2,21,2014,11,5,30,1,1
905921222,"The Civil War Augmented Reality Project",7600,"the-civil-war-augmented-reality-project","US","USD",FALSE,"Software","https://www.kickstarter.com/discover/categories/technology/software?ref=category_modal&sort=magic",6,6,"Wednesday","Saturday","Thursday",8,25,2010,22,6,19,2010,4,7,1,2010,9,12,55,0,1
150568671,"IdeaFons.com  Great ideas deserve to be shared",15000,"ideafonscom-great-ideas-deserve-to-be-shared","US","USD",FALSE,"Software","https://www.kickstarter.com/discover/categories/technology/software?ref=category_modal&sort=magic",7,5,"Saturday","Tuesday","Thursday",7,27,2013,20,5,7,2013,15,6,27,2013,20,51,30,1,1
1194257232,"Next Generation of Blogging platforms",30000,"next-generation-of-blogging-platforms","CA","CAD",FALSE,"Software","https://www.kickstarter.com/discover/categories/technology/software?ref=category_modal&sort=magic",5,4,"Saturday","Sunday","Thursday",12,21,2013,22,11,3,2013,17,11,21,2013,22,18,30,1,0.95588495
1417083666,"Moody",50000,"moody","US","USD",FALSE,"Software","https://www.kickstarter.com/discover/categories/technology/software?ref=category_modal&sort=magic",1,1,"Friday","Sunday","Wednesday",8,29,2014,11,7,27,2014,12,7,30,2014,11,2,30,0,1
1588861037,"Seeed: Smart Password Generator",600,"seeed-smart-password-generator","CA","CAD",FALSE,"Software","https://www.kickstarter.com/discover/categories/technology/software?ref=category_modal&sort=magic",4,4,"Sunday","Wednesday","Friday",7,31,2016,20,6,22,2016,17,7,1,2016,20,9,30,1,0.77181933
1825843719,"Friends With Websites",300,"friends-with-websites","US","USD",FALSE,"Software","https://www.kickstarter.com/discover/categories/technology/software?ref=category_modal&sort=magic",3,3,"Wednesday","Tuesday","Monday",6,30,2010,16,5,25,2010,16,5,31,2010,8,5,30,0,1
1484371707,"Luminous Tales",23000,"luminous-tales","GB","GBP",FALSE,"Software","https://www.kickstarter.com/discover/categories/technology/software?ref=category_modal&sort=magic",2,2,"Saturday","Friday","Thursday",12,14,2013,7,8,9,2013,4,11,14,2013,7,97,30,1,1.58904197
1513776620,"Trackpacker",15000,"trackpacker","US","USD",FALSE,"Software","https://www.kickstarter.com/discover/categories/technology/software?ref=category_modal&sort=magic",1,1,"Thursday","Friday","Friday",1,1,2015,15,12,12,2014,10,12,12,2014,15,0,20,0,1
594545690,"Croosle: All in one educational and experimental smart kit",60000,"croosle-all-in-one-educational-and-experimental-sm","GB","GBP",FALSE,"Software","https://www.kickstarter.com/discover/categories/technology/software?ref=category_modal&sort=magic",9,7,"Wednesday","Sunday","Monday",5,14,2014,1,3,2,2014,17,4,14,2014,1,42,30,0,1.67325651
193044538,"The Grafi App: Mobile Messaging in Your Own Handwriting",5000,"the-grafi-app-mobile-messaging-in-your-own-handwri","US","USD",FALSE,"Software","https://www.kickstarter.com/discover/categories/technology/software?ref=category_modal&sort=magic",9,8,"Wednesday","Sunday","Wednesday",9,18,2013,18,8,25,2013,16,9,4,2013,18,10,14,0,1
398426048,"Mission:Escape - Transforming Routine Into Epic Adventure",4000,"mission-escape-custom-soundtrack-iphone-app","US","USD",FALSE,"Software","https://www.kickstarter.com/discover/categories/technology/software?ref=category_modal&sort=magic",7,7,"Saturday","Monday","Thursday",9,22,2012,17,7,23,2012,20,8,23,2012,17,30,30,1,1
1185105986,"The HangUpMachine:  a  SPAM filter for your phone",37500,"the-hangupmachine-a-spam-filter-for-your-phone","US","USD",FALSE,"Software","https://www.kickstarter.com/discover/categories/technology/software?ref=category_modal&sort=magic",8,5,"Tuesday","Friday","Sunday",5,20,2014,12,2,7,2014,14,4,20,2014,12,71,30,0,1
1825661351,"NodeCloud: Hosting Platform for Developers",20000,"nodecloud","US","USD",FALSE,"Software","https://www.kickstarter.com/discover/categories/technology/software?ref=category_modal&sort=magic",5,4,"Wednesday","Saturday","Monday",12,25,2013,23,10,12,2013,11,11,25,2013,18,44,30,0,1
2055040862,"Thorium Core Cloud Desktop",120000,"thorium-core-cloud-desktop","US","USD",FALSE,"Software","https://www.kickstarter.com/discover/categories/technology/software?ref=category_modal&sort=magic",4,4,"Friday","Wednesday","Monday",2,21,2014,0,5,1,2013,20,12,23,2013,0,235,60,0,1
247554572,"Project Prompt for Mac and iOS: Home Automation for Everyone",5000,"project-prompt-for-mac-and-ios-home-automation-for","US","USD",FALSE,"Software","https://www.kickstarter.com/discover/categories/technology/software?ref=category_modal&sort=magic",10,7,"Thursday","Wednesday","Tuesday",8,21,2014,11,7,9,2014,21,7,22,2014,11,12,30,0,1
731316492,"Winter is Here!  Game Of Thrones Photo Sticker iPhone App!!",2381,"winter-is-here-game-of-thrones-photo-sticker-iphon","US","USD",FALSE,"Software","https://www.kickstarter.com/discover/categories/technology/software?ref=category_modal&sort=magic",10,9,"Monday","Wednesday","Monday",12,30,2013,1,11,13,2013,15,12,16,2013,1,32,14,0,1
2079513103,"iPantry application ready for market",1000,"ipantry-application-ready-for-market","US","USD",FALSE,"Software","https://www.kickstarter.com/discover/categories/technology/software?ref=category_modal&sort=magic",5,4,"Saturday","Monday","Monday",5,15,2010,8,2,15,2010,7,2,15,2010,9,0,88,1,1
1748421900,"Revolver Internet TV Remote Control for iPhone",55000,"revolver-internet-tv-remote-control-for-iphone","US","USD",FALSE,"Software","https://www.kickstarter.com/discover/categories/technology/software?ref=category_modal&sort=magic",7,6,"Monday","Thursday","Saturday",5,2,2016,16,3,24,2016,13,4,2,2016,16,9,30,0,1
764953940,"Driving Simulation for Young Drivers",1e+05,"driving-simulation-for-young-drivers","US","USD",FALSE,"Software","https://www.kickstarter.com/discover/categories/technology/software?ref=category_modal&sort=magic",5,4,"Thursday","Thursday","Tuesday",5,5,2016,11,3,17,2016,15,4,5,2016,11,18,30,0,1
706612892,"Cleaning up Hawaii's reefs ",1000,"cleaning-up-hawaiis-reefs","US","USD",FALSE,"Software","https://www.kickstarter.com/discover/categories/technology/software?ref=category_modal&sort=magic",4,3,"Monday","Tuesday","Tuesday",12,7,2009,22,9,8,2009,23,9,8,2009,23,0,89,0,1
1493950766,"tAlleyCat - Trainer Based Cycling Competition",4000,"talleycat-trainer-based-cycling-competition","US","USD",FALSE,"Software","https://www.kickstarter.com/discover/categories/technology/software?ref=category_modal&sort=magic",6,6,"Saturday","Sunday","Thursday",3,29,2014,20,2,9,2014,18,2,27,2014,20,18,30,1,1
2093793891,"Stream Kitchen",120000,"stream-kitchen","US","USD",FALSE,"Software","https://www.kickstarter.com/discover/categories/technology/software?ref=category_modal&sort=magic",2,2,"Thursday","Sunday","Tuesday",7,14,2016,23,5,1,2016,1,6,14,2016,22,44,30,0,1
515813243,"Beer Universe Android Application",6000,"beer-universe-android-application","US","USD",FALSE,"Software","https://www.kickstarter.com/discover/categories/technology/software?ref=category_modal&sort=magic",4,4,"Thursday","Tuesday","Tuesday",9,9,2010,13,8,10,2010,12,8,10,2010,13,0,30,0,1
342110177,"Swahili Voice for Flite Text-to-Speech",50000,"swahili-voice-for-flite-text-to-speech","GB","GBP",FALSE,"Software","https://www.kickstarter.com/discover/categories/technology/software?ref=category_modal&sort=magic",5,4,"Sunday","Friday","Friday",5,31,2015,11,4,24,2015,6,5,1,2015,11,7,30,1,1.54309319
1083842334,"Mobile app to watch your sports game where you want.",12500,"mobile-app-to-watch-your-sports-game-where-you-wan","US","USD",FALSE,"Software","https://www.kickstarter.com/discover/categories/technology/software?ref=category_modal&sort=magic",10,6,"Thursday","Tuesday","Tuesday",9,11,2014,10,7,8,2014,18,8,12,2014,10,34,30,0,1
1293469146,"Interactive Word-2-Word Tajweed Quran: Click  Follow & Learn",32500,"interactive-word-2-word-tajweed-quran-click-follow","GB","GBP",FALSE,"Software","https://www.kickstarter.com/discover/categories/technology/software?ref=category_modal&sort=magic",8,8,"Friday","Thursday","Monday",7,4,2014,23,5,1,2014,0,5,5,2014,23,4,60,0,1.68774662
256123328,"3D INK - 3D Design Software for the Tattoo Industry",15000,"3d-ink-3d-design-software-for-the-tattoo-industry","AU","AUD",FALSE,"Software","https://www.kickstarter.com/discover/categories/technology/software?ref=category_modal&sort=magic",10,8,"Wednesday","Saturday","Monday",9,16,2015,23,11,29,2014,5,8,17,2015,23,261,30,0,0.73725706
474827738,"Online Gaming Troop Statistics",30000,"online-gaming-troop-statistics","US","USD",FALSE,"Software","https://www.kickstarter.com/discover/categories/technology/software?ref=category_modal&sort=magic",4,4,"Tuesday","Monday","Saturday",4,22,2014,2,2,24,2014,12,3,8,2014,2,11,45,0,1
733463739,"Game Making Made Easy (GMME)",10000,"game-making-made-easy-gmme","US","USD",FALSE,"Software","https://www.kickstarter.com/discover/categories/technology/software?ref=category_modal&sort=magic",5,5,"Tuesday","Sunday","Sunday",6,2,2015,3,5,3,2015,2,5,3,2015,3,0,30,0,1
905381789,"Internet Addiction Blocker Manager",30000,"internet-addiction-blocker-manager","US","USD",FALSE,"Software","https://www.kickstarter.com/discover/categories/technology/software?ref=category_modal&sort=magic",4,4,"Wednesday","Tuesday","Tuesday",4,27,2016,17,12,23,2014,5,4,12,2016,17,476,15,0,1
1524683527,"Nonlinear Film Technology",1e+05,"nonlinear-film-technology","US","USD",FALSE,"Software","https://www.kickstarter.com/discover/categories/technology/software?ref=category_modal&sort=magic",3,3,"Wednesday","Wednesday","Monday",8,20,2014,12,6,4,2014,13,7,21,2014,12,46,30,0,1
444391328,"The D Screen Project",195000,"the-d-screen-project","US","USD",FALSE,"Software","https://www.kickstarter.com/discover/categories/technology/software?ref=category_modal&sort=magic",4,4,"Thursday","Tuesday","Monday",4,21,2016,9,2,23,2016,15,3,7,2016,9,12,45,0,1
1705375095,"zDevice -- ""Control Your Life""",75000,"zdevice-control-your-life","US","USD",FALSE,"Software","https://www.kickstarter.com/discover/categories/technology/software?ref=category_modal&sort=magic",5,5,"Saturday","Thursday","Thursday",2,11,2012,15,1,5,2012,16,1,12,2012,15,6,30,1,1
46101633,"SnapWall VR",1000,"snapwall-vr","CA","CAD",FALSE,"Software","https://www.kickstarter.com/discover/categories/technology/software?ref=category_modal&sort=magic",2,2,"Saturday","Saturday","Thursday",1,10,2015,22,11,15,2014,19,12,11,2014,22,26,30,1,0.87315884
1484182747,"My Baby Tracker for Parents (Free Application)",500,"my-baby-tracker-for-parents-free-application","US","USD",FALSE,"Software","https://www.kickstarter.com/discover/categories/technology/software?ref=category_modal&sort=magic",7,6,"Monday","Wednesday","Friday",10,14,2013,10,8,28,2013,18,9,13,2013,10,15,31,0,1
860139731,"StudySnap",30000,"studysnap","GB","GBP",FALSE,"Software","https://www.kickstarter.com/discover/categories/technology/software?ref=category_modal&sort=magic",1,1,"Thursday","Tuesday","Wednesday",1,7,2016,14,12,8,2015,13,12,9,2015,13,1,29,0,1.50469163
509336676,"Sierra hybrid high-level programming language",25000,"sierra-high-level-programming-language","US","USD",FALSE,"Software","https://www.kickstarter.com/discover/categories/technology/software?ref=category_modal&sort=magic",5,5,"Friday","Sunday","Sunday",3,16,2012,9,1,22,2012,7,1,22,2012,10,0,53,0,1
1349589567,"Teleporting Apps",2e+05,"teleporting-apps","AU","AUD",FALSE,"Software","https://www.kickstarter.com/discover/categories/technology/software?ref=category_modal&sort=magic",2,2,"Saturday","Friday","Monday",3,26,2016,4,11,20,2015,22,2,22,2016,4,93,33,1,0.71492404
1146892921,"foneFrame  a new way to make mobile web sites",12000,"foneframe-a-mobile-web-framework","US","USD",FALSE,"Software","https://www.kickstarter.com/discover/categories/technology/software?ref=category_modal&sort=magic",9,7,"Wednesday","Sunday","Friday",2,22,2012,13,1,1,2012,20,1,20,2012,14,18,32,0,1
147635303,"Open-Source File Encryption",2500,"open-source-file-encryption","DE","EUR",FALSE,"Software","https://www.kickstarter.com/discover/categories/technology/software?ref=category_modal&sort=magic",3,3,"Thursday","Tuesday","Wednesday",6,25,2015,16,5,26,2015,6,5,27,2015,12,1,29,0,1.09502039
1443168450,"Oneride app",110000,"oneride-app","US","USD",FALSE,"Software","https://www.kickstarter.com/discover/categories/technology/software?ref=category_modal&sort=magic",2,2,"Thursday","Saturday","Friday",9,29,2016,10,8,20,2016,10,8,26,2016,12,6,33,0,1
1874090661,"Price Cloud Smart Phone App",1e+05,"price-cloud-smart-phone-app","US","USD",FALSE,"Software","https://www.kickstarter.com/discover/categories/technology/software?ref=category_modal&sort=magic",5,5,"Sunday","Sunday","Wednesday",12,21,2014,0,9,28,2014,14,10,22,2014,0,23,60,1,1
1220609201,"QRyptex",300,"qryptex","US","USD",FALSE,"Software","https://www.kickstarter.com/discover/categories/technology/software?ref=category_modal&sort=magic",1,1,"Friday","Saturday","Wednesday",2,13,2015,18,7,26,2014,15,1,14,2015,18,172,30,0,1
41379736,"Esbattle Mobile - recherche de joueurs Destiny",3000,"esbattle-mobile-recherche-de-joueurs-destiny","FR","EUR",FALSE,"Software","https://www.kickstarter.com/discover/categories/technology/software?ref=category_modal&sort=magic",7,7,"Wednesday","Thursday","Friday",9,28,2016,8,9,8,2016,8,9,9,2016,9,1,18,0,1.12536574
296687017,"Universal Shipment Tracking - CircleTrace.com",2000,"universal-shipping-tracker","US","USD",FALSE,"Software","https://www.kickstarter.com/discover/categories/technology/software?ref=category_modal&sort=magic",5,5,"Wednesday","Sunday","Monday",5,6,2015,13,4,5,2015,12,4,6,2015,13,1,30,0,1
666319828,"PalWiFi - Free WiFi for Everyone Everywhere. Join Us. Share!",26000,"palwifi-is-a-better-way-to-share-wifi-free-wifi","US","USD",FALSE,"Software","https://www.kickstarter.com/discover/categories/technology/software?ref=category_modal&sort=magic",10,9,"Saturday","Tuesday","Thursday",12,3,2016,10,4,26,2016,10,11,3,2016,10,190,30,1,1
868614716,"Global Presentation Streams",120000,"global-presentation-streams","US","USD",FALSE,"Software","https://www.kickstarter.com/discover/categories/technology/software?ref=category_modal&sort=magic",3,3,"Thursday","Sunday","Tuesday",11,10,2016,20,9,25,2016,10,10,11,2016,20,16,30,0,1
1575544698,"Campus Crime Prevention",5000,"campus-crime-prevention","US","USD",FALSE,"Software","https://www.kickstarter.com/discover/categories/technology/software?ref=category_modal&sort=magic",3,3,"Friday","Friday","Monday",2,13,2015,14,12,13,2013,11,12,15,2014,14,367,59,0,1
696259824,"Incremental",50000,"incremental","NL","EUR",FALSE,"Software","https://www.kickstarter.com/discover/categories/technology/software?ref=category_modal&sort=magic",1,1,"Thursday","Thursday","Tuesday",3,12,2015,1,2,5,2015,7,2,10,2015,1,4,30,0,1.13340005
2045688423,"Goal!Spanish",3500,"goalspanish","ES","EUR",FALSE,"Software","https://www.kickstarter.com/discover/categories/technology/software?ref=category_modal&sort=magic",1,1,"Sunday","Thursday","Friday",11,15,2015,9,10,8,2015,4,10,16,2015,9,8,30,1,1.1480384
1821155867,"Jogging On The Spot - J.O.T.S.",2000,"jogging-on-the-spot-jots","US","USD",FALSE,"Software","https://www.kickstarter.com/discover/categories/technology/software?ref=category_modal&sort=magic",6,6,"Friday","Thursday","Wednesday",2,15,2013,19,1,3,2013,7,1,16,2013,19,13,30,0,1
1009639152,"The Art of PHP and MySQL Programming",3000,"the-art-of-php-and-mysql-programming","US","USD",FALSE,"Software","https://www.kickstarter.com/discover/categories/technology/software?ref=category_modal&sort=magic",7,5,"Thursday","Tuesday","Tuesday",9,10,2015,18,8,4,2015,19,8,11,2015,18,6,30,0,1
796291790,"Professional Science Services Cloud",5000,"professional-science-services-cloud","US","USD",FALSE,"Software","https://www.kickstarter.com/discover/categories/technology/software?ref=category_modal&sort=magic",4,4,"Sunday","Tuesday","Wednesday",12,6,2015,12,10,6,2015,13,10,7,2015,12,0,60,1,1
1772043246,"Sound/volume moderator",25000,"sound-volume-moderator","GB","GBP",FALSE,"Software","https://www.kickstarter.com/discover/categories/technology/software?ref=category_modal&sort=magic",2,2,"Friday","Tuesday","Wednesday",12,12,2014,15,10,28,2014,12,11,12,2014,15,15,30,0,1.58472076
866172803,"PMI-ACP® New Exam Prep Question Catalog",20000,"pmi-acp-new-exam-prep-question-catalog","CH","CHF",FALSE,"Software","https://www.kickstarter.com/discover/categories/technology/software?ref=category_modal&sort=magic",6,6,"Wednesday","Tuesday","Monday",5,25,2016,9,4,19,2016,12,4,25,2016,9,5,30,0,1.02240185
248350119,"Saving Earth's Biodiversity Hotspots - One Pixel at a Time",12000,"saving-earths-biodiversity-hotspots-one-pixel-at-a","US","USD",FALSE,"Software","https://www.kickstarter.com/discover/categories/technology/software?ref=category_modal&sort=magic",10,8,"Friday","Saturday","Wednesday",9,18,2015,13,8,15,2015,10,8,19,2015,13,4,30,0,1
321992323,"Cosmic Stresser",650,"cosmic-stresser","US","USD",FALSE,"Software","https://www.kickstarter.com/discover/categories/technology/software?ref=category_modal&sort=magic",2,2,"Saturday","Wednesday","Tuesday",11,8,2014,16,9,24,2014,23,10,14,2014,16,19,25,1,1
1551702099,"@TheReady Social Business software",25000,"theready-social-business-software","NL","EUR",FALSE,"Software","https://www.kickstarter.com/discover/categories/technology/software?ref=category_modal&sort=magic",4,4,"Friday","Wednesday","Wednesday",1,22,2016,6,12,23,2015,6,12,23,2015,10,0,29,0,1.09166015
1919498584,"Social Business Automation",50000,"social-business-automation","US","USD",FALSE,"Software","https://www.kickstarter.com/discover/categories/technology/software?ref=category_modal&sort=magic",3,3,"Friday","Sunday","Wednesday",3,20,2015,19,2,15,2015,13,2,18,2015,19,3,30,0,1
405946891,"Uber Freelancer",80000,"uber-freelancer","AU","AUD",FALSE,"Software","https://www.kickstarter.com/discover/categories/technology/software?ref=category_modal&sort=magic",2,2,"Wednesday","Sunday","Monday",11,25,2015,21,10,25,2015,1,10,26,2015,21,1,30,0,0.72188667
867767931,"Coach's Animated Playbook and Practice Planner",3000,"coachs-animated-playbook-and-practice-planner","CA","CAD",FALSE,"Software","https://www.kickstarter.com/discover/categories/technology/software?ref=category_modal&sort=magic",6,5,"Tuesday","Tuesday","Sunday",11,24,2015,8,7,7,2015,8,10,25,2015,8,109,30,0,0.7601944
445929769,"weebirdhealth.com",20000,"weebirdhealthcom","US","USD",FALSE,"Software","https://www.kickstarter.com/discover/categories/technology/software?ref=category_modal&sort=magic",1,1,"Wednesday","Wednesday","Thursday",11,25,2015,23,10,14,2015,15,10,15,2015,22,1,41,0,1
2086238770,"QA Academy.NYC",17000,"qa-academynyc","US","USD",FALSE,"Software","https://www.kickstarter.com/discover/categories/technology/software?ref=category_modal&sort=magic",2,2,"Thursday","Friday","Saturday",6,16,2016,10,4,8,2016,17,5,7,2016,10,28,40,0,1
1079741394,"iOS 9 Games and App Developement - Creating 14 projects",35000,"ios-9-games-and-app-developement-creating-14-proje","US","USD",FALSE,"Software","https://www.kickstarter.com/discover/categories/technology/software?ref=category_modal&sort=magic",10,9,"Thursday","Tuesday","Tuesday",2,18,2016,10,5,22,2012,11,1,19,2016,10,1336,30,0,1
629093790,"Safe Censor - Children's Web Browser",55000,"safe-censor-childrens-web-browser","IE","EUR",FALSE,"Software","https://www.kickstarter.com/discover/categories/technology/software?ref=category_modal&sort=magic",6,6,"Sunday","Tuesday","Friday",2,14,2016,10,1,12,2016,12,1,15,2016,10,2,30,1,1.08801379
345485474,"Cantillizer - Cantillation marks in the Hebrew Bible",12500,"cantillizer-cantillation-marks-in-the-hebrew-bible","US","USD",FALSE,"Software","https://www.kickstarter.com/discover/categories/technology/software?ref=category_modal&sort=magic",8,6,"Saturday","Saturday","Tuesday",1,12,2013,23,10,27,2012,3,11,13,2012,23,17,60,1,1
552878405,"Tutor a Student >>> Pay for YOUR University",9000,"tutor-a-student-pay-for-your-university","CA","CAD",FALSE,"Software","https://www.kickstarter.com/discover/categories/technology/software?ref=category_modal&sort=magic",8,6,"Sunday","Monday","Tuesday",10,12,2014,21,9,1,2014,16,9,9,2014,21,8,33,1,0.918525
2005323380,"Get the word out about VisioLogger",50000,"get-the-word-out-about-visiologger","US","USD",FALSE,"Software","https://www.kickstarter.com/discover/categories/technology/software?ref=category_modal&sort=magic",6,3,"Thursday","Tuesday","Tuesday",3,19,2015,9,5,27,2014,17,2,17,2015,9,265,30,0,1
1485599261,"CramQuest! Simple.Creative.Data-Driven Educational Software",34499,"cramquest-simplecreativedata-driven-educational-so","US","USD",FALSE,"Software","https://www.kickstarter.com/discover/categories/technology/software?ref=category_modal&sort=magic",4,4,"Friday","Thursday","Wednesday",6,3,2016,19,4,7,2016,10,5,4,2016,19,27,30,0,1
2129672316,"Mind Over Matter",50000,"mind-over-matter","US","USD",FALSE,"Software","https://www.kickstarter.com/discover/categories/technology/software?ref=category_modal&sort=magic",3,3,"Tuesday","Sunday","Friday",9,16,2014,13,7,6,2014,16,7,18,2014,13,11,60,0,1
1156752869,"Raspberry Pi video monitor with email alerts.",9000,"raspberry-pi-video-monitor-with-email-alerts-0","US","USD",FALSE,"Software","https://www.kickstarter.com/discover/categories/technology/software?ref=category_modal&sort=magic",7,6,"Friday","Tuesday","Wednesday",9,18,2015,13,8,18,2015,8,8,19,2015,13,1,30,0,1
1103025038,"E-dea. To give an Electronic idea when best needed - Africa",2500,"e-dea-to-give-an-electronic-idea-when-best-needed","IT","EUR",FALSE,"Software","https://www.kickstarter.com/discover/categories/technology/software?ref=category_modal&sort=magic",11,9,"Sunday","Tuesday","Friday",3,6,2016,10,2,2,2016,11,2,5,2016,10,2,30,1,1.1088675
1812853061,"Surv App for iPhone",25000,"surv-app-for-iphone","US","USD",FALSE,"Software","https://www.kickstarter.com/discover/categories/technology/software?ref=category_modal&sort=magic",4,3,"Tuesday","Tuesday","Sunday",7,16,2013,22,2,26,2013,9,6,16,2013,22,110,30,0,1
1925596941,"Project 66: SpecScripter  Screenplay Software",1500,"project-66-specscripter-screenplay-software","US","USD",FALSE,"Software","https://www.kickstarter.com/discover/categories/technology/software?ref=category_modal&sort=magic",5,5,"Thursday","Saturday","Tuesday",6,25,2015,12,5,16,2015,10,5,26,2015,12,10,30,0,1
454212633,"Resume Keywords To Go",5000,"resume-keywords-to-go","US","USD",FALSE,"Software","https://www.kickstarter.com/discover/categories/technology/software?ref=category_modal&sort=magic",4,4,"Sunday","Thursday","Friday",5,3,2015,16,3,19,2015,9,4,3,2015,16,15,30,1,1
2090287620,"Square[JS] - Mobile Friendly JavaScript SDK",15000,"squaredb","US","USD",FALSE,"Software","https://www.kickstarter.com/discover/categories/technology/software?ref=category_modal&sort=magic",6,6,"Saturday","Sunday","Thursday",12,12,2015,23,11,1,2015,23,11,12,2015,23,10,30,1,1
968998217,"An innovative study app made for students  by students",10000,"an-innovative-study-app-made-for-students-by-stude","US","USD",FALSE,"Software","https://www.kickstarter.com/discover/categories/technology/software?ref=category_modal&sort=magic",9,7,"Thursday","Sunday","Tuesday",1,26,2017,16,6,12,2016,0,12,27,2016,16,198,30,0,1
1174417681,"BUZZ ME - CONNECT AND SHARE",50000,"buzz-me-connect-and-share","US","USD",FALSE,"Software","https://www.kickstarter.com/discover/categories/technology/software?ref=category_modal&sort=magic",6,6,"Wednesday","Sunday","Monday",4,22,2015,18,3,15,2015,18,3,23,2015,18,8,30,0,1
2103562589,"Secure To Share",20000,"secure-to-share","GB","GBP",FALSE,"Software","https://www.kickstarter.com/discover/categories/technology/software?ref=category_modal&sort=magic",3,3,"Sunday","Monday","Thursday",12,16,2012,13,10,22,2012,15,11,1,2012,14,9,44,1,1.60819536
1123073636,"Free Coding Lesson in Sydney",5000,"free-coding-lesson-in-sydney","AU","AUD",FALSE,"Software","https://www.kickstarter.com/discover/categories/technology/software?ref=category_modal&sort=magic",5,4,"Friday","Saturday","Monday",4,1,2016,14,1,30,2016,21,2,1,2016,14,1,60,0,0.70844459
385942568,"X-Client",1500,"x-client","GB","GBP",FALSE,"Software","https://www.kickstarter.com/discover/categories/technology/software?ref=category_modal&sort=magic",1,1,"Thursday","Monday","Tuesday",6,18,2015,3,5,18,2015,11,5,19,2015,3,0,30,0,1.57156844
1020566690,"SellSafer",1200,"sellsafer","AU","AUD",FALSE,"Software","https://www.kickstarter.com/discover/categories/technology/software?ref=category_modal&sort=magic",1,1,"Thursday","Sunday","Friday",2,26,2015,18,11,23,2014,1,2,6,2015,18,75,20,0,0.77841063
1605644077,"uParti Mobile App",1e+05,"uparti-mobile-app","US","USD",FALSE,"Software","https://www.kickstarter.com/discover/categories/technology/software?ref=category_modal&sort=magic",3,3,"Friday","Tuesday","Wednesday",5,15,2015,22,4,14,2015,15,4,15,2015,22,1,30,0,1
771542318,"†Let Risen God Jesus be glorified† USA IT Resume Database",1200,"let-jesus-be-glorified-resume-database-for-it-recr","CA","CAD",FALSE,"Software","https://www.kickstarter.com/discover/categories/technology/software?ref=category_modal&sort=magic",10,9,"Wednesday","Friday","Friday",3,18,2015,13,3,6,2015,6,3,6,2015,13,0,12,0,0.80373706
927393639,"Project Manifest",32223,"project-manifest","US","USD",FALSE,"Software","https://www.kickstarter.com/discover/categories/technology/software?ref=category_modal&sort=magic",2,2,"Sunday","Tuesday","Tuesday",3,22,2015,15,1,27,2015,18,3,3,2015,18,34,18,1,1
550432560,"Servicematics - Field Service SaaS Application by Fusion",15000,"servicematics-field-service-saas-application-by-fu","IE","EUR",FALSE,"Software","https://www.kickstarter.com/discover/categories/technology/software?ref=category_modal&sort=magic",8,7,"Wednesday","Wednesday","Thursday",2,25,2015,15,1,14,2015,18,2,5,2015,15,21,20,0,1.14622377
1120264179,"ehBook - share your knowledge",1e+05,"ehbook-share-your-knowledge","IT","EUR",FALSE,"Software","https://www.kickstarter.com/discover/categories/technology/software?ref=category_modal&sort=magic",5,4,"Sunday","Tuesday","Friday",10,11,2015,3,9,8,2015,8,9,11,2015,3,2,30,1,1.12097193
1721162494,"Funded Life",6500,"funded-life","AU","AUD",FALSE,"Software","https://www.kickstarter.com/discover/categories/technology/software?ref=category_modal&sort=magic",2,2,"Saturday","Tuesday","Thursday",7,2,2016,10,5,31,2016,4,6,2,2016,10,2,30,1,0.72849236
511640690,"LeadPath: Help Us Help Small & Medium Businesses",250000,"leadpath-the-only-easy-affordable-lead-management","US","USD",FALSE,"Software","https://www.kickstarter.com/discover/categories/technology/software?ref=category_modal&sort=magic",8,8,"Wednesday","Thursday","Saturday",7,15,2015,16,4,30,2015,8,5,16,2015,16,16,60,0,1
981358877,"MyStrategyBook is excel tool for stock and option trading",125000,"mystrategybook-is-excel-tool-for-stock-and-option","US","USD",FALSE,"Software","https://www.kickstarter.com/discover/categories/technology/software?ref=category_modal&sort=magic",9,6,"Friday","Saturday","Wednesday",11,21,2014,17,8,2,2014,7,10,22,2014,17,81,30,0,1
1400008897,"Friend Platform - secure  own and unify your digital life!",2e+06,"friend-platform-secure-own-and-unify-your-digital","NO","NOK",FALSE,"Software","https://www.kickstarter.com/discover/categories/technology/software?ref=category_modal&sort=magic",10,7,"Tuesday","Tuesday","Thursday",8,4,2015,3,2,17,2015,3,6,25,2015,3,128,39,0,0.12795614
1964949346,"Awesome platform for real estate agents daily activities",50000,"awesome-platform-for-real-estate-agents-daily-acti","CA","CAD",FALSE,"Software","https://www.kickstarter.com/discover/categories/technology/software?ref=category_modal&sort=magic",8,7,"Saturday","Tuesday","Thursday",12,13,2014,13,11,11,2014,14,11,13,2014,13,1,30,1,0.88105028
1678010004,"Afrohair on the go hair app",2000,"afrohair-on-the-go-hair-app","GB","GBP",FALSE,"Software","https://www.kickstarter.com/discover/categories/technology/software?ref=category_modal&sort=magic",6,4,"Saturday","Tuesday","Thursday",7,18,2015,12,6,16,2015,17,6,18,2015,12,1,30,1,1.56444333
1865246893,"NEEDYT. It´s time to share. Don´t buy  rent!",16000,"needyt-it-s-time-to-share-don-t-buy-rent","ES","EUR",FALSE,"Software","https://www.kickstarter.com/discover/categories/technology/software?ref=category_modal&sort=magic",8,7,"Thursday","Tuesday","Monday",9,24,2015,22,7,7,2015,5,8,10,2015,22,34,45,0,1.0966271
1956296548,"FREEDOM THROUGH TECHNOLOGY",10000,"freedom-through-technology","US","USD",FALSE,"Software","https://www.kickstarter.com/discover/categories/technology/software?ref=category_modal&sort=magic",3,3,"Wednesday","Saturday","Monday",9,30,2015,15,8,15,2015,14,8,17,2015,12,1,44,0,1
526724607,"The PedalPoint Project",95000,"the-pedalpoint-project","US","USD",FALSE,"Software","https://www.kickstarter.com/discover/categories/technology/software?ref=category_modal&sort=magic",3,3,"Sunday","Thursday","Friday",4,12,2015,13,3,12,2015,19,3,13,2015,13,0,30,1,1
1531903247,"Gliff",20000,"gliff","US","USD",FALSE,"Software","https://www.kickstarter.com/discover/categories/technology/software?ref=category_modal&sort=magic",1,1,"Wednesday","Monday","Tuesday",1,13,2016,19,11,23,2015,14,11,24,2015,19,1,50,0,1
72838665,"PC New",5000,"pc-new","US","USD",FALSE,"Software","https://www.kickstarter.com/discover/categories/technology/software?ref=category_modal&sort=magic",2,2,"Wednesday","Tuesday","Monday",12,31,2014,14,10,28,2014,9,12,1,2014,14,34,30,0,1
1259306763,"HiredYou.com",1e+06,"hiredyoucom","US","USD",FALSE,"Software","https://www.kickstarter.com/discover/categories/technology/software?ref=category_modal&sort=magic",1,1,"Monday","Wednesday","Saturday",9,12,2016,13,8,10,2016,7,8,13,2016,13,3,30,0,1
1300624545,"www.GuysDoLunch.com",5e+05,"wwwguysdolunchcom","US","USD",FALSE,"Software","https://www.kickstarter.com/discover/categories/technology/software?ref=category_modal&sort=magic",1,1,"Friday","Monday","Wednesday",3,13,2015,13,2,9,2015,13,2,11,2015,13,2,30,0,1
1893852863,"Anti Bullying App",1e+05,"anti-bullying-app","AU","AUD",FALSE,"Software","https://www.kickstarter.com/discover/categories/technology/software?ref=category_modal&sort=magic",3,3,"Saturday","Wednesday","Thursday",8,27,2016,19,7,6,2016,7,7,28,2016,19,22,30,1,0.7476915
1010643909,"LinkUP! App for Business Professionals to meet",50000,"linkup-an-ios-app-for-business-professionals","AU","AUD",FALSE,"Software","https://www.kickstarter.com/discover/categories/technology/software?ref=category_modal&sort=magic",7,5,"Wednesday","Monday","Monday",8,12,2015,17,5,18,2015,7,7,13,2015,17,56,30,0,0.74452125
2142742533,"Booby-ology",25000,"booby-ology","US","USD",FALSE,"Software","https://www.kickstarter.com/discover/categories/technology/software?ref=category_modal&sort=magic",1,1,"Tuesday","Tuesday","Sunday",11,11,2014,22,8,13,2013,23,10,12,2014,22,424,30,0,1
439688807,"GrainBit - make any image interactive!",18250,"grainbit-make-any-image-interactive","AU","AUD",FALSE,"Software","https://www.kickstarter.com/discover/categories/technology/software?ref=category_modal&sort=magic",6,5,"Friday","Wednesday","Wednesday",5,6,2016,16,11,18,2015,17,4,6,2016,16,139,30,0,0.75758035
49054413,"Summit Rapid Web Application Development Suite",20000,"summit-rapid-web-application-development-suite","US","USD",FALSE,"Software","https://www.kickstarter.com/discover/categories/technology/software?ref=category_modal&sort=magic",6,6,"Friday","Thursday","Monday",1,2,2015,21,10,11,2012,8,11,3,2014,21,753,60,0,1
645514643,"This project needed to be repurposed. We will be back. (Canceled)",4000,"build-software-visually","GB","GBP",FALSE,"Software","https://www.kickstarter.com/discover/categories/technology/software?ref=category_modal&sort=magic",11,7,"Monday","Tuesday","Monday",1,9,2017,18,11,29,2016,13,12,5,2016,18,6,35,0,1.27297724
366456071,"SalonNet24 waschen  schneiden  shoppen! (Canceled)",4e+06,"salonnet24-waschen-schneiden-shoppen","DE","EUR",FALSE,"Software","https://www.kickstarter.com/discover/categories/technology/software?ref=category_modal&sort=magic",5,5,"Sunday","Wednesday","Tuesday",6,21,2015,4,4,29,2015,8,5,12,2015,4,12,40,1,1.11588835
973124436,"Skydoosh (Canceled)",6e+05,"skydoosh","US","USD",FALSE,"Software","https://www.kickstarter.com/discover/categories/technology/software?ref=category_modal&sort=magic",2,2,"Sunday","Thursday","Thursday",12,21,2014,14,10,2,2014,8,11,6,2014,14,35,45,1,1
2124948608,"A Brony and Pegasister dating/social website",1500,"a-brony-and-pegasister-dating-social-website","US","USD",FALSE,"Software","https://www.kickstarter.com/discover/categories/technology/software?ref=category_modal&sort=magic",6,5,"Tuesday","Thursday","Friday",6,9,2015,10,5,7,2015,2,5,15,2015,10,8,25,0,1
2043533375,"Revelli",150000,"revelli","DK","DKK",FALSE,"Software","https://www.kickstarter.com/discover/categories/technology/software?ref=category_modal&sort=magic",1,1,"Friday","Thursday","Friday",8,21,2015,8,7,9,2015,8,7,10,2015,8,1,42,0,0.14826793
1304653502,"Aditway Voice - Voice Recognition Database Access",50000,"aditway-voice-voice-recognition-database-access","US","USD",FALSE,"Software","https://www.kickstarter.com/discover/categories/technology/software?ref=category_modal&sort=magic",7,7,"Tuesday","Tuesday","Wednesday",11,8,2016,14,10,18,2016,14,10,19,2016,14,0,20,0,1
1706086683,"The Vapers Guide",3000,"the-vapers-guide","GB","GBP",FALSE,"Software","https://www.kickstarter.com/discover/categories/technology/software?ref=category_modal&sort=magic",3,3,"Wednesday","Tuesday","Wednesday",6,17,2015,10,6,9,2015,9,6,10,2015,10,1,7,0,1.53546148
1937819573,"Automated Income by Abbey 9000 Software LLC",25000,"abbey-9000-automated-income-software","US","USD",FALSE,"Software","https://www.kickstarter.com/discover/categories/technology/software?ref=category_modal&sort=magic",7,6,"Saturday","Sunday","Friday",9,5,2015,10,5,17,2015,13,8,14,2015,10,88,22,1,1
181351925,"ZeroMQ Scala Binding 2016",50000,"zeromq-scala-binding-2016","CA","CAD",FALSE,"Software","https://www.kickstarter.com/discover/categories/technology/software?ref=category_modal&sort=magic",4,4,"Saturday","Wednesday","Thursday",11,28,2015,14,10,28,2015,8,10,29,2015,14,1,30,1,0.7543492
1293404394,"INCREASE CPU SPEED FREE",250,"increase-cpu-speed-free","US","USD",FALSE,"Software","https://www.kickstarter.com/discover/categories/technology/software?ref=category_modal&sort=magic",4,4,"Saturday","Thursday","Thursday",9,27,2014,2,8,28,2014,2,8,28,2014,2,0,30,1,1
580005919,"Event Espresso Multi Currency Plugin",1300,"event-espresso-multi-currency-plugin","GB","GBP",FALSE,"Software","https://www.kickstarter.com/discover/categories/technology/software?ref=category_modal&sort=magic",5,5,"Friday","Thursday","Friday",9,4,2015,11,8,6,2015,6,8,7,2015,1,0,28,0,1.56138995
2117893166,"Knowing others instantly with their basic relativity to you",60000,"knowing-others-instantly-with-their-basic-relativi","US","USD",FALSE,"Software","https://www.kickstarter.com/discover/categories/technology/software?ref=category_modal&sort=magic",9,5,"Sunday","Monday","Friday",2,22,2015,16,3,10,2014,18,1,23,2015,16,318,30,1,1
597734829,"SAIG - Second Sight",1e+05,"saig-second-sight","US","USD",FALSE,"Software","https://www.kickstarter.com/discover/categories/technology/software?ref=category_modal&sort=magic",4,4,"Friday","Sunday","Monday",7,17,2015,17,5,17,2015,14,5,18,2015,17,1,60,0,1
48225215,"Web App Store",5e+05,"web-app-store","US","USD",FALSE,"Software","https://www.kickstarter.com/discover/categories/technology/software?ref=category_modal&sort=magic",3,3,"Thursday","Monday","Tuesday",3,17,2016,10,2,15,2016,9,2,16,2016,10,1,30,0,1
87237590,"twipbox",5e+05,"twipbox","FR","EUR",FALSE,"Software","https://www.kickstarter.com/discover/categories/technology/software?ref=category_modal&sort=magic",1,1,"Thursday","Friday","Tuesday",2,25,2016,2,6,19,2015,7,1,26,2016,2,220,30,0,1.08134996
1899097638,"Anti-Gambling Software / App [PCs / Macs / Smartphones]",25000,"anti-gambling-software-app","GB","GBP",FALSE,"Software","https://www.kickstarter.com/discover/categories/technology/software?ref=category_modal&sort=magic",9,9,"Sunday","Wednesday","Monday",11,30,2014,18,10,1,2014,18,10,6,2014,15,4,55,1,1.59700275
1256475974,"Augmenting the Web: Bringing AR to Billions of Web browsers",48000,"augmenting-the-web-open-your-ar-to-billions-of-bro","AU","AUD",TRUE,"Software","https://www.kickstarter.com/discover/categories/technology/software?ref=category_modal&sort=magic",10,7,"Wednesday","Wednesday","Thursday",4,23,2014,21,3,5,2014,18,3,13,2014,14,7,41,0,0.89661251
1488473257,"meta64.com - An Open Source Content Tree in the Cloud",1e+06,"meta64com-an-open-source-content-tree-in-the-cloud","US","USD",FALSE,"Software","https://www.kickstarter.com/discover/categories/technology/software?ref=category_modal&sort=magic",10,8,"Friday","Wednesday","Wednesday",11,1,2013,15,9,25,2013,17,10,2,2013,15,6,30,0,1
385578015,"DaruZen - a powerful presentation software (Canceled)",50000,"daruzen-a-powerful-presentation-software","US","USD",FALSE,"Software","https://www.kickstarter.com/discover/categories/technology/software?ref=category_modal&sort=magic",7,6,"Sunday","Sunday","Friday",5,24,2015,6,2,15,2015,12,4,24,2015,6,67,30,1,1
1820866790,"Cancelled. (Canceled)",250000,"battleships-crossfire-x","US","USD",FALSE,"Software","https://www.kickstarter.com/discover/categories/technology/software?ref=category_modal&sort=magic",2,2,"Sunday","Friday","Tuesday",4,1,2012,21,2,17,2012,21,2,21,2012,8,3,40,1,1
1975082371,"FreeDOS-32 (32-bit) (Canceled)",2500,"freedos-20-32-bit","AU","AUD",FALSE,"Software","https://www.kickstarter.com/discover/categories/technology/software?ref=category_modal&sort=magic",3,3,"Thursday","Tuesday","Tuesday",1,29,2015,4,12,30,2014,3,12,30,2014,4,0,30,0,0.81308151
719267384,"SandBox II (Canceled)",38200,"sandbox-ii","US","USD",FALSE,"Software","https://www.kickstarter.com/discover/categories/technology/software?ref=category_modal&sort=magic",3,3,"Saturday","Friday","Thursday",8,23,2014,3,5,30,2014,23,7,24,2014,3,54,30,1,1
1564306295,"CuraGuard (Canceled)",150000,"curaguard","NO","NOK",FALSE,"Software","https://www.kickstarter.com/discover/categories/technology/software?ref=category_modal&sort=magic",2,2,"Thursday","Saturday","Monday",5,7,2015,16,3,21,2015,10,3,23,2015,16,2,45,0,0.12453278
1428174161,"RPG Creator (Canceled)",3000,"rpg-creator","GB","GBP",FALSE,"Software","https://www.kickstarter.com/discover/categories/technology/software?ref=category_modal&sort=magic",3,3,"Thursday","Tuesday","Tuesday",8,7,2014,19,7,8,2014,17,7,8,2014,19,0,30,0,1.71446598
1435605965,"EduSpanish - Everything You Need To Learn Spanish (Canceled)",5000,"eduspanish-personalized-learning-through-stories","CA","CAD",FALSE,"Software","https://www.kickstarter.com/discover/categories/technology/software?ref=category_modal&sort=magic",9,9,"Thursday","Tuesday","Tuesday",10,9,2014,13,8,5,2014,12,9,9,2014,13,35,30,0,0.918525
747163830,"Speech Language Therapy & Swallow Evaluation App Improvement",18500,"make-a-case-speech-language-and-swallow-eval-app-i","US","USD",FALSE,"Software","https://www.kickstarter.com/discover/categories/technology/software?ref=category_modal&sort=magic",8,8,"Wednesday","Wednesday","Sunday",3,30,2016,6,2,10,2016,19,2,14,2016,6,3,45,0,1
14533758,"Important Message (Canceled)",330000,"unapop-get-rewarded-for-your-creative-adselfies-wi","US","USD",FALSE,"Software","https://www.kickstarter.com/discover/categories/technology/software?ref=category_modal&sort=magic",3,3,"Monday","Thursday","Wednesday",9,15,2014,19,3,6,2014,19,8,13,2014,19,160,33,0,1
1284483211,"Good Morning from Bangkok - The Best Wake Up Call Ever",1200,"good-morning-from-bangkok-the-best-wake-up-call-ev","US","USD",FALSE,"Software","https://www.kickstarter.com/discover/categories/technology/software?ref=category_modal&sort=magic",11,10,"Saturday","Thursday","Thursday",1,16,2016,23,12,10,2015,1,12,17,2015,23,7,30,1,1
1678571875,"Chefs Simulator (Canceled)",65000,"immersive-chefs-simulator","US","USD",FALSE,"Software","https://www.kickstarter.com/discover/categories/technology/software?ref=category_modal&sort=magic",3,3,"Monday","Thursday","Friday",11,21,2016,17,9,22,2016,19,10,7,2016,17,14,45,0,1
1617036345,"Accompany Music (Canceled)",27500,"accompany-the-app-for-classical-accompaniment-on-d","US","USD",FALSE,"Software","https://www.kickstarter.com/discover/categories/technology/software?ref=category_modal&sort=magic",3,3,"Monday","Monday","Thursday",2,29,2016,0,1,25,2016,18,2,4,2016,14,9,24,0,1
1517015112,"Loopy - World's First Robotic DJ",20000,"loopy-worlds-first-robotic-dj","US","USD",FALSE,"Robots","https://www.kickstarter.com/discover/categories/technology/robots?ref=category_modal&sort=magic",6,6,"Thursday","Wednesday","Tuesday",3,26,2015,0,2,26,2014,1,2,24,2015,0,362,30,0,1
647137920,"Help Bluejacket Robotics To World Championship in St Louis",10000,"help-bluejacket-robotics-to-world-championship-in","US","USD",FALSE,"Robots","https://www.kickstarter.com/discover/categories/technology/robots?ref=category_modal&sort=magic",9,8,"Friday","Thursday","Friday",4,17,2015,17,3,5,2015,10,3,6,2015,11,1,42,0,1
2140593865,"PurpleKit",6000,"purplekit","GB","GBP",FALSE,"Robots","https://www.kickstarter.com/discover/categories/technology/robots?ref=category_modal&sort=magic",1,1,"Wednesday","Sunday","Monday",4,20,2016,14,1,3,2016,13,3,21,2016,14,78,30,0,1.44749851
1567841145,"Robot para fumigación FAM (Fumigador Agricola móvil).",160477,"robot-para-fumigacion-fam-fumigador-agricola-movil","MX","MXN",FALSE,"Robots","https://www.kickstarter.com/discover/categories/technology/robots?ref=category_modal&sort=magic",7,7,"Saturday","Sunday","Wednesday",1,21,2017,12,12,4,2016,22,12,7,2016,16,2,44,1,0.04854216
1374485733,"E:VOLVE - software to develop & manage ideas and innovation",10000,"e-volve-software-to-develop-and-manage-ideas-and-i","GB","GBP",FALSE,"Software","https://www.kickstarter.com/discover/categories/technology/software?ref=category_modal&sort=magic",10,8,"Saturday","Tuesday","Thursday",8,6,2016,7,6,28,2016,18,7,7,2016,7,8,30,1,1.28647974
823028990,"Golf players of the world  unite! (Canceled)",150000,"golf-players-of-the-world-unite","NL","EUR",FALSE,"Software","https://www.kickstarter.com/discover/categories/technology/software?ref=category_modal&sort=magic",7,5,"Sunday","Wednesday","Friday",6,8,2014,7,4,30,2014,6,5,9,2014,7,9,30,1,1.39136629
1163017662,"The First Affordable Profestional Kitchen Design Platform",5000,"the-first-affordable-profestional-kitchen-design-p","US","USD",FALSE,"Software","https://www.kickstarter.com/discover/categories/technology/software?ref=category_modal&sort=magic",7,7,"Sunday","Thursday","Saturday",1,11,2015,19,12,4,2014,5,12,6,2014,2,1,36,1,1
1573715241,"The Whalesong Project  (Canceled)",15000,"the-whalesong-project","US","USD",FALSE,"Software","https://www.kickstarter.com/discover/categories/technology/software?ref=category_modal&sort=magic",4,4,"Saturday","Wednesday","Thursday",3,19,2011,17,2,16,2011,19,2,17,2011,16,0,30,1,1
325872058,"Learn to Code in Javascript - Build Multiplatform Apps",12000,"become-a-javascript-developer-build-an-app-for-5-p","US","USD",FALSE,"Software","https://www.kickstarter.com/discover/categories/technology/software?ref=category_modal&sort=magic",9,7,"Saturday","Wednesday","Thursday",8,20,2016,11,7,6,2016,0,7,21,2016,11,15,30,1,1
1100456710,"Stricken Softworks (Canceled)",2000,"stricken-softworks","US","USD",FALSE,"Software","https://www.kickstarter.com/discover/categories/technology/software?ref=category_modal&sort=magic",3,3,"Saturday","Thursday","Thursday",5,9,2015,13,4,9,2015,13,4,9,2015,13,0,29,1,1
971778206,"GOT YOUR BACK: Mission Haiti (Canceled)",10000,"got-your-back-mission-haiti","US","USD",FALSE,"Software","https://www.kickstarter.com/discover/categories/technology/software?ref=category_modal&sort=magic",6,6,"Friday","Friday","Friday",1,1,2010,22,11,13,2009,10,11,13,2009,16,0,49,0,1
1102818037,"SMS AutoResponder 2.0 Short Code Encounter of the Weird Kind",2000,"sms-autoresponder-20-short-code-encounter-of-the-w","US","USD",FALSE,"Software","https://www.kickstarter.com/discover/categories/technology/software?ref=category_modal&sort=magic",10,8,"Monday","Monday","Friday",8,18,2014,17,7,28,2014,14,8,8,2014,17,11,10,0,1
1393411665,"VELO 0.2.1 (Canceled)",35500,"velo-021","US","USD",FALSE,"Software","https://www.kickstarter.com/discover/categories/technology/software?ref=category_modal&sort=magic",3,3,"Sunday","Wednesday","Thursday",3,10,2013,22,1,23,2013,17,2,7,2013,22,15,31,1,1
1439137667,"SpaceLab: A South Suburban Chicago Makerspace",3000,"spacelab-a-south-suburban-chicago-makerspace","US","USD",TRUE,"Makerspaces","https://www.kickstarter.com/discover/categories/technology/makerspaces?ref=category_modal&sort=magic",6,6,"Friday","Friday","Wednesday",7,25,2014,17,6,6,2014,9,6,25,2014,17,19,30,0,1
859980219,"Saturday Hacking Sessions",25000,"saturday-hacking-sessions","US","USD",TRUE,"Makerspaces","https://www.kickstarter.com/discover/categories/technology/makerspaces?ref=category_modal&sort=magic",3,3,"Friday","Sunday","Wednesday",9,11,2015,18,10,20,2013,15,8,12,2015,18,661,30,0,1
2046033596,"Language Genies Make Typing World Languages Easy on Windows!",11200,"language-genies-make-typing-world-languages-easy-o","US","USD",FALSE,"Software","https://www.kickstarter.com/discover/categories/technology/software?ref=category_modal&sort=magic",9,8,"Thursday","Monday","Sunday",4,2,2015,10,11,24,2014,17,2,1,2015,10,68,60,0,1
215536851,"Yu-Gi-Oh! Evolution (Canceled)",1e+06,"yu-gi-oh-evolution","IT","EUR",FALSE,"Software","https://www.kickstarter.com/discover/categories/technology/software?ref=category_modal&sort=magic",3,3,"Tuesday","Wednesday","Friday",10,25,2016,16,8,24,2016,5,8,26,2016,16,2,60,0,1.12720509
1696205081,"Otrera Game Builder (Canceled)",90000,"otrera-game-builder","US","USD",FALSE,"Software","https://www.kickstarter.com/discover/categories/technology/software?ref=category_modal&sort=magic",4,4,"Monday","Monday","Friday",12,8,2014,14,10,6,2014,11,10,24,2014,14,18,45,0,1
234206438,"Test a whole website with Google Pagespeed Insights (Canceled)",2500,"test-the-google-pagespeed-insights-rank-of-a-whole","CH","CHF",FALSE,"Software","https://www.kickstarter.com/discover/categories/technology/software?ref=category_modal&sort=magic",9,7,"Friday","Wednesday","Friday",10,7,2016,11,8,17,2016,11,9,9,2016,11,23,27,0,1.03208334
425372652,"Level 1-50 Optimized Questing File (Canceled)",10000,"level-1-50-optimized-questing-file","US","USD",FALSE,"Software","https://www.kickstarter.com/discover/categories/technology/software?ref=category_modal&sort=magic",6,6,"Sunday","Thursday","Friday",7,12,2015,14,6,11,2015,11,6,12,2015,14,1,30,1,1
917820423,"Engage-On-Demand(EOD): Interactive Video Shopping & Delivery",7e+05,"engage-on-demandeod-interactive-video-shopping-and","US","USD",FALSE,"Software","https://www.kickstarter.com/discover/categories/technology/software?ref=category_modal&sort=magic",6,6,"Friday","Thursday","Tuesday",5,22,2015,9,4,2,2015,19,4,7,2015,9,4,45,0,1
206673139,"Safety Check in disaster area. (Canceled)",40000,"safety-check-in-disaster-area","FR","EUR",FALSE,"Software","https://www.kickstarter.com/discover/categories/technology/software?ref=category_modal&sort=magic",6,5,"Thursday","Sunday","Tuesday",5,5,2016,15,6,28,2015,3,4,5,2016,15,282,30,0,1.14013255
35223995,"orangemart.ca & orangemartusa.com-Marketplace (Canceled)",50000,"orangemartca-and-orangemartusacom-new-retail-platf","CA","CAD",FALSE,"Software","https://www.kickstarter.com/discover/categories/technology/software?ref=category_modal&sort=magic",4,4,"Thursday","Thursday","Tuesday",12,17,2015,6,7,16,2015,9,11,17,2015,6,123,30,0,0.75085504
1684766632,"TCP/IP bouncer (Canceled)",6000,"tcp-ip-bouncer","BE","EUR",FALSE,"Software","https://www.kickstarter.com/discover/categories/technology/software?ref=category_modal&sort=magic",3,3,"Monday","Thursday","Thursday",10,19,2015,20,8,20,2015,9,8,20,2015,20,0,60,0,1.10462329
1772585066,"Smart Shoot-Intelligent Shooting Robot",80000,"smart-shoot-intelligent-shooting-robot","US","USD",FALSE,"Robots","https://www.kickstarter.com/discover/categories/technology/robots?ref=category_modal&sort=magic",4,4,"Monday","Tuesday","Thursday",4,4,2016,8,12,29,2015,14,2,4,2016,8,36,60,0,1
905760752,"ORV - Outdoor Remote Vehicle",40000,"orv-outdoor-remote-vehicle","US","USD",FALSE,"Robots","https://www.kickstarter.com/discover/categories/technology/robots?ref=category_modal&sort=magic",5,5,"Sunday","Sunday","Thursday",11,23,2014,18,9,9,2012,11,10,9,2014,18,760,45,1,1
2078673236,"Mirobot - the DIY WiFi robot for children",5000,"mirobot-the-diy-wifi-robot-for-children","GB","GBP",TRUE,"Robots","https://www.kickstarter.com/discover/categories/technology/robots?ref=category_modal&sort=magic",8,6,"Friday","Monday","Thursday",5,23,2014,12,3,24,2014,5,4,24,2014,7,31,29,0,1.68318998
714867756,"Mine Kafon Drone",70000,"mine-kafon-drone","NL","EUR",TRUE,"Robots","https://www.kickstarter.com/discover/categories/technology/robots?ref=category_modal&sort=magic",3,3,"Wednesday","Tuesday","Tuesday",8,31,2016,16,2,16,2016,6,7,19,2016,8,154,43,0,1.10662314
2067651738,"Kamibot | Robot Teaches Your Kids to Code",50000,"kamibot-teach-your-kids-to-code","US","USD",TRUE,"Robots","https://www.kickstarter.com/discover/categories/technology/robots?ref=category_modal&sort=magic",8,7,"Thursday","Friday","Tuesday",3,17,2016,6,1,29,2016,19,2,16,2016,6,17,30,0,1
1352970973,"Robotboat Mark VI",80000,"robotboat-mark-vi","US","USD",TRUE,"Robots","https://www.kickstarter.com/discover/categories/technology/robots?ref=category_modal&sort=magic",3,3,"Friday","Thursday","Wednesday",10,12,2012,13,7,5,2012,16,9,12,2012,13,68,30,0,1
1726950936,"The Pancake Printer",500,"the-pancake-printer","US","USD",TRUE,"Robots","https://www.kickstarter.com/discover/categories/technology/robots?ref=category_modal&sort=magic",3,3,"Sunday","Friday","Friday",3,1,2015,13,1,30,2015,10,1,30,2015,13,0,30,1,1
806154725,"Dark Control : Robot controllers for the Raspberry Pi Zero",4000,"dark-control-robot-controllers-for-the-raspberry-p","GB","GBP",FALSE,"Robots","https://www.kickstarter.com/discover/categories/technology/robots?ref=category_modal&sort=magic",10,8,"Thursday","Thursday","Tuesday",7,28,2016,4,4,7,2016,9,6,14,2016,4,67,44,0,1.41932352
1219882488,"Educational Robot Kit: Rokit Smart (12-in-1 Robot Kit)",50000,"rokit-smart-build-and-program-robots-the-easy-way","US","USD",FALSE,"Robots","https://www.kickstarter.com/discover/categories/technology/robots?ref=category_modal&sort=magic",8,8,"Tuesday","Thursday","Tuesday",6,16,2015,7,2,26,2015,15,5,12,2015,7,74,35,0,1
1868052318,"Imperial Robotics Team 4286 - 2016 Funding",275,"imperial-robotics-team-4286-2016-funding","US","USD",FALSE,"Robots","https://www.kickstarter.com/discover/categories/technology/robots?ref=category_modal&sort=magic",7,7,"Wednesday","Tuesday","Friday",2,24,2016,9,11,10,2015,15,1,15,2016,9,65,40,0,1
654352705,"Project Kovan",20000,"project-kovan","US","USD",FALSE,"Robots","https://www.kickstarter.com/discover/categories/technology/robots?ref=category_modal&sort=magic",2,2,"Friday","Wednesday","Wednesday",10,5,2012,15,8,15,2012,13,9,5,2012,15,21,30,0,1
446808853,"Union Endicott High School First Robotics 2053 Regionals",2500,"union-endicott-high-school-first-robotics-2053-reg","US","USD",FALSE,"Robots","https://www.kickstarter.com/discover/categories/technology/robots?ref=category_modal&sort=magic",8,8,"Wednesday","Thursday","Thursday",1,30,2013,23,9,20,2012,7,12,13,2012,20,84,48,0,1
1984811940,"Biofuel for Everyone",2000,"biofuel-for-everyone","US","USD",FALSE,"Robots","https://www.kickstarter.com/discover/categories/technology/robots?ref=category_modal&sort=magic",3,2,"Saturday","Thursday","Thursday",1,28,2012,9,12,29,2011,9,12,29,2011,9,0,30,1,1
1393145982,"FIRST Robotics Team 271: Season 2014-15",3000,"first-robotics-team-271-season-2014-15","US","USD",FALSE,"Robots","https://www.kickstarter.com/discover/categories/technology/robots?ref=category_modal&sort=magic",6,6,"Friday","Friday","Wednesday",12,5,2014,8,10,17,2014,7,11,5,2014,8,19,30,0,1
327497199,"Believe it or Bot ( working title)",375,"believe-it-or-bot-working-title","US","USD",FALSE,"Robots","https://www.kickstarter.com/discover/categories/technology/robots?ref=category_modal&sort=magic",7,5,"Thursday","Thursday","Tuesday",5,12,2011,9,4,7,2011,13,4,12,2011,9,4,30,0,1
434535185,"Case4-Kits and HapPi-Robot for the Raspberry Pi",3000,"case4-kits-and-happi-robot-for-the-raspberry-pi","GB","GBP",FALSE,"Robots","https://www.kickstarter.com/discover/categories/technology/robots?ref=category_modal&sort=magic",7,4,"Friday","Tuesday","Wednesday",6,20,2014,13,3,4,2014,3,5,21,2014,13,78,30,0,1.68164451
1741789934,"Robotics competition trip",800,"robotics-competition-trip","US","USD",FALSE,"Robots","https://www.kickstarter.com/discover/categories/technology/robots?ref=category_modal&sort=magic",3,3,"Wednesday","Sunday","Monday",4,30,2014,14,3,9,2014,23,3,31,2014,14,21,30,0,1
1040878107,"PicassoBot - The Portrait Sketching Robot Kit",10000,"picassobot-the-portrait-sketching-robot-kit","US","USD",FALSE,"Robots","https://www.kickstarter.com/discover/categories/technology/robots?ref=category_modal&sort=magic",7,7,"Friday","Wednesday","Saturday",6,13,2014,18,10,24,2012,12,5,17,2014,18,570,26,0,1
1194681868,"Makeblock : Next Generation of Construct Platform",30000,"makeblock-next-generation-of-construct-platform","US","USD",FALSE,"Robots","https://www.kickstarter.com/discover/categories/technology/robots?ref=category_modal&sort=magic",7,6,"Sunday","Sunday","Tuesday",1,20,2013,20,11,25,2012,20,12,11,2012,20,15,40,1,1
1533748311,"Bilibot :  an Affordable Robotics Platform",5000,"bilibot-an-affordable-robotics-platform","US","USD",FALSE,"Robots","https://www.kickstarter.com/discover/categories/technology/robots?ref=category_modal&sort=magic",6,5,"Wednesday","Thursday","Friday",1,19,2011,9,12,9,2010,18,12,10,2010,9,0,40,0,1
45619492,"Clariden Robotics 2015",3000,"clariden-robotics-2015","US","USD",FALSE,"Robots","https://www.kickstarter.com/discover/categories/technology/robots?ref=category_modal&sort=magic",3,3,"Friday","Wednesday","Wednesday",11,13,2015,13,10,7,2015,11,10,14,2015,13,7,30,0,1
1743139692,"E-Bot: Hack Learning w/ Arduino Robotics And Coding Etoy",1e+05,"opensource-educational-swarm-robots","GB","GBP",FALSE,"Robots","https://www.kickstarter.com/discover/categories/technology/robots?ref=category_modal&sort=magic",9,9,"Wednesday","Monday","Monday",4,1,2015,19,2,23,2015,13,3,2,2015,19,7,30,0,1.54358386
1600983394,"Educational Robot",1e+05,"educational-robot","CA","CAD",FALSE,"Robots","https://www.kickstarter.com/discover/categories/technology/robots?ref=category_modal&sort=magic",2,2,"Wednesday","Tuesday","Monday",5,6,2015,22,3,31,2015,18,4,6,2015,22,6,30,0,0.8009047
685516149,"eMotion: Give Your Tablet Wheels! Video Chat That Moves You!",70000,"emotion-give-your-tablet-wheels-video-chat-that-mo","CA","CAD",FALSE,"Robots","https://www.kickstarter.com/discover/categories/technology/robots?ref=category_modal&sort=magic",10,10,"Thursday","Saturday","Monday",3,3,2016,8,10,24,2015,22,1,18,2016,8,85,45,0,0.68779906
1251804487,"HAL-e: DIY Robot for Kids",6000,"hal-e-diy-robot-for-kids","US","USD",FALSE,"Robots","https://www.kickstarter.com/discover/categories/technology/robots?ref=category_modal&sort=magic",5,4,"Thursday","Saturday","Tuesday",9,3,2015,15,6,13,2015,9,8,4,2015,15,52,30,0,1
1080422968,"Unmanned Landscaper",75000,"unmanned-landscaper","US","USD",FALSE,"Robots","https://www.kickstarter.com/discover/categories/technology/robots?ref=category_modal&sort=magic",2,2,"Friday","Friday","Wednesday",9,5,2014,17,7,25,2014,9,8,6,2014,17,12,30,0,1
1707131511,"The Mars Aerial Rover",3e+05,"the-mars-aerial-rover","US","USD",FALSE,"Robots","https://www.kickstarter.com/discover/categories/technology/robots?ref=category_modal&sort=magic",4,4,"Tuesday","Wednesday","Friday",12,15,2015,10,8,19,2015,14,10,16,2015,10,57,60,0,1
683479090,"Vivibot (Arduino-Roboter)",1200,"vivibot-arduino-roboter","CH","CHF",FALSE,"Robots","https://www.kickstarter.com/discover/categories/technology/robots?ref=category_modal&sort=magic",2,2,"Friday","Sunday","Wednesday",7,15,2016,16,5,8,2016,8,6,15,2016,16,38,30,0,1.03760057
1939613301,"Knightmare: A robotic mech you pilot.",70000,"knightmare-a-robotic-mech-you-pilot","CA","CAD",FALSE,"Robots","https://www.kickstarter.com/discover/categories/technology/robots?ref=category_modal&sort=magic",6,5,"Saturday","Friday","Thursday",7,16,2016,7,6,10,2016,17,6,16,2016,7,5,30,1,0.77794011
1567703434,"Robotic Arm Project (RAP)",200,"summer-job-robotic-arm-trabajo-de-verano-brazo-rob","ES","EUR",FALSE,"Robots","https://www.kickstarter.com/discover/categories/technology/robots?ref=category_modal&sort=magic",4,4,"Tuesday","Wednesday","Friday",10,4,2016,12,6,29,2016,15,8,5,2016,12,36,60,0,1.1148272
1029277178,"Aqua-View: Your Robotic Connection To An Underwater World!",30000,"aqua-view-your-robotic-connection-to-an-underwater","US","USD",FALSE,"Robots","https://www.kickstarter.com/discover/categories/technology/robots?ref=category_modal&sort=magic",8,8,"Saturday","Sunday","Tuesday",9,20,2014,13,7,13,2014,21,7,22,2014,13,8,60,1,1
1387206653,"MYTHOS Börsenhandel-Roboter  stock market trading",2015,"mythos-borsenhandel-roboter-stock-market-trading","DE","EUR",FALSE,"Robots","https://www.kickstarter.com/discover/categories/technology/robots?ref=category_modal&sort=magic",5,5,"Wednesday","Monday","Tuesday",7,1,2015,1,5,4,2015,17,5,12,2015,1,7,50,0,1.11588835
1606690985,"RoBattleBots",15000,"robattlebots","US","USD",FALSE,"Robots","https://www.kickstarter.com/discover/categories/technology/robots?ref=category_modal&sort=magic",1,1,"Sunday","Thursday","Friday",10,26,2014,17,9,4,2014,18,9,26,2014,17,21,30,1,1
1012438241,"Humanoide Robot Bobbie",50000,"bobbie-1srobot-to-run-for-president","NL","EUR",FALSE,"Robots","https://www.kickstarter.com/discover/categories/technology/robots?ref=category_modal&sort=magic",3,3,"Monday","Friday","Thursday",2,13,2017,19,11,25,2016,8,12,15,2016,19,20,60,0,1.06366005
868609087,"Every Home Deserves a Personal Robot. Meet Luna!",5e+05,"every-home-deserves-a-personal-robot-meet-luna","US","USD",FALSE,"Robots","https://www.kickstarter.com/discover/categories/technology/robots?ref=category_modal&sort=magic",8,7,"Friday","Tuesday","Monday",2,13,2015,4,10,14,2014,15,12,15,2014,4,61,60,0,1
490024850,"Save the Père-Marquette High school's robotics team",3500,"des-commanditaires-pour-sirphoenix-iii","CA","CAD",FALSE,"Robots","https://www.kickstarter.com/discover/categories/technology/robots?ref=category_modal&sort=magic",7,6,"Monday","Thursday","Tuesday",2,29,2016,22,1,28,2016,12,2,16,2016,12,19,13,0,0.72381631
1422228947,"Alpha Bot : Human Pilotable Mecha",1500000,"alpha-bot-human-pilotable-mecha","US","USD",FALSE,"Robots","https://www.kickstarter.com/discover/categories/technology/robots?ref=category_modal&sort=magic",6,6,"Saturday","Saturday","Tuesday",9,19,2015,16,7,18,2015,9,7,21,2015,16,3,60,1,1
1254870238,"QiBots: fun and educational arduino robots for £45",1500,"qibots-fun-and-educational-arduino-robots-for-45","GB","GBP",FALSE,"Robots","https://www.kickstarter.com/discover/categories/technology/robots?ref=category_modal&sort=magic",8,6,"Monday","Wednesday","Thursday",6,15,2015,15,4,15,2015,13,4,16,2015,15,1,60,0,1.47619125
1439353682,"Fund Our NACI Robotics Team",5000,"fund-our-naci-robotics-team","CA","CAD",FALSE,"Robots","https://www.kickstarter.com/discover/categories/technology/robots?ref=category_modal&sort=magic",5,5,"Thursday","Friday","Thursday",12,31,2015,11,10,9,2015,15,11,5,2015,16,27,55,0,0.76581289
1083810122,"Library IdeaLab (Canceled)",1e+05,"idealab","CA","CAD",TRUE,"Makerspaces","https://www.kickstarter.com/discover/categories/technology/makerspaces?ref=category_modal&sort=magic",3,3,"Wednesday","Monday","Saturday",11,11,2015,1,8,24,2015,16,10,3,2015,1,39,38,0,0.75508569
1779566123,"DesignScreenHD: Interior Design Meets Love of the Big Screen",65000,"designscreenhd-interior-design-meets-love-of-the-b","FR","EUR",FALSE,"Makerspaces","https://www.kickstarter.com/discover/categories/technology/makerspaces?ref=category_modal&sort=magic",9,7,"Saturday","Saturday","Thursday",6,18,2016,4,5,7,2016,1,5,19,2016,4,12,30,1,1.12957591
1257567370,"Nukes Work (Canceled)",35000,"nukes-change-the-world","US","USD",FALSE,"Makerspaces","https://www.kickstarter.com/discover/categories/technology/makerspaces?ref=category_modal&sort=magic",3,3,"Sunday","Friday","Wednesday",1,17,2016,12,11,13,2015,14,11,18,2015,12,4,60,1,1
405703732,"Isle of wight community Makerspace (Canceled)",6000,"isle-of-wight-community-makerspace","GB","GBP",FALSE,"Makerspaces","https://www.kickstarter.com/discover/categories/technology/makerspaces?ref=category_modal&sort=magic",6,5,"Wednesday","Monday","Monday",3,9,2016,11,2,8,2016,8,2,8,2016,11,0,30,0,1.45021906
446752616,"TheHive - LA (Canceled)",15000,"thehive-la","US","USD",FALSE,"Makerspaces","https://www.kickstarter.com/discover/categories/technology/makerspaces?ref=category_modal&sort=magic",4,4,"Tuesday","Thursday","Friday",10,20,2015,20,8,27,2015,20,9,4,2015,12,7,46,0,1
180109504,"Swedish Astromech 2015",35000,"swedish-astromech-2015","SE","SEK",FALSE,"Robots","https://www.kickstarter.com/discover/categories/technology/robots?ref=category_modal&sort=magic",3,3,"Wednesday","Monday","Thursday",12,31,2014,5,11,3,2014,15,11,6,2014,6,2,54,0,0.13544795
958991481,"Oomiyu | A Playful Arduino 101-based Cardstock Robot Owl (Canceled)",72921,"oomiyu-build-a-playful-paper-robot-owl","US","USD",TRUE,"Robots","https://www.kickstarter.com/discover/categories/technology/robots?ref=category_modal&sort=magic",10,10,"Saturday","Tuesday","Thursday",12,17,2016,2,11,1,2016,15,11,17,2016,2,15,30,1,1
385933534,"Germfalcon - Your Flight  Germ-Free (Canceled)",25000,"germfalcon-your-flight-germ-free","US","USD",FALSE,"Robots","https://www.kickstarter.com/discover/categories/technology/robots?ref=category_modal&sort=magic",6,6,"Thursday","Wednesday","Monday",5,7,2015,16,2,25,2015,15,3,23,2015,16,26,45,0,1
1033947460,"Mies i100: The Ultimate Amplifier for Vinyl Lovers",30000,"mies-i100-the-ultimate-amplifier-for-vinyl-lovers","CA","CAD",TRUE,"Hardware","https://www.kickstarter.com/discover/categories/technology/hardware?ref=category_modal&sort=magic",8,7,"Thursday","Tuesday","Tuesday",3,13,2014,11,1,7,2014,15,2,11,2014,11,34,30,0,0.90667257
326614000,"Desktop 3D Scanner",80000,"desktop-3d-scanner","GB","GBP",TRUE,"Hardware","https://www.kickstarter.com/discover/categories/technology/hardware?ref=category_modal&sort=magic",3,3,"Tuesday","Monday","Tuesday",3,19,2013,10,12,17,2012,6,2,12,2013,9,57,35,0,1.57999349
710213351,"Robot HUD - Now with Roadmap and new Reward! (Canceled)",2000,"robot-head-up-display-rhud","GB","GBP",FALSE,"Robots","https://www.kickstarter.com/discover/categories/technology/robots?ref=category_modal&sort=magic",10,8,"Saturday","Tuesday","Thursday",5,17,2014,10,11,26,2013,16,4,17,2014,10,141,30,1,1.67240581
1606674117,"HYDRA - The Hybrid Gas/Electric Drone (Canceled)",55000,"hydra-the-hybrid-gas-electric-drone","US","USD",FALSE,"Robots","https://www.kickstarter.com/discover/categories/technology/robots?ref=category_modal&sort=magic",7,7,"Wednesday","Wednesday","Monday",7,15,2015,10,6,10,2015,15,6,15,2015,10,4,30,0,1
1811023083,"My Friend the companion Robot (Canceled)",195000,"my-friend-the-companion-robot","US","USD",FALSE,"Robots","https://www.kickstarter.com/discover/categories/technology/robots?ref=category_modal&sort=magic",6,5,"Saturday","Wednesday","Thursday",11,14,2015,10,10,14,2015,13,10,15,2015,10,0,30,1,1
1519442941,"Decatur Makers. Makerspace 4 Tech + Art + Tools + Community",15000,"decatur-makers-a-makerspace-for-tech-art-tools-com","US","USD",TRUE,"Makerspaces","https://www.kickstarter.com/discover/categories/technology/makerspaces?ref=category_modal&sort=magic",11,11,"Thursday","Sunday","Sunday",10,30,2014,23,9,14,2014,19,9,28,2014,23,14,32,0,1
855263600,"Tinkr Tech",3250,"tinkr-tech-0","US","USD",FALSE,"Makerspaces","https://www.kickstarter.com/discover/categories/technology/makerspaces?ref=category_modal&sort=magic",2,2,"Saturday","Monday","Tuesday",8,16,2014,10,7,14,2014,7,7,22,2014,10,8,25,1,1
778421346,"STEAMLabs community makerspace: Everyone can be a maker",20000,"steamlabs-community-makerspace-everyone-can-be-a-m","CA","CAD",FALSE,"Makerspaces","https://www.kickstarter.com/discover/categories/technology/makerspaces?ref=category_modal&sort=magic",8,5,"Saturday","Friday","Thursday",5,9,2015,10,3,27,2015,1,4,9,2015,10,13,30,1,0.80041558
1086891428,"Building Brisbane's Ultimate Hub for Creative Innovators",6000,"building-brisbanes-ultimate-hub-for-creative-innov","AU","AUD",FALSE,"Makerspaces","https://www.kickstarter.com/discover/categories/technology/makerspaces?ref=category_modal&sort=magic",7,6,"Tuesday","Friday","Thursday",11,4,2014,22,2,7,2014,20,9,25,2014,22,230,40,0,0.88577961
1894507423,"Open Tools for Science and Science Education",10000,"open-tools-for-science-and-science-education","US","USD",TRUE,"Makerspaces","https://www.kickstarter.com/discover/categories/technology/makerspaces?ref=category_modal&sort=magic",7,5,"Monday","Monday","Sunday",12,28,2015,0,11,23,2015,0,12,6,2015,15,13,21,0,1
1166542222,"Building the Playa Blanca Community Wind Workshop!",35000,"building-the-playa-blanca-community-wind-workshop","US","USD",TRUE,"Makerspaces","https://www.kickstarter.com/discover/categories/technology/makerspaces?ref=category_modal&sort=magic",7,6,"Monday","Saturday","Wednesday",7,4,2016,23,2,21,2015,15,6,8,2016,10,472,26,0,1
1822729427,"Tech Garden: Growing the Community With Tech",90000,"tech-garden-growing-the-community-with-tech","US","USD",FALSE,"Makerspaces","https://www.kickstarter.com/discover/categories/technology/makerspaces?ref=category_modal&sort=magic",7,6,"Sunday","Monday","Tuesday",6,12,2016,22,4,4,2016,11,5,10,2016,23,36,32,1,1
749018055,"OlyMEGA MakerSpace",20000,"olymega-makerspace","US","USD",FALSE,"Makerspaces","https://www.kickstarter.com/discover/categories/technology/makerspaces?ref=category_modal&sort=magic",2,2,"Tuesday","Monday","Saturday",5,26,2015,1,1,19,2015,21,4,25,2015,20,95,30,0,1
63530552,"STEMBILITY: More than just a HackerSpace!",40000,"stembility-more-than-just-a-hackerspace","US","USD",FALSE,"Makerspaces","https://www.kickstarter.com/discover/categories/technology/makerspaces?ref=category_modal&sort=magic",6,3,"Monday","Wednesday","Saturday",8,10,2015,13,7,1,2015,14,7,11,2015,13,9,30,0,1
1246183686,"Wavegarden in Marbella (Málaga)",8e+06,"wavegarden-in-marbella-malaga","ES","EUR",FALSE,"Makerspaces","https://www.kickstarter.com/discover/categories/technology/makerspaces?ref=category_modal&sort=magic",4,3,"Thursday","Wednesday","Tuesday",9,24,2015,14,8,19,2015,16,8,25,2015,14,5,30,0,1.14612392
154350084,"Mad science laboratory",12000,"mad-science-laboratory","US","USD",FALSE,"Makerspaces","https://www.kickstarter.com/discover/categories/technology/makerspaces?ref=category_modal&sort=magic",3,3,"Tuesday","Tuesday","Sunday",1,31,2017,7,9,13,2016,23,1,1,2017,7,109,30,0,1
810654678,"Classcraft en el aula",300,"classcraft-en-el-aula","ES","EUR",FALSE,"Makerspaces","https://www.kickstarter.com/discover/categories/technology/makerspaces?ref=category_modal&sort=magic",4,4,"Thursday","Sunday","Tuesday",12,3,2015,9,11,1,2015,16,11,3,2015,9,1,30,0,1.1030089
205052583,"TRAVELSOLOGY : A School That Can Teach You How To Travel",40000,"travelsology-empower-inspire-and-educate-world-tra","US","USD",FALSE,"Makerspaces","https://www.kickstarter.com/discover/categories/technology/makerspaces?ref=category_modal&sort=magic",11,11,"Monday","Thursday","Tuesday",8,1,2016,8,6,23,2016,7,7,5,2016,8,12,27,0,1
1583841527,"7” Wallpad: The Open Source Modular Touch Computer",25000,"7-wallpad-the-open-source-modular-touch-computer","US","USD",FALSE,"Makerspaces","https://www.kickstarter.com/discover/categories/technology/makerspaces?ref=category_modal&sort=magic",8,8,"Friday","Wednesday","Monday",8,28,2015,23,6,10,2015,15,6,29,2015,23,19,60,0,1
862023930,"Student Entrepreneur Bus",20000,"student-startup-bus","US","USD",FALSE,"Makerspaces","https://www.kickstarter.com/discover/categories/technology/makerspaces?ref=category_modal&sort=magic",3,3,"Friday","Sunday","Wednesday",2,13,2015,16,12,28,2014,15,1,14,2015,11,16,30,0,1
1924112501,"Scientagious Adventures",33333,"scientagious-adventures","US","USD",FALSE,"Makerspaces","https://www.kickstarter.com/discover/categories/technology/makerspaces?ref=category_modal&sort=magic",2,2,"Sunday","Tuesday","Wednesday",12,20,2015,9,10,13,2015,19,10,21,2015,9,7,60,1,1
47436712,"Hackerspace Thinktank",5e+05,"hackerspace-thinktank","US","USD",FALSE,"Makerspaces","https://www.kickstarter.com/discover/categories/technology/makerspaces?ref=category_modal&sort=magic",2,2,"Tuesday","Saturday","Friday",11,10,2015,18,9,5,2015,17,9,11,2015,18,6,60,0,1
769137298,"Fairexistence.com",2000,"fairexistencecom","AU","AUD",FALSE,"Makerspaces","https://www.kickstarter.com/discover/categories/technology/makerspaces?ref=category_modal&sort=magic",1,1,"Thursday","Monday","Tuesday",11,20,2014,14,10,13,2014,15,10,21,2014,14,7,30,0,0.87837185
1143125510,"Décoder le cerveau (Brain - PC compatibility)",120000,"decoder-le-cerveau-brain-pc-compatibility","CA","CAD",FALSE,"Makerspaces","https://www.kickstarter.com/discover/categories/technology/makerspaces?ref=category_modal&sort=magic",7,7,"Saturday","Monday","Thursday",12,5,2015,13,11,2,2015,13,11,5,2015,13,3,30,1,0.76581289
1009809497,"The dime-sized FemtoBeacon - Wireless IMU  ARM Cortex M0+",500,"the-dime-sized-femtobeacon-wireless-imu-arm-cortex","US","USD",FALSE,"Hardware","https://www.kickstarter.com/discover/categories/technology/hardware?ref=category_modal&sort=magic",9,9,"Thursday","Saturday","Tuesday",6,11,2015,12,3,28,2015,2,5,12,2015,12,45,30,0,1
426326617,"Brondell Swash | Intelligent Electronic Bidet Toilet Seat",30000,"brondell-swash-intelligent-electronic-bidet-toilet","US","USD",FALSE,"Hardware","https://www.kickstarter.com/discover/categories/technology/hardware?ref=category_modal&sort=magic",8,8,"Thursday","Tuesday","Thursday",12,22,2016,9,10,11,2016,13,11,17,2016,9,36,35,0,1
1356958482,"IMMERSIS",1e+05,"immersis","US","USD",TRUE,"Hardware","https://www.kickstarter.com/discover/categories/technology/hardware?ref=category_modal&sort=magic",1,1,"Wednesday","Thursday","Friday",2,18,2015,0,12,25,2014,3,1,9,2015,0,14,40,0,1
2076725970,"Blubel: the cycling navigator powered by community wisdom",30000,"blubel-the-cycling-navigator-powered-by-community","GB","GBP",TRUE,"Hardware","https://www.kickstarter.com/discover/categories/technology/hardware?ref=category_modal&sort=magic",8,6,"Wednesday","Monday","Monday",7,20,2016,13,5,9,2016,10,6,20,2016,13,42,30,0,1.43589037
1317609495,"SPOR: Solar Battery Chargers  USB Cables & Accessories",1e+05,"spor-solar-battery-chargers-usb-cables-and-accesso","US","USD",TRUE,"Hardware","https://www.kickstarter.com/discover/categories/technology/hardware?ref=category_modal&sort=magic",8,8,"Monday","Tuesday","Wednesday",6,30,2014,9,4,1,2014,10,5,28,2014,9,56,33,0,1
419058599,"Doodle3D",50000,"doodle3d","US","USD",TRUE,"Hardware","https://www.kickstarter.com/discover/categories/technology/hardware?ref=category_modal&sort=magic",1,1,"Wednesday","Wednesday","Wednesday",5,22,2013,10,2,6,2013,7,4,17,2013,0,69,35,0,1
658110891,"Smart Herb Garden by Click & Grow",75000,"smart-herb-garden-by-click-and-grow","US","USD",TRUE,"Hardware","https://www.kickstarter.com/discover/categories/technology/hardware?ref=category_modal&sort=magic",7,6,"Tuesday","Friday","Wednesday",4,30,2013,12,5,18,2012,1,3,27,2013,7,313,34,0,1
1535175219,"PNMini - Positive/Negative Power Supply Module for Makers",1000,"pnmini-positive-negative-power-supply-module-for-m","US","USD",TRUE,"Hardware","https://www.kickstarter.com/discover/categories/technology/hardware?ref=category_modal&sort=magic",8,7,"Wednesday","Saturday","Tuesday",5,7,2014,9,11,2,2013,12,3,18,2014,9,135,50,0,1
1601337675,"Horto domi: the Open Garden",10000,"horto-domi-the-open-garden","US","USD",TRUE,"Hardware","https://www.kickstarter.com/discover/categories/technology/hardware?ref=category_modal&sort=magic",5,4,"Wednesday","Friday","Saturday",5,9,2012,20,3,2,2012,18,3,10,2012,20,8,60,0,1
474613074,"Gramofon: Modern Cloud Jukebox",250000,"gramofon-modern-cloud-jukebox","US","USD",TRUE,"Hardware","https://www.kickstarter.com/discover/categories/technology/hardware?ref=category_modal&sort=magic",4,4,"Thursday","Tuesday","Tuesday",5,15,2014,1,3,25,2014,9,4,15,2014,1,20,30,0,1
699575039,"Oval - The First Digital HandPan",1e+05,"oval-the-first-digital-handpan","ES","EUR",TRUE,"Hardware","https://www.kickstarter.com/discover/categories/technology/hardware?ref=category_modal&sort=magic",6,6,"Sunday","Sunday","Tuesday",7,12,2015,1,5,24,2015,16,6,2,2015,1,8,40,1,1.09491848
1004686676,"Ion: A Music Detecting Mood Light with Bluetooth Low Energy",20000,"ion-a-music-detecting-mood-light-with-bluetooth-lo","US","USD",TRUE,"Hardware","https://www.kickstarter.com/discover/categories/technology/hardware?ref=category_modal&sort=magic",10,9,"Thursday","Thursday","Tuesday",5,1,2014,10,2,6,2014,10,4,1,2014,10,54,30,0,1
1430588831,"Skybuds - truly wireless earbuds and smartphone case",2e+05,"skybuds-truly-wireless-earbuds-and-smartphone-case","US","USD",TRUE,"Hardware","https://www.kickstarter.com/discover/categories/technology/hardware?ref=category_modal&sort=magic",8,7,"Wednesday","Thursday","Tuesday",11,18,2015,22,7,9,2015,13,10,13,2015,6,95,36,0,1
1199705399,"OpenBeam - An open source miniature construction system",30000,"openbeam-an-open-source-miniature-construction-sys","US","USD",TRUE,"Hardware","https://www.kickstarter.com/discover/categories/technology/hardware?ref=category_modal&sort=magic",8,8,"Sunday","Sunday","Friday",4,29,2012,21,3,11,2012,4,3,30,2012,21,19,30,1,1
104770841,"WHILL : World's Most Advanced Personal Mobility Device",30000,"whill-worlds-most-advanced-personal-mobility-devic","US","USD",TRUE,"Hardware","https://www.kickstarter.com/discover/categories/technology/hardware?ref=category_modal&sort=magic",8,8,"Friday","Wednesday","Wednesday",7,11,2014,11,3,26,2014,11,6,11,2014,11,77,30,0,1
1751153745,"velosynth",500,"velosynth","US","USD",TRUE,"Hardware","https://www.kickstarter.com/discover/categories/technology/hardware?ref=category_modal&sort=magic",1,1,"Friday","Wednesday","Thursday",7,2,2010,18,12,9,2009,19,6,17,2010,22,190,14,0,1
1655426444,"bassAware Holster",30000,"bassaware-holster","US","USD",TRUE,"Hardware","https://www.kickstarter.com/discover/categories/technology/hardware?ref=category_modal&sort=magic",2,2,"Tuesday","Monday","Wednesday",10,15,2013,22,4,1,2013,13,9,18,2013,14,170,27,0,1
11439199,"Kiën Light: Intelligent daylight at your fingertips",50000,"kien-light-intelligent-daylight-at-your-fingertips","DE","EUR",TRUE,"Hardware","https://www.kickstarter.com/discover/categories/technology/hardware?ref=category_modal&sort=magic",7,5,"Wednesday","Thursday","Tuesday",11,23,2016,2,9,15,2016,9,10,18,2016,2,32,36,0,1.09775509
319879133,"Portal: Turbocharged WiFi",160000,"portal-turbocharged-wifi","US","USD",TRUE,"Hardware","https://www.kickstarter.com/discover/categories/technology/hardware?ref=category_modal&sort=magic",3,3,"Friday","Tuesday","Monday",7,8,2016,18,1,12,2016,23,5,9,2016,18,117,60,0,1
101767263,"3Doodler: The World's First 3D Printing Pen",30000,"3doodler-the-worlds-first-3d-printing-pen","US","USD",TRUE,"Hardware","https://www.kickstarter.com/discover/categories/technology/hardware?ref=category_modal&sort=magic",7,7,"Sunday","Monday","Monday",3,24,2013,23,8,6,2012,14,2,18,2013,23,196,34,1,1
1062975472,"Linkio: the $100 Smart Home Devices Solution",50000,"linkio","NL","EUR",TRUE,"Hardware","https://www.kickstarter.com/discover/categories/technology/hardware?ref=category_modal&sort=magic",7,6,"Thursday","Wednesday","Tuesday",1,8,2015,19,10,15,2014,17,12,2,2014,1,47,37,0,1.24491142
1415102052,"ODIN2: Smart Projector for movies  video calls  and apps",125000,"odin2-smart-projector-for-movies-video-calls-and-a","US","USD",TRUE,"Hardware","https://www.kickstarter.com/discover/categories/technology/hardware?ref=category_modal&sort=magic",9,7,"Wednesday","Thursday","Tuesday",11,30,2016,22,7,14,2016,22,11,1,2016,5,109,29,0,1
1376426504,"Programmable Capacitor",3000,"programmable-capacitor","US","USD",TRUE,"Hardware","https://www.kickstarter.com/discover/categories/technology/hardware?ref=category_modal&sort=magic",2,2,"Friday","Wednesday","Thursday",11,15,2013,17,7,31,2013,16,10,31,2013,17,92,15,0,1
1529068065,"DIY Weather on your Raspberry Pi! Weather! Weather!",1500,"diy-weather-on-your-raspberry-pi-weather-weather","US","USD",TRUE,"Hardware","https://www.kickstarter.com/discover/categories/technology/hardware?ref=category_modal&sort=magic",8,6,"Monday","Tuesday","Tuesday",7,25,2016,11,6,21,2016,10,7,5,2016,11,14,20,0,1
245972203,"LOGi FPGA Development Board for Raspberry Pi - Beaglebone",6900,"logi-fpga-development-board-for-raspberry-pi-beagl","US","USD",TRUE,"Hardware","https://www.kickstarter.com/discover/categories/technology/hardware?ref=category_modal&sort=magic",9,8,"Friday","Thursday","Wednesday",1,10,2014,16,11,28,2013,11,12,11,2013,16,13,30,0,1
436145065,"airfy Beacon - imagination meets smart home automation",30000,"airfy-beacon-imagination-meets-smart-home-automati","US","USD",TRUE,"Hardware","https://www.kickstarter.com/discover/categories/technology/hardware?ref=category_modal&sort=magic",8,8,"Thursday","Monday","Tuesday",8,14,2014,9,5,12,2014,1,7,15,2014,9,64,30,0,1
776360702,"Voltaire Smart Grinder + Ever Cup Travel Mug",1e+05,"voltaire-a-portable-freshness-sensing-coffee-grind","US","USD",TRUE,"Hardware","https://www.kickstarter.com/discover/categories/technology/hardware?ref=category_modal&sort=magic",8,8,"Monday","Tuesday","Friday",8,8,2016,22,5,17,2016,10,6,10,2016,8,23,59,0,1
836069108,"Fly6 Cycling Accessory | HD Camera & Tail-Light Combo",95000,"fly6-cycling-accessory-hd-camera-and-tail-light-co","AU","AUD",FALSE,"Hardware","https://www.kickstarter.com/discover/categories/technology/hardware?ref=category_modal&sort=magic",9,9,"Monday","Tuesday","Sunday",3,10,2014,1,11,12,2013,22,2,9,2014,15,88,28,0,0.89582296
1331487878,"Angee. The First Truly Autonomous Home Security System.",250000,"angee-the-first-truly-autonomous-home-security-sys","US","USD",TRUE,"Hardware","https://www.kickstarter.com/discover/categories/technology/hardware?ref=category_modal&sort=magic",8,8,"Saturday","Monday","Tuesday",11,14,2015,6,8,3,2015,5,9,15,2015,6,43,60,1,1
926878686,"Depth-VR: 3D world jumping out of your screen",50000,"depth-vr-3d-world-jumping-out-of-your-screen","US","USD",TRUE,"Hardware","https://www.kickstarter.com/discover/categories/technology/hardware?ref=category_modal&sort=magic",8,5,"Thursday","Tuesday","Monday",1,8,2015,7,11,18,2014,2,11,24,2014,7,6,45,0,1
1882105114,"MIDIWidget: Control anything via MIDI",6000,"midiwidget-control-anything-via-midi","US","USD",TRUE,"Hardware","https://www.kickstarter.com/discover/categories/technology/hardware?ref=category_modal&sort=magic",5,5,"Monday","Wednesday","Monday",3,16,2015,20,1,28,2015,17,2,23,2015,4,25,21,0,1
577817754,"PINE A64  First $15 64-Bit Single Board Super Computer",31416,"pine-a64-first-15-64-bit-single-board-super-comput","US","USD",TRUE,"Hardware","https://www.kickstarter.com/discover/categories/technology/hardware?ref=category_modal&sort=magic",9,9,"Saturday","Tuesday","Wednesday",1,23,2016,5,10,6,2015,0,12,9,2015,5,64,45,1,1
1496537501,"Piccolino: Arduino Compatible + WIFI + OLED + SRAM + SD CARD",5000,"piccolino-arduino-compatible-wifi-oled-sram-sd-car","US","USD",TRUE,"Hardware","https://www.kickstarter.com/discover/categories/technology/hardware?ref=category_modal&sort=magic",12,12,"Friday","Tuesday","Wednesday",5,15,2015,21,4,7,2015,9,4,15,2015,21,8,30,0,1
1893209294,"Mr Beam - a Portable Laser Cutter and Engraver Kit",45000,"mr-beam-a-portable-laser-cutter-and-engraver-kit","US","USD",TRUE,"Hardware","https://www.kickstarter.com/discover/categories/technology/hardware?ref=category_modal&sort=magic",10,8,"Friday","Tuesday","Monday",6,6,2014,18,4,1,2014,5,5,5,2014,18,34,32,0,1
1067930555,"Radian 2: Time Lapse  Motion  and Wireless Camera Control",153471,"radian-2-bluetooth-time-lapse-motion-and-camera-co","US","USD",TRUE,"Hardware","https://www.kickstarter.com/discover/categories/technology/hardware?ref=category_modal&sort=magic",9,8,"Friday","Monday","Thursday",6,5,2015,12,4,27,2015,9,5,7,2015,11,10,29,0,1
1301436153,"World's First Smart  Connected Office Desk — Powered By AI.",50000,"autonomous-desk-the-smartest-office-desk-yet-power","US","USD",TRUE,"Hardware","https://www.kickstarter.com/discover/categories/technology/hardware?ref=category_modal&sort=magic",10,10,"Sunday","Monday","Friday",5,31,2015,10,4,27,2015,10,5,1,2015,10,3,30,1,1
1944172417,"TOHKBD — The Other Half Keyboard for your Jolla",55000,"tohkbd-the-other-half-keyboard-for-your-jolla","NL","EUR",TRUE,"Hardware","https://www.kickstarter.com/discover/categories/technology/hardware?ref=category_modal&sort=magic",9,7,"Thursday","Thursday","Tuesday",12,4,2014,5,10,2,2014,14,11,4,2014,5,32,30,0,1.24799073
244313729,"Marvell ESPRESSOBin Board",15000,"marvell-espressobin-board","US","USD",FALSE,"Hardware","https://www.kickstarter.com/discover/categories/technology/hardware?ref=category_modal&sort=magic",3,3,"Friday","Tuesday","Sunday",11,11,2016,10,3,15,2016,15,10,2,2016,10,200,40,0,1
340996551,"Ripcord - The plug 'n play anywhere USB power cable",25000,"ripcord-the-plug-n-play-anywhere-usb-power-cable","IE","EUR",FALSE,"Hardware","https://www.kickstarter.com/discover/categories/technology/hardware?ref=category_modal&sort=magic",10,10,"Sunday","Thursday","Friday",6,5,2016,7,4,28,2016,9,5,6,2016,7,7,30,1,1.14860146
301134284,"Endless Computers",1e+05,"endless-computers","US","USD",TRUE,"Hardware","https://www.kickstarter.com/discover/categories/technology/hardware?ref=category_modal&sort=magic",2,2,"Friday","Monday","Tuesday",5,15,2015,1,3,23,2015,0,4,14,2015,7,22,30,0,1
565433517,"Up to 4 axis Beaglebone black based CNC control",4000,"up-to-4-axis-beaglebone-black-based-cnc-control","DE","EUR",FALSE,"Hardware","https://www.kickstarter.com/discover/categories/technology/hardware?ref=category_modal&sort=magic",9,8,"Sunday","Wednesday","Tuesday",5,15,2016,12,3,9,2016,2,4,12,2016,12,34,33,1,1.14106274
2077632132,"The Arduino Audio Shield",4000,"the-arduino-audio-shield","US","USD",FALSE,"Hardware","https://www.kickstarter.com/discover/categories/technology/hardware?ref=category_modal&sort=magic",4,4,"Tuesday","Tuesday","Sunday",9,6,2016,8,10,18,2011,17,8,7,2016,8,1754,30,0,1
1970571767,"AmbiLED HD - High Definition Ambient Light",33000,"ambiled-hd-high-definition-ambient-light","GB","GBP",TRUE,"Hardware","https://www.kickstarter.com/discover/categories/technology/hardware?ref=category_modal&sort=magic",7,7,"Tuesday","Monday","Tuesday",9,30,2014,15,6,16,2014,18,8,26,2014,15,70,34,0,1.65577717
404532152,"SyncStop - Prevent data theft and malware on mobile devices",10000,"syncstop-prevent-data-theft-and-malware-on-mobile","US","USD",TRUE,"Hardware","https://www.kickstarter.com/discover/categories/technology/hardware?ref=category_modal&sort=magic",10,8,"Friday","Monday","Wednesday",12,12,2014,19,10,13,2014,20,11,12,2014,19,29,30,0,1
468214073,"Aero-Tray     Make the most of your mobile lifestyle",23667,"aero-tray-make-the-most-of-your-mobile-lifestyle","US","USD",FALSE,"Hardware","https://www.kickstarter.com/discover/categories/technology/hardware?ref=category_modal&sort=magic",8,4,"Friday","Friday","Sunday",11,1,2013,16,9,13,2013,13,9,29,2013,16,16,33,0,1
69874174,"THE RiNG  Your Phone's Perfect Mate",15000,"the-ring-your-phones-perfect-mate","US","USD",FALSE,"Hardware","https://www.kickstarter.com/discover/categories/technology/hardware?ref=category_modal&sort=magic",6,6,"Thursday","Wednesday","Tuesday",2,11,2016,8,11,25,2015,1,1,12,2016,8,48,30,0,1
1443367788,"PS-1A Adjustable Miniature Switch Mode DC-DC Power Supply",1385,"ps-1a-adjustable-miniature-switch-mode-dc-dc-power","US","USD",FALSE,"Hardware","https://www.kickstarter.com/discover/categories/technology/hardware?ref=category_modal&sort=magic",8,8,"Saturday","Sunday","Monday",12,10,2016,22,10,9,2016,20,10,17,2016,23,8,53,1,1
1597876772,"PiSoC: Learn to Create",15000,"pisoc-learn-to-create","US","USD",FALSE,"Hardware","https://www.kickstarter.com/discover/categories/technology/hardware?ref=category_modal&sort=magic",4,3,"Saturday","Tuesday","Thursday",6,13,2015,11,5,5,2015,19,5,14,2015,11,8,30,1,1
262327093,"OPEN RAIL Open Source Linear Bearing System",4900,"openrail-open-source-linear-bearing-system","US","USD",FALSE,"Hardware","https://www.kickstarter.com/discover/categories/technology/hardware?ref=category_modal&sort=magic",7,7,"Sunday","Saturday","Friday",7,8,2012,21,6,2,2012,14,6,8,2012,21,6,30,1,1
2108802095,"YOYO WARRIOR - A premium yoyo for any budget",8000,"yoyo-warrior-a-premium-yoyo-for-any-budget","US","USD",FALSE,"Hardware","https://www.kickstarter.com/discover/categories/technology/hardware?ref=category_modal&sort=magic",9,7,"Wednesday","Monday","Monday",12,25,2013,18,10,21,2013,14,11,25,2013,18,35,30,0,1
887974953,"abode - The Future of Home Security.",1e+05,"abode-real-security-and-home-automation-reinvented","US","USD",FALSE,"Hardware","https://www.kickstarter.com/discover/categories/technology/hardware?ref=category_modal&sort=magic",7,6,"Friday","Friday","Tuesday",5,8,2015,11,1,2,2015,12,3,24,2015,11,80,45,0,1
794790054,"RasPiO Pro Hat Protect/Position Raspberry Pi Ports Perfectly",8192,"raspio-pro-hat-protect-position-raspberry-pi-ports","GB","GBP",FALSE,"Hardware","https://www.kickstarter.com/discover/categories/technology/hardware?ref=category_modal&sort=magic",8,8,"Sunday","Friday","Friday",2,14,2016,15,10,30,2015,16,1,15,2016,2,76,30,1,1.44059837
406301068,"EMW JuiceBox - $99+ Level 2 (15kW) EV Charging Station",25000,"emw-juicebox-an-open-source-level-2-ev-charging-st","US","USD",FALSE,"Hardware","https://www.kickstarter.com/discover/categories/technology/hardware?ref=category_modal&sort=magic",10,10,"Wednesday","Sunday","Monday",7,24,2013,14,4,28,2013,2,6,24,2013,14,57,30,0,1
1778209093,"Save a battery  Save the Environment!  ReVolt3000",10000,"revolt-and-get-your-power-back-revolt3000","US","USD",FALSE,"Hardware","https://www.kickstarter.com/discover/categories/technology/hardware?ref=category_modal&sort=magic",7,5,"Wednesday","Monday","Monday",4,30,2014,20,3,24,2014,22,3,31,2014,20,6,30,0,1
17154104,"Nano Heated Wireless Mug/Cup",40000,"nano-heated-wireless-mug-cup","US","USD",FALSE,"Hardware","https://www.kickstarter.com/discover/categories/technology/hardware?ref=category_modal&sort=magic",4,4,"Tuesday","Saturday","Sunday",6,9,2015,14,2,15,2014,11,5,10,2015,14,449,30,0,1
175088212,"Voltus - Mobile power + expansion for your MacBook",32000,"voltus-mobile-power-expansion-for-your-macbook","US","USD",FALSE,"Hardware","https://www.kickstarter.com/discover/categories/technology/hardware?ref=category_modal&sort=magic",9,7,"Wednesday","Wednesday","Tuesday",7,1,2015,22,5,6,2015,18,5,19,2015,11,12,43,0,1
1298412783,"EspLight  cheap open source WiFi LED strip controller",1000,"esplight-cheap-open-source-wifi-led-strip-controll","NL","EUR",FALSE,"Hardware","https://www.kickstarter.com/discover/categories/technology/hardware?ref=category_modal&sort=magic",8,8,"Wednesday","Thursday","Monday",7,15,2015,11,6,4,2015,7,6,15,2015,11,11,30,0,1.12662346
1275622509,"The Qwerkywriter - Typewriter Inspired Mechanical Keyboard",90000,"the-qwerkywriter-typewriter-inspired-mechanical-ke","US","USD",FALSE,"Hardware","https://www.kickstarter.com/discover/categories/technology/hardware?ref=category_modal&sort=magic",7,7,"Thursday","Tuesday","Monday",7,3,2014,18,3,25,2014,11,6,2,2014,18,69,31,0,1
103629928,"Smart Golf",20000,"smart-golf","US","USD",FALSE,"Hardware","https://www.kickstarter.com/discover/categories/technology/hardware?ref=category_modal&sort=magic",2,2,"Sunday","Monday","Thursday",6,14,2015,19,4,20,2015,7,4,30,2015,19,10,45,1,1
1010535635,"NODE Chroma  a wireless color scanner for iOS and computers",15000,"node-chroma-an-accurate-bluetooth-40-color-sensor","US","USD",FALSE,"Hardware","https://www.kickstarter.com/discover/categories/technology/hardware?ref=category_modal&sort=magic",10,7,"Friday","Tuesday","Sunday",12,7,2012,19,10,23,2012,23,11,4,2012,22,11,32,0,1
769160557,"AQUA - World's Lightest Headphone Amplifier  Battery-free",16000,"aqua-worlds-lightest-headphone-amplifier","US","USD",FALSE,"Hardware","https://www.kickstarter.com/discover/categories/technology/hardware?ref=category_modal&sort=magic",7,7,"Monday","Tuesday","Tuesday",9,28,2015,9,7,7,2015,0,8,4,2015,9,28,55,0,1
1628517030,"RasPiO Duino Affordable Arduino Programming On Raspberry Pi",3456,"raspio-duino-affordable-arduino-programming-on-ras","GB","GBP",FALSE,"Hardware","https://www.kickstarter.com/discover/categories/technology/hardware?ref=category_modal&sort=magic",8,8,"Tuesday","Monday","Tuesday",3,3,2015,2,9,30,2013,11,2,10,2015,2,497,21,0,1.52522261
406282894,"The KADi Port - A Macbook Essential",15000,"the-kadi-port-a-macbook-essential","AU","AUD",FALSE,"Hardware","https://www.kickstarter.com/discover/categories/technology/hardware?ref=category_modal&sort=magic",7,7,"Tuesday","Sunday","Tuesday",6,23,2015,19,4,26,2015,20,5,19,2015,19,22,35,0,0.80140149
1036202724,"Whisper Node",15000,"whisper-node","AU","AUD",FALSE,"Hardware","https://www.kickstarter.com/discover/categories/technology/hardware?ref=category_modal&sort=magic",2,2,"Wednesday","Saturday","Monday",4,13,2016,16,2,6,2016,5,3,14,2016,16,37,30,0,0.75640677
52048209,"EMMA: The Retrofit Wheelchair Unit for the Masses",5000,"emma-the-retrofit-wheelchair-unit-for-the-masses","SG","SGD",FALSE,"Hardware","https://www.kickstarter.com/discover/categories/technology/hardware?ref=category_modal&sort=magic",8,6,"Thursday","Sunday","Tuesday",12,15,2016,6,10,23,2016,3,11,15,2016,6,23,30,0,0.70711656
388857383,"Mutliplatform/Multi OS Oscilloscope/Signal Generator",1000,"mutliplatform-multi-os-oscilloscope-signal-generat","US","USD",FALSE,"Hardware","https://www.kickstarter.com/discover/categories/technology/hardware?ref=category_modal&sort=magic",4,4,"Tuesday","Sunday","Tuesday",12,29,2015,18,11,8,2015,19,11,24,2015,18,15,35,0,1
1445180115,"Zuli Smartplugs",150000,"zuli-smartplugs","US","USD",FALSE,"Hardware","https://www.kickstarter.com/discover/categories/technology/hardware?ref=category_modal&sort=magic",2,2,"Saturday","Monday","Thursday",1,4,2014,11,11,4,2013,17,12,5,2013,11,30,30,1,1
885290979,"The Floating Globe Lamp",1000,"the-floating-globe-lamp","US","USD",FALSE,"Hardware","https://www.kickstarter.com/discover/categories/technology/hardware?ref=category_modal&sort=magic",4,4,"Saturday","Wednesday","Thursday",7,14,2012,16,5,16,2012,20,6,14,2012,16,28,30,1,1
303512768,"Jayster - Find your stuff using Bluetooth Smart technology.",3500,"jayster-find-your-stuff-using-bluetooth-smart-tech","US","USD",FALSE,"Hardware","https://www.kickstarter.com/discover/categories/technology/hardware?ref=category_modal&sort=magic",9,8,"Friday","Wednesday","Tuesday",9,13,2013,8,5,8,2013,18,7,30,2013,8,82,45,0,1
57417711,"RefloLeo",500,"refloleo","US","USD",FALSE,"Hardware","https://www.kickstarter.com/discover/categories/technology/hardware?ref=category_modal&sort=magic",1,1,"Wednesday","Monday","Monday",7,3,2013,19,5,27,2013,0,6,3,2013,19,7,30,0,1
1348528107,"RasPiO GPIO Quick Reference Ruler for Raspberry Pi RPi.GPIO",2468,"raspio-gpio-quick-reference-ruler-for-raspberry-pi","GB","GBP",FALSE,"Hardware","https://www.kickstarter.com/discover/categories/technology/hardware?ref=category_modal&sort=magic",9,8,"Saturday","Sunday","Tuesday",8,15,2015,2,5,10,2015,10,7,14,2015,2,64,32,1,1.55024819
571559806,"McChi Luggage: It's a Luggage  USB Charger and a Table Top",7500,"mcchi-luggage-its-a-luggage-usb-charger-and-a-tabl-0","US","USD",FALSE,"Hardware","https://www.kickstarter.com/discover/categories/technology/hardware?ref=category_modal&sort=magic",11,8,"Friday","Friday","Wednesday",5,1,2015,0,3,27,2015,9,4,1,2015,0,4,30,0,1
438899495,"Open Source Programmable Solar BMS Li-ion  LiFePO4 dev board",8000,"open-source-programmable-solar-bms-development-boa","CA","CAD",FALSE,"Hardware","https://www.kickstarter.com/discover/categories/technology/hardware?ref=category_modal&sort=magic",9,9,"Wednesday","Friday","Monday",4,23,2014,10,3,14,2014,1,3,24,2014,10,10,30,0,0.89122112
1471815363,"Rockit 88 - Intel CPU Delid Tool",600,"rockit-88-intel-cpu-delid-tool","US","USD",FALSE,"Hardware","https://www.kickstarter.com/discover/categories/technology/hardware?ref=category_modal&sort=magic",7,7,"Friday","Monday","Wednesday",4,15,2016,20,2,15,2016,14,3,16,2016,20,30,30,0,1
1501244710,"AON | Real Industrial 3D Printing",65000,"aon-real-industrial-3d-printing","CA","CAD",FALSE,"Hardware","https://www.kickstarter.com/discover/categories/technology/hardware?ref=category_modal&sort=magic",6,6,"Monday","Monday","Wednesday",12,21,2015,8,10,19,2015,17,11,25,2015,8,36,26,0,0.74889482
609529034,"FilterWatch - Energy Efficiency by Eliminating Waste",4000,"filterwatch-energy-efficiency-by-controlling-waste","US","USD",FALSE,"Hardware","https://www.kickstarter.com/discover/categories/technology/hardware?ref=category_modal&sort=magic",7,6,"Monday","Tuesday","Wednesday",11,18,2013,20,10,1,2013,17,10,9,2013,20,8,40,0,1
887575795,"Affordable Sherline / Taig ATC spindle head",3500,"affordable-sherline-atc-spindle-head","US","USD",FALSE,"Hardware","https://www.kickstarter.com/discover/categories/technology/hardware?ref=category_modal&sort=magic",7,7,"Sunday","Thursday","Tuesday",12,15,2013,16,11,14,2013,6,11,19,2013,17,5,25,1,1
393824825,"NeoLev™ - Hovering Board Toy That Actually Levitates!",10000,"neolevtm-miniature-hovering-board","US","USD",FALSE,"Hardware","https://www.kickstarter.com/discover/categories/technology/hardware?ref=category_modal&sort=magic",8,8,"Friday","Saturday","Tuesday",11,15,2013,9,9,7,2013,17,10,1,2013,9,23,45,0,1
1763858274,"The Fling: a desktop carbon fiber catapult",3500,"the-fling-a-desktop-carbon-fiber-catapult","US","USD",FALSE,"Hardware","https://www.kickstarter.com/discover/categories/technology/hardware?ref=category_modal&sort=magic",7,6,"Sunday","Monday","Tuesday",9,25,2011,15,8,15,2011,13,8,16,2011,15,1,40,1,1
1638288591,"Stereophone - A Multi-room Sound System",6000,"stereophone-a-multi-room-sound-system","US","USD",FALSE,"Hardware","https://www.kickstarter.com/discover/categories/technology/hardware?ref=category_modal&sort=magic",6,6,"Friday","Friday","Tuesday",9,13,2013,18,6,14,2013,14,8,13,2013,18,60,31,0,1
904563191,"3rd Person View camera mount for action cams GoPro and DSLR",10000,"3rd-person-view-action-cam-camera-mount-for-extrem-0","GB","GBP",FALSE,"Hardware","https://www.kickstarter.com/discover/categories/technology/hardware?ref=category_modal&sort=magic",10,8,"Monday","Friday","Saturday",2,18,2013,12,12,28,2012,10,1,19,2013,12,22,30,0,1.59788312
1885006420,"JaguarBoard: x86-based Single Board Computer",3000,"jaguarboard-x86-based-single-board-computer","US","USD",FALSE,"Hardware","https://www.kickstarter.com/discover/categories/technology/hardware?ref=category_modal&sort=magic",5,5,"Friday","Friday","Wednesday",1,22,2016,20,10,9,2015,22,12,23,2015,20,74,30,0,1
1777877427,"The Spin Case - A Refined Raspberry Pi Case",4000,"the-spin-case-a-refined-home-for-the-raspberry-pi","US","USD",FALSE,"Hardware","https://www.kickstarter.com/discover/categories/technology/hardware?ref=category_modal&sort=magic",9,9,"Saturday","Thursday","Wednesday",12,14,2013,17,6,6,2013,16,11,13,2013,17,160,31,1,1
360112706,"LockedUSB Adapter - USB Charger Firewall & Power Optimizer",9750,"lockedusb-adapter-usb-charger-firewall-and-power-o","US","USD",FALSE,"Hardware","https://www.kickstarter.com/discover/categories/technology/hardware?ref=category_modal&sort=magic",9,9,"Saturday","Thursday","Wednesday",9,21,2013,21,6,13,2013,9,8,21,2013,7,68,31,1,1
2042011582,"Super Arcade Controllers and Adapters for ColecoVision",9650,"super-arcade-controllers-and-adapters-for-colecovi","US","USD",FALSE,"Hardware","https://www.kickstarter.com/discover/categories/technology/hardware?ref=category_modal&sort=magic",7,5,"Friday","Sunday","Wednesday",2,19,2016,9,1,3,2016,10,1,20,2016,9,16,30,0,1
874926647,"The iLatch Ipad Case for iPad 1 & 2",7000,"the-ilatch-ipad-case-for-ipad-1-and-2","US","USD",FALSE,"Hardware","https://www.kickstarter.com/discover/categories/technology/hardware?ref=category_modal&sort=magic",9,8,"Monday","Thursday","Saturday",9,26,2011,9,8,25,2011,16,8,27,2011,9,1,30,0,1
1585697807,"IR-Blue - Thermal Imaging Smartphone Accessory",20000,"ir-blue-thermal-imaging-smartphone-accessory","US","USD",FALSE,"Hardware","https://www.kickstarter.com/discover/categories/technology/hardware?ref=category_modal&sort=magic",6,6,"Sunday","Monday","Friday",1,13,2013,14,9,3,2012,23,12,14,2012,14,101,30,1,1
1937857042,"Control Panel & Case for Microprocessor Devices",1200,"modular-control-panel-for-microprocessor-devices","US","USD",FALSE,"Hardware","https://www.kickstarter.com/discover/categories/technology/hardware?ref=category_modal&sort=magic",7,6,"Monday","Thursday","Thursday",3,3,2014,23,12,26,2013,8,1,30,2014,23,35,32,0,1
491578485,"USB Power Adapter/Charger",2000,"usb-power-adapter-charger","US","USD",FALSE,"Hardware","https://www.kickstarter.com/discover/categories/technology/hardware?ref=category_modal&sort=magic",3,3,"Saturday","Monday","Monday",9,21,2013,22,10,8,2012,14,8,12,2013,22,308,40,1,1
1088399995,"SpinFX: Persistence of Vision Poi and Phoenix LED Hoop",10000,"spinfx-persistence-of-vision-poi-and-phoenix-led-h","US","USD",FALSE,"Hardware","https://www.kickstarter.com/discover/categories/technology/hardware?ref=category_modal&sort=magic",9,7,"Thursday","Saturday","Tuesday",1,10,2013,20,10,20,2012,15,12,11,2012,20,52,30,0,1
1722010960,"KREATION Vacuum Former: Make plastic prototypes and toys",5000,"kreation-vacuum-former-make-plastic-prototypes-and","US","USD",FALSE,"Hardware","https://www.kickstarter.com/discover/categories/technology/hardware?ref=category_modal&sort=magic",8,7,"Friday","Sunday","Wednesday",5,10,2013,16,1,13,2013,3,4,10,2013,16,87,30,0,1
784406890,"open source smd parts feeders",1500,"open-source-smd-parts-feeders","US","USD",FALSE,"Hardware","https://www.kickstarter.com/discover/categories/technology/hardware?ref=category_modal&sort=magic",5,5,"Friday","Monday","Wednesday",8,24,2012,13,7,23,2012,19,7,25,2012,13,1,30,0,1
1145397539,"SolidSuit: Leather Finish Impact Protection Case for iPhone",6000,"solidsuit-leather-finish-impact-protection-case-fo","GB","GBP",FALSE,"Hardware","https://www.kickstarter.com/discover/categories/technology/hardware?ref=category_modal&sort=magic",8,7,"Thursday","Sunday","Thursday",4,21,2016,8,4,14,2013,18,3,17,2016,8,1067,35,0,1.41378925
1240561939,"HarvestGeek -- Brains for your Garden",25000,"harvestgeek-brains-for-your-garden","US","USD",FALSE,"Hardware","https://www.kickstarter.com/discover/categories/technology/hardware?ref=category_modal&sort=magic",6,4,"Sunday","Saturday","Friday",2,24,2013,10,9,22,2012,12,1,25,2013,10,124,30,1,1
81023186,"Maximite BBX  - The Modern Day BASIC Language Computer",10000,"maximite-bbx-the-modern-day-basic-language-compute","US","USD",FALSE,"Hardware","https://www.kickstarter.com/discover/categories/technology/hardware?ref=category_modal&sort=magic",9,9,"Wednesday","Saturday","Saturday",4,2,2014,14,12,28,2013,8,2,1,2014,14,35,60,0,1
1676585784,"Moff: a wearable smart toy changes everything into toys",20000,"moff-a-wearable-smart-toy-changes-everything-into","US","USD",FALSE,"Hardware","https://www.kickstarter.com/discover/categories/technology/hardware?ref=category_modal&sort=magic",9,7,"Wednesday","Wednesday","Monday",4,9,2014,18,2,19,2014,21,3,10,2014,18,18,30,0,1
88770911,"Civility Yoyo - YoTricks.com",3500,"civility-yoyo-yotrickscom","US","USD",FALSE,"Hardware","https://www.kickstarter.com/discover/categories/technology/hardware?ref=category_modal&sort=magic",4,4,"Sunday","Thursday","Monday",2,10,2013,23,12,20,2012,23,1,7,2013,14,17,34,1,1
1717712774,"Open Source Universal 3D Printer Extruder | DUAL EXTRUSION |",5000,"open-source-universal-3d-printer-extruder-dual-ext","US","USD",FALSE,"Hardware","https://www.kickstarter.com/discover/categories/technology/hardware?ref=category_modal&sort=magic",10,10,"Thursday","Thursday","Wednesday",7,5,2012,22,4,12,2012,11,6,6,2012,22,55,29,0,1
577440097,"FixMeStick for Mac",50000,"fixmestick-for-mac","CA","CAD",FALSE,"Hardware","https://www.kickstarter.com/discover/categories/technology/hardware?ref=category_modal&sort=magic",3,2,"Friday","Friday","Wednesday",2,14,2014,12,11,22,2013,13,1,15,2014,12,53,30,0,0.91864228
298855518,"Wireless Power Hobby Kit",2000,"wireless-power-hobby-kit","US","USD",FALSE,"Hardware","https://www.kickstarter.com/discover/categories/technology/hardware?ref=category_modal&sort=magic",4,4,"Monday","Friday","Saturday",8,12,2013,9,5,24,2013,23,7,13,2013,9,49,30,0,1
261371655,"Mini-ITX Motherboard for the Raspberry Pi - Fairywren",5000,"mini-itx-motherboard-for-the-raspberry-pi-fairywre","GB","GBP",FALSE,"Hardware","https://www.kickstarter.com/discover/categories/technology/hardware?ref=category_modal&sort=magic",8,6,"Saturday","Thursday","Monday",8,10,2013,18,5,16,2013,18,7,1,2013,18,45,40,1,1.52113927
308717806,"Best Dog Gift Ever - Never Carry A Dirty Doggy Bag Again!",1000,"best-dog-gift-ever-never-carry-a-dirty-doggy-bag-a","US","USD",FALSE,"Hardware","https://www.kickstarter.com/discover/categories/technology/hardware?ref=category_modal&sort=magic",12,12,"Thursday","Thursday","Sunday",3,31,2016,21,5,7,2015,12,1,31,2016,21,269,60,0,1
1218156736,"The Easyhook Driver Bit; Easy Cuphook Installation",500,"the-easyhook-driver-bit-easy-cuphook-installation","US","USD",FALSE,"Hardware","https://www.kickstarter.com/discover/categories/technology/hardware?ref=category_modal&sort=magic",7,7,"Wednesday","Wednesday","Sunday",11,12,2014,12,9,24,2014,15,9,28,2014,12,3,45,0,1
1491053235,"Single button  capacitive touch point  with digital output.",2000,"single-button-capacitive-touch-point-with-digital","US","USD",FALSE,"Hardware","https://www.kickstarter.com/discover/categories/technology/hardware?ref=category_modal&sort=magic",8,7,"Saturday","Friday","Thursday",8,31,2013,20,7,12,2013,20,8,1,2013,20,19,30,1,1
287709298,"Linus: The Artistic Robot.",5000,"linus-the-artistic-robot","US","USD",FALSE,"Hardware","https://www.kickstarter.com/discover/categories/technology/hardware?ref=category_modal&sort=magic",4,4,"Tuesday","Monday","Thursday",2,4,2014,15,11,18,2013,0,12,26,2013,15,38,40,0,1
1282033073,"Ola fingerprint smart lock. Open the door to the future.",125000,"ola-fingerprint-smart-lock-open-the-door-to-the-fu","US","USD",FALSE,"Hardware","https://www.kickstarter.com/discover/categories/technology/hardware?ref=category_modal&sort=magic",10,7,"Thursday","Thursday","Monday",7,23,2015,3,4,16,2015,21,6,8,2015,3,52,45,0,1
1870260559,"MyPiFi LCD Board support for RaspberryPi -FUNDED final hours",2000,"mypifi-lcd-board-support","GB","GBP",FALSE,"Hardware","https://www.kickstarter.com/discover/categories/technology/hardware?ref=category_modal&sort=magic",9,8,"Monday","Sunday","Wednesday",9,29,2014,16,8,17,2014,10,8,20,2014,16,3,40,0,1.67208702
1715460467,"SubPac - Portable Tactile Audio Technology",75000,"subpac-portable-tactile-audio-technology","US","USD",FALSE,"Hardware","https://www.kickstarter.com/discover/categories/technology/hardware?ref=category_modal&sort=magic",6,6,"Saturday","Thursday","Tuesday",4,6,2013,22,2,7,2013,1,3,5,2013,11,26,32,1,1
20022047,"iPhone7 inVIIctus batterycase customize 3D printed top cover",5000,"iphone7-inviictus-batterycase-customize-3d-printed","US","USD",FALSE,"Hardware","https://www.kickstarter.com/discover/categories/technology/hardware?ref=category_modal&sort=magic",8,8,"Saturday","Friday","Tuesday",11,5,2016,22,9,2,2016,0,9,6,2016,22,4,60,1,1
1408912832,"SRF Shield - Instant wireless networking for Arduino",8000,"srf-shield-instant-wireless-networking-for-arduino","GB","GBP",FALSE,"Hardware","https://www.kickstarter.com/discover/categories/technology/hardware?ref=category_modal&sort=magic",8,7,"Saturday","Thursday","Thursday",6,7,2014,10,11,14,2013,9,5,8,2014,10,175,30,1,1.69727418
239599173,"WakaWaka Power: the Best Compact Solar Power Station & Light",50000,"wakawaka-power-the-best-compact-solar-power-statio","US","USD",FALSE,"Hardware","https://www.kickstarter.com/discover/categories/technology/hardware?ref=category_modal&sort=magic",10,9,"Friday","Friday","Wednesday",1,11,2013,14,11,30,2012,5,12,12,2012,14,12,30,0,1
1998460256,"MINI EMU: All-in-One Retro Game Console (Raspberry Pi)",4900,"mini-emu-all-in-one-retro-game-console-raspberry-p","IE","EUR",FALSE,"Hardware","https://www.kickstarter.com/discover/categories/technology/hardware?ref=category_modal&sort=magic",8,8,"Wednesday","Sunday","Tuesday",5,6,2015,15,2,15,2015,13,3,17,2015,15,30,50,0,1.05237569
619517269,"Kapture:  the audio-recording wristband",150000,"kapture-the-audio-recording-wristband","US","USD",FALSE,"Hardware","https://www.kickstarter.com/discover/categories/technology/hardware?ref=category_modal&sort=magic",4,3,"Thursday","Monday","Tuesday",10,3,2013,11,7,22,2013,10,9,3,2013,11,43,30,0,1
1706707152,"Bluetooth ZX Spectrum: Recreating the Sinclair ZX Spectrum",60000,"bluetooth-zx-spectrum-recreating-the-sinclair-zx-s","GB","GBP",FALSE,"Hardware","https://www.kickstarter.com/discover/categories/technology/hardware?ref=category_modal&sort=magic",8,7,"Friday","Thursday","Sunday",1,31,2014,16,11,14,2013,11,12,22,2013,12,38,40,0,1.63331172
1034630006,"EMDO can do  your Energy Manager for Renewable Energy",3000,"emdo-can-do-your-energy-manager-for-renewable-ener","CH","CHF",FALSE,"Hardware","https://www.kickstarter.com/discover/categories/technology/hardware?ref=category_modal&sort=magic",9,6,"Saturday","Tuesday","Tuesday",1,16,2016,8,8,4,2015,15,11,17,2015,8,104,60,1,0.99296484
26443598,"LIGHTORS: The world's first MONSTER Batteries!",15000,"lightors-the-worlds-first-monster-batteries","US","USD",FALSE,"Hardware","https://www.kickstarter.com/discover/categories/technology/hardware?ref=category_modal&sort=magic",6,6,"Saturday","Tuesday","Wednesday",3,14,2015,16,2,3,2015,1,2,11,2015,16,8,31,1,1
1562480378,"ZEROHOUR: Modular Tactical USB Battery Backup Flashlight",1e+05,"zerohour-modular-tactical-battery-backup-flashligh","US","USD",FALSE,"Hardware","https://www.kickstarter.com/discover/categories/technology/hardware?ref=category_modal&sort=magic",7,7,"Monday","Wednesday","Monday",12,23,2013,21,10,2,2013,14,11,18,2013,21,47,35,0,1
337641804,"GranClair 3D Curved Glass iPhone6 / 6 Plus Screen Protector",10000,"granclairs-noble-glass-3d-iphone-6-6plus-screen-pr","US","USD",FALSE,"Hardware","https://www.kickstarter.com/discover/categories/technology/hardware?ref=category_modal&sort=magic",10,10,"Friday","Wednesday","Tuesday",6,19,2015,3,5,13,2015,3,5,19,2015,3,6,31,0,1
136791303,"OBDLink MX WiFi: A Wireless Gateway to Vehicle OBD Networks",35000,"obdlink-mx-wifi-a-wireless-gateway-to-vehicle-obd","US","USD",FALSE,"Hardware","https://www.kickstarter.com/discover/categories/technology/hardware?ref=category_modal&sort=magic",10,9,"Wednesday","Wednesday","Monday",3,5,2014,8,8,7,2013,13,2,3,2014,8,179,30,0,1
418950549,"Nevada County's Railroad Turntable-Spectacular",9500,"nevada-countys-railroad-turntable-spectacular","US","USD",FALSE,"Hardware","https://www.kickstarter.com/discover/categories/technology/hardware?ref=category_modal&sort=magic",4,4,"Tuesday","Sunday","Tuesday",8,4,2015,15,6,14,2015,17,7,14,2015,15,29,21,0,1
735863605,"Wet diaper detector keychain  children and nursing homes",500,"wet-diaper-detector-keychain-children-and-nursing","US","USD",FALSE,"Hardware","https://www.kickstarter.com/discover/categories/technology/hardware?ref=category_modal&sort=magic",8,7,"Thursday","Monday","Tuesday",2,20,2014,20,1,6,2014,15,1,21,2014,20,15,30,0,1
1659662527,"PicGlu a New Tool for Better Selfies",1000,"picglu-a-new-tool-for-better-selfies","CA","CAD",FALSE,"Hardware","https://www.kickstarter.com/discover/categories/technology/hardware?ref=category_modal&sort=magic",7,5,"Tuesday","Tuesday","Tuesday",12,8,2015,7,9,29,2015,12,11,17,2015,7,48,21,0,0.75085504
107703434,"SecondSkin Ghost: Private Screen Protection",2500,"secondskin-ghost-privacy-screen-protector-0","GB","GBP",FALSE,"Hardware","https://www.kickstarter.com/discover/categories/technology/hardware?ref=category_modal&sort=magic",5,5,"Sunday","Thursday","Friday",3,6,2016,20,1,21,2016,12,2,5,2016,20,15,30,1,1.45850623
80110100,"Gi Bike: The light  full-size  electric  folding bike",4e+05,"gi-bike-the-light-full-size-electric-folding-bike","US","USD",TRUE,"Hardware","https://www.kickstarter.com/discover/categories/technology/hardware?ref=category_modal&sort=magic",8,8,"Thursday","Monday","Tuesday",6,12,2014,0,3,3,2014,15,5,13,2014,0,70,30,0,1
1249317992,"Fabroot - Making 3D Fabrication Available to Everyone!",1100,"experience-the-future-of-3d-fabrication","US","USD",TRUE,"Hardware","https://www.kickstarter.com/discover/categories/technology/hardware?ref=category_modal&sort=magic",8,7,"Saturday","Thursday","Thursday",10,31,2009,18,10,1,2009,18,10,1,2009,19,0,29,1,1
1222567604,"Altered V3 DS - World's First Dual Sport Electric Skateboard",50000,"altered-v3-ds-worlds-first-dual-sport-electric-ska","US","USD",TRUE,"Hardware","https://www.kickstarter.com/discover/categories/technology/hardware?ref=category_modal&sort=magic",10,10,"Friday","Thursday","Tuesday",11,22,2013,22,6,13,2013,17,10,22,2013,14,130,31,0,1
1910376333,"New Bike Technology: Brizzly Electric SPORTS TRUCK",1e+05,"brizzlyelectrictrike","US","USD",TRUE,"Hardware","https://www.kickstarter.com/discover/categories/technology/hardware?ref=category_modal&sort=magic",7,7,"Saturday","Saturday","Thursday",7,26,2014,18,7,13,2013,7,6,26,2014,18,348,30,1,1
975377124,"Project-Pyxis  -  a standalone ambient backlight for your TV",86000,"project-pyxis-a-standalone-ambient-backlight-for-y","US","USD",FALSE,"Hardware","https://www.kickstarter.com/discover/categories/technology/hardware?ref=category_modal&sort=magic",9,6,"Monday","Saturday","Saturday",11,16,2015,10,3,21,2015,3,10,17,2015,10,210,30,0,1
1592599470,"Xman - The reinvention of a tool called a Carpenters Level",60000,"xman-the-worlds-most-innovative-level-in-over-100","US","USD",FALSE,"Hardware","https://www.kickstarter.com/discover/categories/technology/hardware?ref=category_modal&sort=magic",11,8,"Thursday","Friday","Tuesday",11,19,2015,14,10,9,2015,21,10,20,2015,14,10,30,0,1
1150630348,"Open Source Graphics Processor (GPU)",2e+05,"open-source-graphics-processor-gpu","US","USD",FALSE,"Hardware","https://www.kickstarter.com/discover/categories/technology/hardware?ref=category_modal&sort=magic",5,5,"Saturday","Monday","Wednesday",11,23,2013,5,9,16,2013,6,10,9,2013,5,22,45,1,1
1837541169,"KB Mount - Smartphone Mount for DSLR Cameras",3000,"kb-mount-smartphone-mount-for-dslr-cameras","US","USD",FALSE,"Hardware","https://www.kickstarter.com/discover/categories/technology/hardware?ref=category_modal&sort=magic",8,7,"Sunday","Friday","Wednesday",1,19,2014,22,12,6,2013,11,12,18,2013,14,12,32,1,1
2006979688,"I0N - An Open Source ARM Board With Over 100 GPIO Pins",1000,"i0n-an-open-source-arm-board-with-over-100-gpio-pi","US","USD",FALSE,"Hardware","https://www.kickstarter.com/discover/categories/technology/hardware?ref=category_modal&sort=magic",12,12,"Tuesday","Wednesday","Friday",7,26,2016,14,6,29,2016,18,7,1,2016,14,1,25,0,1
1626387306,"Be.e - The BioScooter",150000,"bee-the-bioscooter","NL","EUR",TRUE,"Hardware","https://www.kickstarter.com/discover/categories/technology/hardware?ref=category_modal&sort=magic",4,4,"Monday","Tuesday","Friday",8,18,2014,5,4,22,2014,10,7,4,2014,5,72,45,0,1.36532192
113347053,"Smart Connect",2e+06,"smart-connect","NO","NOK",TRUE,"Hardware","https://www.kickstarter.com/discover/categories/technology/hardware?ref=category_modal&sort=magic",2,2,"Wednesday","Tuesday","Monday",11,26,2014,3,9,16,2014,16,10,27,2014,3,40,30,0,0.15156657
665236161,"Basic logic gate for building Arduino  students and study",10000,"logix-training-aids-for-students-in-designing-logi","US","USD",TRUE,"Hardware","https://www.kickstarter.com/discover/categories/technology/hardware?ref=category_modal&sort=magic",9,7,"Thursday","Wednesday","Tuesday",11,27,2014,21,9,10,2014,9,10,28,2014,21,48,30,0,1
1271244479,"XLR8: Arduino-compatible FPGA-based Application Accelerator",50000,"xlr8-arduino-compatible-fpga-based-application-acc","US","USD",TRUE,"Hardware","https://www.kickstarter.com/discover/categories/technology/hardware?ref=category_modal&sort=magic",5,5,"Monday","Monday","Monday",11,30,2015,23,9,28,2015,13,11,2,2015,15,35,28,0,1
936496503,"WebEye VR: The World's First Virtual Reality Webcam",40000,"webeye-vr-the-worlds-first-virtual-reality-webcam","US","USD",TRUE,"Hardware","https://www.kickstarter.com/discover/categories/technology/hardware?ref=category_modal&sort=magic",8,8,"Friday","Tuesday","Monday",4,1,2016,12,2,23,2016,16,3,7,2016,12,12,25,0,1
739416986,"AWIRE™ - SHARE THE ADVENTURE",125000,"awiretm-share-the-adventure","CA","CAD",TRUE,"Hardware","https://www.kickstarter.com/discover/categories/technology/hardware?ref=category_modal&sort=magic",5,5,"Friday","Tuesday","Wednesday",5,8,2015,16,2,24,2015,9,4,8,2015,16,43,30,0,0.8019825
390059011,"Zilker: Intelligent irrigation  without a sprinkler system.",260000,"zilker-intelligent-irrigation-without-a-sprinkler","US","USD",TRUE,"Hardware","https://www.kickstarter.com/discover/categories/technology/hardware?ref=category_modal&sort=magic",7,6,"Tuesday","Monday","Friday",5,24,2016,23,9,22,2014,15,4,22,2016,7,577,32,0,1
2735809,"Supercritical CO2 Turbine Generator",1300000,"supercritical-co2-turbine-generator","US","USD",FALSE,"Hardware","https://www.kickstarter.com/discover/categories/technology/hardware?ref=category_modal&sort=magic",4,4,"Wednesday","Wednesday","Monday",7,24,2013,14,5,22,2013,12,6,24,2013,14,33,30,0,1
282301162,"GreenResolve Home Energy Monitor",250000,"greenresolve-home-energy-monitor","US","USD",FALSE,"Hardware","https://www.kickstarter.com/discover/categories/technology/hardware?ref=category_modal&sort=magic",4,4,"Sunday","Saturday","Saturday",1,31,2016,22,2,21,2015,13,12,26,2015,7,307,36,1,1
2085081870,"Fiona: Your voice has never been this powerful",1e+05,"fiona-your-voice-has-never-been-this-powerful-0","US","USD",FALSE,"Hardware","https://www.kickstarter.com/discover/categories/technology/hardware?ref=category_modal&sort=magic",8,5,"Saturday","Tuesday","Monday",7,27,2013,8,3,19,2013,2,6,17,2013,8,90,40,1,1
1742372406,"RappiDelta Large format delta 3d printer-join the revolution",50000,"rappidelta-large-format-delta-3d-printer-join-the","GB","GBP",FALSE,"Hardware","https://www.kickstarter.com/discover/categories/technology/hardware?ref=category_modal&sort=magic",8,7,"Friday","Thursday","Wednesday",5,3,2013,12,3,14,2013,11,4,3,2013,12,20,30,0,1.52387454
753855544,"WeGrow WaterElf: Grow Clean Food  Fast!",22425,"wegrow-waterelf-grow-clean-food-fast","GB","GBP",FALSE,"Hardware","https://www.kickstarter.com/discover/categories/technology/hardware?ref=category_modal&sort=magic",6,6,"Wednesday","Thursday","Sunday",10,19,2016,18,6,18,2015,8,9,18,2016,18,458,31,0,1.30022104
687939149,"Motorcycle Powered Chariot",40000,"motorcycle-powered-chariot-0","US","USD",FALSE,"Hardware","https://www.kickstarter.com/discover/categories/technology/hardware?ref=category_modal&sort=magic",3,3,"Friday","Tuesday","Monday",12,10,2010,22,9,14,2010,19,10,11,2010,22,27,60,0,1
680069210,"Atoms at School",23650,"atoms-at-school","IT","EUR",FALSE,"Hardware","https://www.kickstarter.com/discover/categories/technology/hardware?ref=category_modal&sort=magic",3,2,"Thursday","Tuesday","Thursday",4,14,2016,9,3,1,2016,8,3,3,2016,9,2,42,0,1.0862481
845204466,"Cubes  military tough secure modular solar power anywhere!",11700,"cubes-military-tough-secure-modular-solar-power-an","US","USD",FALSE,"Hardware","https://www.kickstarter.com/discover/categories/technology/hardware?ref=category_modal&sort=magic",8,8,"Saturday","Saturday","Tuesday",3,8,2014,23,12,28,2013,22,2,4,2014,14,37,32,1,1
720136345,"LiteUpBase: add aura to objects on display!!!!!",15000,"liteupbase-add-aura-to-objects-on-display","US","USD",FALSE,"Hardware","https://www.kickstarter.com/discover/categories/technology/hardware?ref=category_modal&sort=magic",7,5,"Monday","Tuesday","Saturday",7,8,2013,14,3,5,2013,14,6,8,2013,14,95,30,0,1
1054989753,"SolAir - free driving on air  solar compressed air cars -",85000,"solair-free-driving-on-air-solar-compressed-air-ca","AU","AUD",FALSE,"Hardware","https://www.kickstarter.com/discover/categories/technology/hardware?ref=category_modal&sort=magic",11,10,"Sunday","Wednesday","Thursday",9,7,2014,19,7,16,2014,0,7,24,2014,19,8,45,1,0.9431631
467509081,"Pam the Historic Pearling Lugger",25000,"pam-the-historic-pearling-lugger","AU","AUD",FALSE,"Hardware","https://www.kickstarter.com/discover/categories/technology/hardware?ref=category_modal&sort=magic",5,4,"Saturday","Monday","Tuesday",9,6,2014,21,7,7,2014,2,7,8,2014,21,1,60,1,0.93544144
1451830804,"Houses for Hurricane Victims",1600,"houses-for-hurricane-victims","US","USD",FALSE,"Hardware","https://www.kickstarter.com/discover/categories/technology/hardware?ref=category_modal&sort=magic",4,3,"Monday","Sunday","Wednesday",2,1,2010,18,11,29,2009,18,12,2,2009,12,2,61,0,1
598965481,"Revolution Motorcycle/ATV Trailer - Going Green Can Be Fun!",40000,"revolution-motorcycle-atv-trailer-going-green-can","US","USD",FALSE,"Hardware","https://www.kickstarter.com/discover/categories/technology/hardware?ref=category_modal&sort=magic",9,9,"Monday","Tuesday","Thursday",7,6,2015,1,5,26,2015,1,5,28,2015,15,2,38,0,1
935030358,"Solar Hot Tub Kit - designs for distribution and accessories",275000,"solar-hot-tub-kit-designs-for-distribution-and-acc","US","USD",FALSE,"Hardware","https://www.kickstarter.com/discover/categories/technology/hardware?ref=category_modal&sort=magic",10,8,"Thursday","Wednesday","Tuesday",8,7,2014,11,7,2,2014,9,7,8,2014,11,6,30,0,1
309973564,"Light Sound Duality",217000,"light-sound-duality","CA","CAD",FALSE,"Hardware","https://www.kickstarter.com/discover/categories/technology/hardware?ref=category_modal&sort=magic",3,3,"Saturday","Saturday","Friday",11,1,2014,0,2,1,2014,11,9,26,2014,8,236,35,1,0.90277395
767285572,"Romanian Cherry G83-6104 / G83-6105 Keyboard",5460,"romanian-cherry-g83-6104-g83-6105-keyboard","DE","EUR",FALSE,"Hardware","https://www.kickstarter.com/discover/categories/technology/hardware?ref=category_modal&sort=magic",6,6,"Tuesday","Wednesday","Monday",1,24,2017,23,12,7,2016,17,12,19,2016,23,12,36,0,1.04612468
885658613,"Robot Legs for the Disabled",10000,"robot-legs-for-the-disabled","US","USD",FALSE,"Hardware","https://www.kickstarter.com/discover/categories/technology/hardware?ref=category_modal&sort=magic",5,3,"Monday","Thursday","Thursday",3,1,2010,23,12,3,2009,3,12,3,2009,3,0,88,0,1
192980829,"Computer/Video Game Museum",25000,"computer-video-game-museum","US","USD",FALSE,"Hardware","https://www.kickstarter.com/discover/categories/technology/hardware?ref=category_modal&sort=magic",3,3,"Friday","Thursday","Wednesday",4,11,2014,15,2,6,2014,8,3,12,2014,15,34,30,0,1
1509911622,"canexIO  extend and  expand your project's reach",2040,"canexio-extend-and-expand-your-projects-reach","US","USD",FALSE,"Hardware","https://www.kickstarter.com/discover/categories/technology/hardware?ref=category_modal&sort=magic",7,5,"Thursday","Sunday","Sunday",2,27,2014,8,1,12,2014,12,1,26,2014,8,13,32,0,1
722042720,"Amber: Stay Charged. Stay Connected.",50000,"amber-stay-charged-stay-connected","US","USD",FALSE,"Hardware","https://www.kickstarter.com/discover/categories/technology/hardware?ref=category_modal&sort=magic",5,5,"Friday","Thursday","Friday",10,31,2014,18,2,13,2014,23,9,26,2014,18,224,35,0,1
1698906916,"Science Fair Project - Solar Powered Go Kart",2500,"science-fair-project-solar-powered-go-cart","US","USD",FALSE,"Hardware","https://www.kickstarter.com/discover/categories/technology/hardware?ref=category_modal&sort=magic",8,8,"Wednesday","Wednesday","Monday",2,27,2013,13,1,16,2013,10,1,28,2013,13,12,30,0,1
951505967,"Sip'n Puff Arduino Shield",3000,"sipn-puff-arduino-shield","US","USD",FALSE,"Hardware","https://www.kickstarter.com/discover/categories/technology/hardware?ref=category_modal&sort=magic",4,4,"Wednesday","Wednesday","Monday",5,23,2012,19,4,11,2012,20,4,23,2012,19,11,30,0,1
298435947,"BBiQ™: A Brain for Your Barbecue",75000,"bbiqtm-a-brain-for-your-barbecue","US","USD",FALSE,"Hardware","https://www.kickstarter.com/discover/categories/technology/hardware?ref=category_modal&sort=magic",6,5,"Monday","Tuesday","Monday",8,26,2013,8,6,18,2013,20,7,15,2013,8,26,42,0,1
439376365,"GHT Transport Logger",35000,"ght-transport-logger","US","USD",FALSE,"Hardware","https://www.kickstarter.com/discover/categories/technology/hardware?ref=category_modal&sort=magic",3,3,"Wednesday","Monday","Monday",4,24,2013,3,3,4,2013,14,3,25,2013,3,20,30,0,1
617978296,"Bagrak the Car Boot Organiser",50000,"bagrak-the-car-boot-organiser","GB","GBP",FALSE,"Hardware","https://www.kickstarter.com/discover/categories/technology/hardware?ref=category_modal&sort=magic",5,4,"Wednesday","Thursday","Monday",2,3,2016,11,7,2,2015,8,1,4,2016,11,186,30,0,1.47603437
91742888,"FREE ENERGY",75000,"solar-seeker","US","USD",FALSE,"Hardware","https://www.kickstarter.com/discover/categories/technology/hardware?ref=category_modal&sort=magic",2,2,"Thursday","Thursday","Tuesday",7,3,2014,12,5,22,2014,18,6,3,2014,12,11,30,0,1
1569080569,"Flexible Wireless Charger",1e+05,"flexible-wireless-charger","US","USD",FALSE,"Hardware","https://www.kickstarter.com/discover/categories/technology/hardware?ref=category_modal&sort=magic",3,3,"Wednesday","Tuesday","Sunday",7,3,2013,21,4,23,2013,2,5,19,2013,21,26,45,0,1
619969720,"Netonos Note: Amplify your Sonos",80000,"netonos-note-amplify-your-sonos","US","USD",FALSE,"Hardware","https://www.kickstarter.com/discover/categories/technology/hardware?ref=category_modal&sort=magic",5,4,"Thursday","Friday","Wednesday",6,18,2015,21,4,24,2015,7,5,20,2015,6,25,29,0,1
1867582139,"Intelligent Dimmer Controller 4 (InDiCo4)",75000,"intelligent-dimmer-controller-4-indico4","DK","DKK",FALSE,"Hardware","https://www.kickstarter.com/discover/categories/technology/hardware?ref=category_modal&sort=magic",5,5,"Monday","Saturday","Thursday",1,25,2016,14,10,31,2015,6,11,26,2015,14,26,60,0,0.14293901
762601515,"THEO POWER - Wireless Rechargeable Backup Battery Solution",25000,"theo-power-wireless-rechargeable-backup-battery-so","US","USD",FALSE,"Hardware","https://www.kickstarter.com/discover/categories/technology/hardware?ref=category_modal&sort=magic",8,8,"Saturday","Monday","Wednesday",6,7,2014,10,3,3,2014,17,4,23,2014,10,50,45,1,1
1687325364,"TROCADÉRO-FIXIE",49500,"trocadero-fixie","FR","EUR",FALSE,"Hardware","https://www.kickstarter.com/discover/categories/technology/hardware?ref=category_modal&sort=magic",1,1,"Wednesday","Sunday","Friday",8,3,2016,17,6,19,2016,12,7,1,2016,17,12,33,0,1.11141984
217500792,"""Quick Response"" - helidrop oilboom",3e+05,"quick-response-helidrop-oilboom","NO","NOK",FALSE,"Hardware","https://www.kickstarter.com/discover/categories/technology/hardware?ref=category_modal&sort=magic",5,5,"Wednesday","Thursday","Monday",11,19,2014,17,9,25,2014,14,10,20,2014,17,25,30,0,0.15280069
495311683,"SetupEye - A Revolutionary Breakthrough in Golf Alignment.",45000,"setupeye-a-revolutionary-breakthrough-in-golf-alig","IE","EUR",FALSE,"Hardware","https://www.kickstarter.com/discover/categories/technology/hardware?ref=category_modal&sort=magic",8,7,"Friday","Wednesday","Tuesday",3,18,2016,10,4,1,2015,7,2,2,2016,10,307,45,0,1.08475282
977161794,"Smartphone Spectroscope",20000,"smartphone-spectroscope","US","USD",FALSE,"Hardware","https://www.kickstarter.com/discover/categories/technology/hardware?ref=category_modal&sort=magic",2,2,"Sunday","Thursday","Wednesday",3,6,2016,13,8,27,2015,9,1,6,2016,13,132,60,1,1
101231027,"TireBuddy",1800,"tirebuddy","US","USD",FALSE,"Hardware","https://www.kickstarter.com/discover/categories/technology/hardware?ref=category_modal&sort=magic",1,1,"Monday","Monday","Tuesday",11,25,2013,7,9,9,2013,7,11,5,2013,7,56,20,0,1
1176784663,"PowerPi - Raspberry Pi Powered Case",2000,"powerpi-raspberry-pi-powered-case","GB","GBP",FALSE,"Hardware","https://www.kickstarter.com/discover/categories/technology/hardware?ref=category_modal&sort=magic",6,6,"Tuesday","Wednesday","Sunday",12,13,2016,17,10,26,2016,3,11,13,2016,17,18,30,0,1.2601791
726725445,"SoliCharger-SP",15000,"solicharger-sp","US","USD",FALSE,"Hardware","https://www.kickstarter.com/discover/categories/technology/hardware?ref=category_modal&sort=magic",1,1,"Sunday","Monday","Friday",3,18,2012,18,12,19,2011,16,2,17,2012,18,60,30,1,1
1728173678,"The Amazing SMOT",3500,"the-amazing-smot","US","USD",FALSE,"Hardware","https://www.kickstarter.com/discover/categories/technology/hardware?ref=category_modal&sort=magic",3,3,"Friday","Wednesday","Wednesday",6,8,2012,17,4,25,2012,0,5,9,2012,17,14,30,0,1
2141243781,"Bangfish Truck Co. - Suspension Truck for Skateboards",50000,"bangfish-truck-co-suspension-truck-for-skateboards","US","USD",FALSE,"Hardware","https://www.kickstarter.com/discover/categories/technology/hardware?ref=category_modal&sort=magic",8,7,"Monday","Saturday","Saturday",1,23,2017,11,10,3,2015,3,12,24,2016,11,448,30,0,1
1667604765,"the America2wo Robots: Green Independence for All",5800,"the-america2wo-robots-green-independence-for-all","US","USD",FALSE,"Hardware","https://www.kickstarter.com/discover/categories/technology/hardware?ref=category_modal&sort=magic",7,5,"Sunday","Thursday","Friday",6,19,2011,11,5,19,2011,4,5,20,2011,11,1,30,1,1
679079147,"7300 SuperVault: File and Folder Encryption USB Hardware KEY",20000,"7300-supervault-file-and-folder-encryption-usb-har","US","USD",FALSE,"Hardware","https://www.kickstarter.com/discover/categories/technology/hardware?ref=category_modal&sort=magic",9,8,"Sunday","Wednesday","Friday",3,17,2013,23,12,26,2012,19,2,15,2013,23,51,30,1,1
1160323154,"MultiDesk Smart Height Adjustable Workstation",50000,"multidesk-smart-height-adjustable-workstation-0","CA","CAD",FALSE,"Hardware","https://www.kickstarter.com/discover/categories/technology/hardware?ref=category_modal&sort=magic",5,5,"Monday","Sunday","Tuesday",9,26,2016,11,8,21,2016,11,8,23,2016,13,2,33,0,0.77462334
1644379965,"B. Life - The life-saving Bracelet",20000,"b-life-the-life-saving-bracelet","FR","EUR",FALSE,"Hardware","https://www.kickstarter.com/discover/categories/technology/hardware?ref=category_modal&sort=magic",6,6,"Monday","Wednesday","Saturday",10,24,2016,9,9,23,2015,8,9,24,2016,9,367,30,0,1.12007168
1879335172,"OMNI-QC - Netduino-powered quadcopter",40000,"omni-qc-netduino-powered-quadcopter","US","USD",FALSE,"Hardware","https://www.kickstarter.com/discover/categories/technology/hardware?ref=category_modal&sort=magic",4,4,"Saturday","Saturday","Thursday",5,4,2013,17,10,20,2012,9,4,4,2013,17,166,30,1,1
20840731,"Infnty Box - Multimedia Centre",40000,"infnty-box-multimedia-centre","CA","CAD",FALSE,"Hardware","https://www.kickstarter.com/discover/categories/technology/hardware?ref=category_modal&sort=magic",5,5,"Sunday","Sunday","Wednesday",9,14,2014,22,6,22,2014,2,7,16,2014,22,24,60,1,0.93228011
1862485041,"DIY Open Source Automatic Shadow Detection Bike Tail Light",2200,"diy-open-source-automatic-shadow-detection-bike-ta","US","USD",FALSE,"Hardware","https://www.kickstarter.com/discover/categories/technology/hardware?ref=category_modal&sort=magic",9,9,"Sunday","Wednesday","Friday",7,13,2014,11,3,19,2014,11,6,13,2014,11,86,30,1,1
453931775,"CLIP-N-CLAMP: Multipurpose Holder . PERFECT for Smartphones",34500,"clip-n-clamp-multipurpose-holder-perfect-for-smart","US","USD",FALSE,"Hardware","https://www.kickstarter.com/discover/categories/technology/hardware?ref=category_modal&sort=magic",7,6,"Friday","Monday","Wednesday",5,17,2013,14,2,11,2013,20,4,17,2013,14,64,30,0,1
1383144753,"Bezel for Moto 360 Smart Watch with Wheel Control Function",20000,"bezel-for-moto-360","CA","CAD",FALSE,"Hardware","https://www.kickstarter.com/discover/categories/technology/hardware?ref=category_modal&sort=magic",10,8,"Thursday","Thursday","Tuesday",7,9,2015,10,12,11,2014,6,6,9,2015,10,180,30,0,0.80261717
962314966,"WEGV - Ann Arbor Community Radio Launch",4000,"wegv-radio-launch","US","USD",FALSE,"Hardware","https://www.kickstarter.com/discover/categories/technology/hardware?ref=category_modal&sort=magic",7,7,"Wednesday","Monday","Monday",4,20,2016,10,10,12,2015,11,3,21,2016,10,160,30,0,1
1609408691,"Nucoustix Artwork - Project Green",25000,"nucoustix-artwork-project-green","US","USD",FALSE,"Hardware","https://www.kickstarter.com/discover/categories/technology/hardware?ref=category_modal&sort=magic",5,5,"Friday","Tuesday","Wednesday",6,21,2013,1,3,26,2013,12,5,22,2013,23,57,29,0,1
2043740737,"Neo-Plug  a new way to charge your iPhone  iPad and Android",167000,"neo-plug-a-new-way-to-charge-your-iphone-ipad-and","US","USD",FALSE,"Hardware","https://www.kickstarter.com/discover/categories/technology/hardware?ref=category_modal&sort=magic",11,7,"Wednesday","Tuesday","Wednesday",5,8,2013,11,1,22,2013,10,4,10,2013,11,78,28,0,1
851395576,"HVShield - 100 volt power supply on an Arduino shield",8000,"hvshield-100-volt-power-supply-on-an-arduino-shiel","US","USD",FALSE,"Hardware","https://www.kickstarter.com/discover/categories/technology/hardware?ref=category_modal&sort=magic",10,8,"Thursday","Monday","Thursday",6,27,2013,17,3,11,2013,19,5,23,2013,17,72,35,0,1
713928330,"FL2LED",150000,"fl2led","US","USD",FALSE,"Hardware","https://www.kickstarter.com/discover/categories/technology/hardware?ref=category_modal&sort=magic",1,1,"Friday","Monday","Wednesday",5,6,2016,9,1,7,2013,0,4,6,2016,9,1185,30,0,1
1520760936,"The Freeform Stand: A Wooden iPad Stand for Square Register",5000,"the-freeform-stand-a-wooden-ipad-stand-for-square","US","USD",FALSE,"Hardware","https://www.kickstarter.com/discover/categories/technology/hardware?ref=category_modal&sort=magic",10,9,"Wednesday","Thursday","Monday",6,12,2013,10,5,2,2013,13,5,13,2013,10,10,30,0,1
674053311,"Modifying microplates - a micro success",18500,"modifying-microplates-a-micro-success","GB","GBP",FALSE,"Hardware","https://www.kickstarter.com/discover/categories/technology/hardware?ref=category_modal&sort=magic",6,5,"Thursday","Sunday","Tuesday",12,26,2013,15,11,10,2013,11,11,26,2013,15,16,30,0,1.62275492
1438568725,"EagleSoC Development Kit for Your Embedded Design - PSoC5LP",30000,"eaglesoc-development-kit-for-your-embedded-design","US","USD",FALSE,"Hardware","https://www.kickstarter.com/discover/categories/technology/hardware?ref=category_modal&sort=magic",9,8,"Sunday","Thursday","Friday",7,10,2016,9,8,20,2015,18,6,10,2016,9,294,30,1,1
27326584,"TVPRO First Interactive Media Player w/ Full 1080p HD Webcam",150000,"tvpro-first-interactive-media-player-w-full-1080p","US","USD",FALSE,"Hardware","https://www.kickstarter.com/discover/categories/technology/hardware?ref=category_modal&sort=magic",10,10,"Friday","Friday","Wednesday",6,27,2014,9,12,13,2013,12,5,28,2014,9,165,30,0,1
691722918,"Script Controlled Oscilloscope",25000,"script-controlled-oscilloscope","US","USD",FALSE,"Hardware","https://www.kickstarter.com/discover/categories/technology/hardware?ref=category_modal&sort=magic",3,3,"Monday","Monday","Saturday",3,11,2013,20,12,24,2012,7,2,9,2013,20,47,30,0,1
1915573645,"Out Pi'd",12000,"out-pid","US","USD",FALSE,"Hardware","https://www.kickstarter.com/discover/categories/technology/hardware?ref=category_modal&sort=magic",2,2,"Sunday","Wednesday","Friday",6,15,2014,13,4,16,2014,16,5,16,2014,13,29,30,1,1
1633555502,"One Button Survey (OBS)",75000,"one-button-survey-obs","CA","CAD",FALSE,"Hardware","https://www.kickstarter.com/discover/categories/technology/hardware?ref=category_modal&sort=magic",4,4,"Friday","Friday","Monday",1,27,2017,11,6,17,2016,12,11,28,2016,11,163,60,0,0.73969421
1449564031,"VOME™  Turns things on and off with your voice for under £90",36500,"vometm-the-low-cost-complete-siri-home-automation","GB","GBP",FALSE,"Hardware","https://www.kickstarter.com/discover/categories/technology/hardware?ref=category_modal&sort=magic",12,5,"Friday","Friday","Wednesday",8,19,2016,15,7,8,2016,4,7,20,2016,15,12,30,0,1.32262886
939413814,"The Firefly Pick: Light From Music",50000,"the-firefly-pick-light-from-music","US","USD",FALSE,"Hardware","https://www.kickstarter.com/discover/categories/technology/hardware?ref=category_modal&sort=magic",6,6,"Thursday","Wednesday","Tuesday",6,13,2013,10,4,17,2013,17,5,14,2013,10,26,30,0,1
829390365,"Modernized Buckling Spring Keyboard Switch",40000,"modernized-buckling-spring-keyboard-switch","CA","CAD",FALSE,"Hardware","https://www.kickstarter.com/discover/categories/technology/hardware?ref=category_modal&sort=magic",5,5,"Friday","Saturday","Tuesday",6,3,2016,22,1,30,2016,19,5,3,2016,22,94,30,0,0.79745325
997061425,"Interactive Development Kit",85000,"interactive-development-kit","US","USD",FALSE,"Hardware","https://www.kickstarter.com/discover/categories/technology/hardware?ref=category_modal&sort=magic",3,3,"Monday","Wednesday","Friday",5,27,2013,19,3,27,2013,22,4,12,2013,19,15,45,0,1
366412017,"Enluminated Bike Rims - GlowGarage Bundle Forest Green",10000,"enluminated-bike-rims-glowgarage-bundle-forest-gre","DE","EUR",FALSE,"Hardware","https://www.kickstarter.com/discover/categories/technology/hardware?ref=category_modal&sort=magic",8,8,"Wednesday","Tuesday","Monday",12,23,2015,16,11,17,2015,16,11,23,2015,16,6,30,0,1.06471327
618997335,"ReRace - Capture Share and Compare your Racing Performance",30000,"rerace-capture-share-and-compare-your-racing-perfo","GB","GBP",FALSE,"Hardware","https://www.kickstarter.com/discover/categories/technology/hardware?ref=category_modal&sort=magic",9,7,"Monday","Friday","Thursday",10,14,2013,7,5,3,2013,3,9,12,2013,10,132,31,0,1.5731631
1659247736,"The Garden HotShot - Because Weeds Never Sleep",530000,"the-garden-hotshot-because-weeds-never-sleep","US","USD",FALSE,"Hardware","https://www.kickstarter.com/discover/categories/technology/hardware?ref=category_modal&sort=magic",8,8,"Wednesday","Monday","Monday",3,13,2013,16,10,22,2012,17,2,11,2013,16,111,30,0,1
837007343,"Apple Watch Charging Station",4000,"apple-watch-charging-station","US","USD",FALSE,"Hardware","https://www.kickstarter.com/discover/categories/technology/hardware?ref=category_modal&sort=magic",4,4,"Wednesday","Sunday","Monday",4,15,2015,21,3,15,2015,14,3,16,2015,21,1,30,0,1
968309903,"Soft Start for Electronics (TV's  Computers  & Audio)",10000,"soft-start-for-electronics-tvs-computers-and-audio","US","USD",FALSE,"Hardware","https://www.kickstarter.com/discover/categories/technology/hardware?ref=category_modal&sort=magic",8,7,"Saturday","Sunday","Thursday",2,14,2015,19,11,30,2014,19,1,1,2015,19,32,44,1,1
1756693311,"Low-Cost Precision Digital Motor Controller",40000,"low-cost-precision-digital-motor-controller","US","USD",FALSE,"Hardware","https://www.kickstarter.com/discover/categories/technology/hardware?ref=category_modal&sort=magic",5,5,"Saturday","Monday","Friday",3,30,2013,22,7,16,2012,20,2,15,2013,21,214,43,1,1
1096201762,"Hangatablet and Hangaphone",160000,"hangatablet-and-hangaphone","US","USD",FALSE,"Hardware","https://www.kickstarter.com/discover/categories/technology/hardware?ref=category_modal&sort=magic",3,2,"Friday","Sunday","Tuesday",4,11,2014,2,2,16,2014,7,2,25,2014,2,8,45,0,1
2072700394,"AquaQube - The Most Efficient Personal Water Purification",199000,"aquaqube-the-most-efficient-personal-water-purific","GB","GBP",FALSE,"Hardware","https://www.kickstarter.com/discover/categories/technology/hardware?ref=category_modal&sort=magic",8,8,"Saturday","Wednesday","Thursday",12,17,2016,7,9,7,2016,7,11,17,2016,7,71,30,1,1.24748165
135005072,"""Rapp it Up"" Cell Phone Security for All.",23000,"rapp-it-up-cell-phone-security-for-all","US","USD",FALSE,"Hardware","https://www.kickstarter.com/discover/categories/technology/hardware?ref=category_modal&sort=magic",8,6,"Tuesday","Tuesday","Friday",8,13,2013,14,6,4,2013,12,6,14,2013,14,10,60,0,1
536881995,"Klip - The Revolutionary Wearable Computing Display!",110000,"klip-the-revolutionary-wearable-computing-display","US","USD",FALSE,"Hardware","https://www.kickstarter.com/discover/categories/technology/hardware?ref=category_modal&sort=magic",7,7,"Wednesday","Tuesday","Wednesday",10,30,2013,19,8,27,2013,15,9,25,2013,19,29,35,0,1
760164274,"Gilmo Password Manager: The Next Step in Password Protection",2e+05,"gilmo-password-manager-the-next-step-in-password-p","AU","AUD",FALSE,"Hardware","https://www.kickstarter.com/discover/categories/technology/hardware?ref=category_modal&sort=magic",9,8,"Saturday","Wednesday","Wednesday",9,27,2014,20,2,19,2014,5,8,13,2014,20,175,45,1,0.92655907
1387419556,"Glow Switch",1000,"glow-switch","US","USD",FALSE,"Hardware","https://www.kickstarter.com/discover/categories/technology/hardware?ref=category_modal&sort=magic",2,2,"Saturday","Saturday","Thursday",4,12,2014,19,2,8,2014,20,3,13,2014,19,32,30,1,1
382706852,"Avocado Beginner Board - Learn to program with Arduino",6000,"avocado-beginner-board-learn-to-program-with-ardui","US","USD",FALSE,"Hardware","https://www.kickstarter.com/discover/categories/technology/hardware?ref=category_modal&sort=magic",9,7,"Friday","Saturday","Wednesday",7,26,2013,22,6,1,2013,22,6,26,2013,22,25,30,0,1
1199560182,"Turn your iPhone into a handheld game console",50000,"turn-your-iphone-into-a-handheld-game-console","US","USD",FALSE,"Hardware","https://www.kickstarter.com/discover/categories/technology/hardware?ref=category_modal&sort=magic",8,5,"Friday","Sunday","Wednesday",1,13,2017,7,11,13,2016,20,12,14,2016,7,30,30,0,1
54734889,"Pharos: Smart Antenna for Drones",25000,"pharos-smart-antenna-for-drones","US","USD",FALSE,"Hardware","https://www.kickstarter.com/discover/categories/technology/hardware?ref=category_modal&sort=magic",5,4,"Sunday","Friday","Friday",7,24,2016,13,3,18,2016,11,6,24,2016,13,98,30,1,1
279745424,"DeltaTrix 3D Printer - Open Source and Fully Hackable",10000,"deltatrix-3d-printer-open-source-and-fully-hackabl","GB","GBP",FALSE,"Hardware","https://www.kickstarter.com/discover/categories/technology/hardware?ref=category_modal&sort=magic",9,8,"Saturday","Tuesday","Thursday",1,25,2014,12,12,17,2013,10,12,26,2013,12,9,30,1,1.63499945
151643963,"Portable Bluetooth Jukebox",50000,"portable-bluetooth-jukebox","US","USD",FALSE,"Hardware","https://www.kickstarter.com/discover/categories/technology/hardware?ref=category_modal&sort=magic",3,3,"Wednesday","Wednesday","Monday",6,11,2014,17,1,22,2014,11,5,12,2014,17,110,30,0,1
1466808727,"SpeedBEE Rail: How fast is YOUR train (or RC car)?",15000,"speedbee-rail-how-fast-is-your-train","US","USD",FALSE,"Hardware","https://www.kickstarter.com/discover/categories/technology/hardware?ref=category_modal&sort=magic",10,9,"Friday","Friday","Wednesday",11,22,2013,11,9,27,2013,14,10,23,2013,11,25,30,0,1
1268623399,"VeloComputer 1° Precision Bluetooth Smart Sensor RIDER",25000,"velocomputer-1-precision-bluetooth-smart-sensor-ri","US","USD",FALSE,"Hardware","https://www.kickstarter.com/discover/categories/technology/hardware?ref=category_modal&sort=magic",7,7,"Friday","Monday","Tuesday",5,31,2013,18,4,29,2013,13,5,7,2013,15,8,24,0,1
872971211,"Sandex Multi Utility Glove",20000,"sandex-multi-utility-glove","US","USD",FALSE,"Hardware","https://www.kickstarter.com/discover/categories/technology/hardware?ref=category_modal&sort=magic",4,4,"Wednesday","Saturday","Monday",12,31,2014,16,11,15,2014,14,12,1,2014,16,16,30,0,1
1547845338,"Cargo Net Tie-Down",335000,"cargo-net-tie-down","US","USD",FALSE,"Hardware","https://www.kickstarter.com/discover/categories/technology/hardware?ref=category_modal&sort=magic",3,3,"Thursday","Thursday","Tuesday",7,24,2014,19,4,17,2014,13,6,24,2014,19,68,30,0,1
1464309039,"Evivar  små batterier som varer - til elsykkel!",4e+05,"evivar-sma-batterier-som-varer-til-elsykkel","NO","NOK",FALSE,"Hardware","https://www.kickstarter.com/discover/categories/technology/hardware?ref=category_modal&sort=magic",8,8,"Friday","Thursday","Wednesday",7,31,2015,17,6,18,2015,10,6,24,2015,17,6,36,0,0.1287602
188859472,"Complete Antler Scoring System",15000,"complete-antler-scoring-system","CA","CAD",FALSE,"Hardware","https://www.kickstarter.com/discover/categories/technology/hardware?ref=category_modal&sort=magic",4,4,"Thursday","Friday","Monday",1,2,2014,22,10,18,2013,15,11,18,2013,22,31,45,0,0.95794525
128564589,"The Canada Grill Barbecue",25000,"the-canada-grill-barbecue","CA","CAD",FALSE,"Hardware","https://www.kickstarter.com/discover/categories/technology/hardware?ref=category_modal&sort=magic",4,4,"Sunday","Monday","Thursday",10,27,2013,11,8,5,2013,16,9,12,2013,11,37,45,1,0.96623585
1589258766,"Professional USB 2.0 LS/FS/HS Protocol Analyzer Model 1480B",125000,"professional-usb-20-ls-fs-hs-protocol-analyzer-mod","US","USD",FALSE,"Hardware","https://www.kickstarter.com/discover/categories/technology/hardware?ref=category_modal&sort=magic",8,8,"Thursday","Saturday","Monday",10,9,2014,15,8,9,2014,16,8,25,2014,15,15,45,0,1
1256968740,"Pocket Universes  - Customizable Infinity Cube Kits",20000,"pocket-universes-customizable-infinity-cube-kits","US","USD",FALSE,"Hardware","https://www.kickstarter.com/discover/categories/technology/hardware?ref=category_modal&sort=magic",7,7,"Wednesday","Monday","Monday",5,27,2015,0,3,9,2015,20,4,27,2015,0,48,30,0,1
324406983,"Raspitab – the first tablet with Raspberry Pi inside",125000,"raspitab-the-first-tablet-with-raspberry-pi-inside","GB","GBP",FALSE,"Hardware","https://www.kickstarter.com/discover/categories/technology/hardware?ref=category_modal&sort=magic",9,7,"Wednesday","Tuesday","Wednesday",12,24,2014,10,10,7,2014,15,11,19,2014,10,42,35,0,1.56525142
460461827,"The EcoLight: Protecting the night ecology  and your health.",179900,"the-ecolight-protecting-the-night-ecology-and-your","CA","CAD",FALSE,"Hardware","https://www.kickstarter.com/discover/categories/technology/hardware?ref=category_modal&sort=magic",9,6,"Saturday","Monday","Thursday",10,15,2016,11,7,25,2016,10,9,15,2016,11,52,30,1,0.7606055
792294571,"My Driving Pal:  IoT for the Things that Matter Most to You",35000,"my-driving-pal","US","USD",FALSE,"Hardware","https://www.kickstarter.com/discover/categories/technology/hardware?ref=category_modal&sort=magic",12,8,"Sunday","Tuesday","Wednesday",7,12,2015,12,3,3,2015,21,5,13,2015,12,70,60,1,1
962464818,"XDev - the new standard in hobby development boards",20000,"xdev-the-new-standard-in-hobby-development-boards","US","USD",FALSE,"Hardware","https://www.kickstarter.com/discover/categories/technology/hardware?ref=category_modal&sort=magic",9,7,"Friday","Tuesday","Wednesday",12,14,2012,8,8,21,2012,15,11,14,2012,8,84,30,0,1
52468635,"High-Altitude Arduino/Raspberry Pi Project (HAARPP)",1500,"high-altitude-arduino-raspberry-pi-project-haarpp","US","USD",FALSE,"Hardware","https://www.kickstarter.com/discover/categories/technology/hardware?ref=category_modal&sort=magic",5,5,"Wednesday","Saturday","Monday",11,20,2013,16,10,12,2013,20,10,21,2013,16,8,30,0,1
74003973,"Fos - A truly wearable  Bluetooth LED display system",2e+05,"fos-a-truly-wearable-bluetooth-led-display-system","US","USD",FALSE,"Hardware","https://www.kickstarter.com/discover/categories/technology/hardware?ref=category_modal&sort=magic",9,9,"Wednesday","Friday","Monday",9,25,2013,2,4,26,2013,20,8,26,2013,2,121,30,0,1
1591944769,"MyPi : Industrial Strength Raspberry Pi For IoT Projects",15000,"mypi-industrial-strength-raspberry-pi-for-iot-proj","GB","GBP",FALSE,"Hardware","https://www.kickstarter.com/discover/categories/technology/hardware?ref=category_modal&sort=magic",9,9,"Saturday","Wednesday","Wednesday",7,23,2016,10,5,4,2016,9,6,8,2016,10,35,45,1,1.44637841
556187891,"KINGTON - Touch charging by Magnetic technology",58888,"kington-touch-charging-by-magnetic-technology","US","USD",FALSE,"Hardware","https://www.kickstarter.com/discover/categories/technology/hardware?ref=category_modal&sort=magic",7,6,"Sunday","Tuesday","Friday",8,14,2016,20,5,31,2016,8,7,15,2016,20,45,30,1,1
1436848750,"Screamin' Dolly",15000,"screamin-dolly","US","USD",FALSE,"Hardware","https://www.kickstarter.com/discover/categories/technology/hardware?ref=category_modal&sort=magic",2,2,"Sunday","Saturday","Friday",6,30,2013,15,12,8,2012,0,5,31,2013,15,174,30,1,1
1414320770,"Undrlord Ovrpants - Gamestreaming Fund",2025,"undrlord-ovrpants-gamestreaming-fund","US","USD",FALSE,"Hardware","https://www.kickstarter.com/discover/categories/technology/hardware?ref=category_modal&sort=magic",5,5,"Sunday","Monday","Friday",8,24,2014,16,7,14,2014,22,7,25,2014,16,10,30,1,1
658896266,"Une mini cage de foot connecté",55000,"une-mini-cage-de-foot-connecte","FR","EUR",FALSE,"Hardware","https://www.kickstarter.com/discover/categories/technology/hardware?ref=category_modal&sort=magic",6,6,"Wednesday","Sunday","Monday",7,29,2015,11,6,28,2015,4,6,29,2015,11,1,30,0,1.11678562
1604855334,"Emergency Power - We Didn't Stop at the Solar Basics",15000,"solar-power-new-tech-makes-it-simple-we-make-it-co","US","USD",FALSE,"Hardware","https://www.kickstarter.com/discover/categories/technology/hardware?ref=category_modal&sort=magic",10,8,"Wednesday","Sunday","Monday",9,16,2015,12,8,9,2015,21,8,17,2015,12,7,30,0,1
2037782372,"CleverLight - Affordable Smart Wi-Fi LED Light Bulb",2e+05,"cleverlight-affordable-smart-wi-fi-led-light-bulb","DK","DKK",FALSE,"Hardware","https://www.kickstarter.com/discover/categories/technology/hardware?ref=category_modal&sort=magic",8,8,"Saturday","Wednesday","Tuesday",5,16,2015,12,3,11,2015,9,3,17,2015,12,6,60,1,0.14102841
1400686594,"Folding For A Cure (Canceled)",1500,"folding-for-a-cure","US","USD",FALSE,"Hardware","https://www.kickstarter.com/discover/categories/technology/hardware?ref=category_modal&sort=magic",5,5,"Saturday","Monday","Thursday",10,4,2014,22,7,28,2014,22,9,4,2014,22,38,30,1,1
1894619335,"Mobile Space Camp (Canceled)",9e+05,"mobile-space-camp","US","USD",FALSE,"Hardware","https://www.kickstarter.com/discover/categories/technology/hardware?ref=category_modal&sort=magic",4,4,"Thursday","Thursday","Tuesday",6,7,2012,14,4,26,2012,17,5,8,2012,14,11,30,0,1
470839570,"TEST (Canceled)",1000001,"caiman-connected-the-ultimate-mobile-device-access","US","USD",FALSE,"Hardware","https://www.kickstarter.com/discover/categories/technology/hardware?ref=category_modal&sort=magic",NA,NA,"Friday","Saturday","Friday",9,26,2014,23,9,6,2014,9,9,12,2014,23,6,14,0,1
2071929693,"Help Prototype ""The Gaming Pickle"" (Canceled)",425,"help-prototype-the-gaming-pickle","US","USD",FALSE,"Hardware","https://www.kickstarter.com/discover/categories/technology/hardware?ref=category_modal&sort=magic",6,6,"Monday","Thursday","Friday",7,27,2015,10,5,21,2015,14,6,12,2015,10,21,45,0,1
851520592,"DropStopper (Canceled)",50000,"dropstopper","US","USD",FALSE,"Hardware","https://www.kickstarter.com/discover/categories/technology/hardware?ref=category_modal&sort=magic",2,2,"Saturday","Monday","Wednesday",11,15,2014,9,9,22,2014,9,10,8,2014,7,15,38,1,1
1370072152,"The ICU-Duino Motion Sensor Arduino Shield!",1200,"the-icu-duino-motion-sensor-arduino-shield","CA","CAD",TRUE,"Gadgets","https://www.kickstarter.com/discover/categories/technology/gadgets?ref=category_modal&sort=magic",6,6,"Wednesday","Friday","Monday",8,13,2014,16,7,11,2014,10,7,14,2014,16,3,30,0,0.93167904
1606434176,"Boogie Dice - Self rolling  sound activated gaming dice!",50000,"bots-battleground-the-first-boogie-dice-based-game","US","USD",TRUE,"Gadgets","https://www.kickstarter.com/discover/categories/technology/gadgets?ref=category_modal&sort=magic",9,9,"Thursday","Wednesday","Tuesday",11,12,2015,21,4,22,2015,5,9,29,2015,8,160,44,0,1
200679956,"Daymak EC1 ebike - Carbon Fiber Electric Bicycle",65000,"daymak-ec1-ebike-carbon-fiber-electric-bicycle","CA","CAD",FALSE,"Gadgets","https://www.kickstarter.com/discover/categories/technology/gadgets?ref=category_modal&sort=magic",8,8,"Thursday","Wednesday","Tuesday",12,3,2015,13,10,14,2015,9,11,3,2015,13,20,30,0,0.76517241
1565942280,"Symple ID: Just TAP to Sign-in",20000,"symple-id-ditch-your-password-and-grab-your-phone","CA","CAD",FALSE,"Gadgets","https://www.kickstarter.com/discover/categories/technology/gadgets?ref=category_modal&sort=magic",6,5,"Wednesday","Wednesday","Monday",4,30,2014,22,1,8,2014,11,3,31,2014,5,81,30,0,0.90408311
703205896,"Nextand - Wireless Charging Stand for Nexus 7",15000,"nextand-wireless-charging-stand-for-nexus-7","US","USD",FALSE,"Hardware","https://www.kickstarter.com/discover/categories/technology/hardware?ref=category_modal&sort=magic",8,7,"Thursday","Monday","Wednesday",6,12,2014,15,2,3,2014,16,5,7,2014,15,92,36,0,1
130554461,"Flybridge PowerDock wall charger-iPhone 5/5c/5s & iPads",15000,"flybridge-powerdock-charging-accesory-all-iphone-i","US","USD",FALSE,"Hardware","https://www.kickstarter.com/discover/categories/technology/hardware?ref=category_modal&sort=magic",7,7,"Saturday","Friday","Thursday",1,4,2014,5,6,28,2013,14,12,5,2013,5,159,30,1,1
1249110006,"Cerberus by Kimera Industries: The 18L  mATX  US-made case",150000,"cerberus-by-kimera-industries-the-18l-matx-us-made","US","USD",FALSE,"Hardware","https://www.kickstarter.com/discover/categories/technology/hardware?ref=category_modal&sort=magic",9,8,"Thursday","Wednesday","Tuesday",3,31,2016,22,2,17,2016,10,3,1,2016,9,12,30,0,1
1501209549,"Emergency Communications Command Center",20000,"emergency-communications-command-center","US","USD",FALSE,"Hardware","https://www.kickstarter.com/discover/categories/technology/hardware?ref=category_modal&sort=magic",4,4,"Wednesday","Tuesday","Monday",5,1,2013,15,3,26,2013,12,4,1,2013,15,6,30,0,1
915918806,"Rockin' Party Lights",5000,"rockin-party-lights","US","USD",FALSE,"Hardware","https://www.kickstarter.com/discover/categories/technology/hardware?ref=category_modal&sort=magic",3,3,"Thursday","Monday","Tuesday",4,24,2014,19,2,24,2014,12,3,4,2014,10,7,51,0,1
361526687,"innRDrive™ - Scalable  Modular Linear Motion System",10000,"innrdrivetm-scalable-modular-linear-motion-system","US","USD",FALSE,"Hardware","https://www.kickstarter.com/discover/categories/technology/hardware?ref=category_modal&sort=magic",7,7,"Tuesday","Tuesday","Tuesday",2,26,2013,9,12,25,2012,9,2,5,2013,9,41,21,0,1
640150274,"Pixel-Pi Addressable LED (pixels) driver board",8000,"pixel-pi-addressable-led-pixels-driver-board","US","USD",FALSE,"Hardware","https://www.kickstarter.com/discover/categories/technology/hardware?ref=category_modal&sort=magic",6,6,"Wednesday","Saturday","Wednesday",6,22,2016,23,4,2,2016,20,5,18,2016,21,46,35,0,1
1000590709,"Musical Light Suit",6000,"musical-light-suit","US","USD",FALSE,"Hardware","https://www.kickstarter.com/discover/categories/technology/hardware?ref=category_modal&sort=magic",3,3,"Tuesday","Tuesday","Thursday",6,28,2011,2,5,17,2011,12,5,19,2011,2,1,40,0,1
1318156193,"Domo Arigato  Art-Roboto",1120,"domo-arigato-art-roboto","US","USD",FALSE,"Hardware","https://www.kickstarter.com/discover/categories/technology/hardware?ref=category_modal&sort=magic",3,3,"Thursday","Saturday","Saturday",11,12,2009,6,9,12,2009,6,9,12,2009,10,0,60,0,1
1711216318,"Raspberry STB and Raspberry HDMI Stick",50000,"pi-stb-and-stick","GB","GBP",FALSE,"Hardware","https://www.kickstarter.com/discover/categories/technology/hardware?ref=category_modal&sort=magic",6,5,"Friday","Sunday","Wednesday",10,17,2014,14,8,17,2014,0,9,17,2014,14,31,30,0,1.62390914
1082387051,"Open Source 3D DLP Printer",24750,"open-source-3d-dlp-printer","US","USD",FALSE,"Hardware","https://www.kickstarter.com/discover/categories/technology/hardware?ref=category_modal&sort=magic",5,5,"Saturday","Tuesday","Thursday",7,14,2012,21,6,5,2012,15,6,14,2012,12,8,30,1,1
904911469,"Orion OGS: Affordable 3-in-1 Computer  Media & Gaming System",5e+05,"orion-ogs-affordable-3-in-1-computer-media-and-gam","US","USD",FALSE,"Hardware","https://www.kickstarter.com/discover/categories/technology/hardware?ref=category_modal&sort=magic",9,9,"Friday","Tuesday","Monday",11,28,2014,14,8,19,2014,6,9,29,2014,14,41,60,0,1
134197462,"Toddler Topsy",1e+05,"toddler-topsy","US","USD",FALSE,"Hardware","https://www.kickstarter.com/discover/categories/technology/hardware?ref=category_modal&sort=magic",2,2,"Sunday","Tuesday","Friday",8,25,2013,13,7,9,2013,19,7,26,2013,13,16,30,1,1
752250518,"Stethophone!  Do you like playing doctor?",15000,"stethophone-do-you-like-playing-doctor","US","USD",FALSE,"Hardware","https://www.kickstarter.com/discover/categories/technology/hardware?ref=category_modal&sort=magic",6,5,"Saturday","Friday","Thursday",7,6,2013,11,2,22,2013,13,6,6,2013,11,103,30,1,1
497737312,"Car Controlled Breathalyzer for Android Phone Application!",250000,"car-controlled-breathalyzer-for-android-phone-appl","US","USD",FALSE,"Hardware","https://www.kickstarter.com/discover/categories/technology/hardware?ref=category_modal&sort=magic",7,6,"Thursday","Friday","Tuesday",10,16,2014,14,9,5,2014,2,9,16,2014,14,11,30,0,1
227475041,"The Phone Frame",64875,"the-phone-frame","US","USD",FALSE,"Hardware","https://www.kickstarter.com/discover/categories/technology/hardware?ref=category_modal&sort=magic",3,3,"Saturday","Sunday","Friday",7,2,2016,8,5,8,2016,15,5,13,2016,8,4,50,1,1
795538273,"Develop a small point of use Hydro Electric Generator",64000,"develope-a-small-point-of-use-hydro-electric-gener","US","USD",FALSE,"Hardware","https://www.kickstarter.com/discover/categories/technology/hardware?ref=category_modal&sort=magic",9,7,"Friday","Tuesday","Wednesday",4,15,2016,10,1,7,2014,12,3,16,2016,10,798,30,0,1
592349512,"Rugged Mobile Public Safety Keyboard",47000,"rugged-mobile-public-safety-keyboard","US","USD",FALSE,"Hardware","https://www.kickstarter.com/discover/categories/technology/hardware?ref=category_modal&sort=magic",5,5,"Saturday","Tuesday","Thursday",8,29,2015,14,7,28,2015,11,7,30,2015,14,2,30,1,1
501029672,"X-Wing  Clone",2e+07,"x-wing-clone","US","USD",FALSE,"Hardware","https://www.kickstarter.com/discover/categories/technology/hardware?ref=category_modal&sort=magic",2,2,"Saturday","Friday","Tuesday",4,13,2013,14,2,8,2013,12,2,12,2013,14,4,60,1,1
1548370347,"QuickScanIt® - Your portable Smart Phone document system",15000,"quickscanit-your-portable-smart-phone-document-sys","US","USD",FALSE,"Hardware","https://www.kickstarter.com/discover/categories/technology/hardware?ref=category_modal&sort=magic",8,8,"Sunday","Sunday","Friday",11,4,2012,11,9,23,2012,19,10,5,2012,11,11,30,1,1
1837241313,"SunBreather Toxic Algae Buster Solar Oxygenator for Lakes",12487,"sunbreather-toxic-algae-buster-solar-oxygenator-fo","US","USD",FALSE,"Hardware","https://www.kickstarter.com/discover/categories/technology/hardware?ref=category_modal&sort=magic",8,7,"Friday","Thursday","Wednesday",8,21,2015,15,7,2,2015,11,7,22,2015,15,20,30,0,1
1656744777,"The Moller Test",350000,"the-moller-test","DK","DKK",FALSE,"Hardware","https://www.kickstarter.com/discover/categories/technology/hardware?ref=category_modal&sort=magic",3,3,"Sunday","Wednesday","Friday",12,20,2015,14,11,4,2015,5,11,20,2015,5,16,30,1,0.14328819
1081319199,"Artificial Ears",6000,"artificial-ears","NL","EUR",FALSE,"Hardware","https://www.kickstarter.com/discover/categories/technology/hardware?ref=category_modal&sort=magic",2,2,"Friday","Wednesday","Wednesday",2,13,2015,11,11,12,2014,12,1,14,2015,11,62,30,0,1.18525121
342480241,"The MB87X - Let There be Light",1e+05,"the-mb87x-let-there-be-light","US","USD",FALSE,"Hardware","https://www.kickstarter.com/discover/categories/technology/hardware?ref=category_modal&sort=magic",7,6,"Saturday","Thursday","Thursday",5,2,2015,15,2,12,2015,12,4,2,2015,15,49,30,1,1
1832329,"Data Boy–Smart Multi-function USB Data Cable/Flash drive/otg",10000,"data-boy-an-intelligent-multi-functional-accessory","CA","CAD",FALSE,"Hardware","https://www.kickstarter.com/discover/categories/technology/hardware?ref=category_modal&sort=magic",7,7,"Saturday","Sunday","Tuesday",11,28,2015,23,9,6,2015,8,9,29,2015,23,23,60,1,0.74668769
36116183,"Steel Lumber",75000,"steel-lumber","US","USD",FALSE,"Hardware","https://www.kickstarter.com/discover/categories/technology/hardware?ref=category_modal&sort=magic",2,2,"Thursday","Monday","Tuesday",10,29,2015,19,8,17,2015,14,9,29,2015,19,43,30,0,1
1707209814,"""Tailly""  the tail that wags when you get excited",60000,"tailly-the-tail-that-wags-when-you-get-excited","GB","GBP",FALSE,"Hardware","https://www.kickstarter.com/discover/categories/technology/hardware?ref=category_modal&sort=magic",9,5,"Sunday","Monday","Friday",1,6,2013,8,11,19,2012,7,11,30,2012,17,11,36,1,1.60164008
1882822622,"FIRST Team 4188 Building a 100 pound + Robot in Six Weeks",1500,"first-team-4188-building-a-100-pound-robot-in-six","US","USD",FALSE,"Hardware","https://www.kickstarter.com/discover/categories/technology/hardware?ref=category_modal&sort=magic",12,10,"Friday","Tuesday","Friday",1,3,2014,22,10,29,2013,20,12,6,2013,19,37,28,0,1
1682691421,"Heyo - The Smart Caller ID for Your Home",47000,"heyo-the-smart-caller-id-for-your-home","US","USD",FALSE,"Hardware","https://www.kickstarter.com/discover/categories/technology/hardware?ref=category_modal&sort=magic",9,8,"Thursday","Wednesday","Tuesday",9,24,2015,7,4,1,2015,14,8,25,2015,7,145,30,0,1
779069105,"SCOOTAIR",5000,"scootair","FR","EUR",FALSE,"Hardware","https://www.kickstarter.com/discover/categories/technology/hardware?ref=category_modal&sort=magic",1,1,"Sunday","Wednesday","Friday",9,4,2016,9,7,27,2016,9,8,5,2016,9,9,30,1,1.1148272
1327989509,"Spider WiFi Router: 2 x 2.4GHz  One box  100+ devices",90000,"spider-wifi-router-2-x-24ghz-one-box-100-devices","US","USD",FALSE,"Hardware","https://www.kickstarter.com/discover/categories/technology/hardware?ref=category_modal&sort=magic",10,10,"Friday","Wednesday","Thursday",2,27,2015,17,10,15,2014,23,1,8,2015,17,84,50,0,1
1365865293,"Pally Smart Finder:  Bluetooth Object Finder",5000,"pally-smart-finder-bluetooth-object-finder","CA","CAD",FALSE,"Hardware","https://www.kickstarter.com/discover/categories/technology/hardware?ref=category_modal&sort=magic",6,6,"Friday","Monday","Wednesday",5,2,2014,8,12,16,2013,12,4,2,2014,8,106,30,0,0.90497738
831255051,"The DASBox",50000,"the-dasbox","CA","CAD",FALSE,"Hardware","https://www.kickstarter.com/discover/categories/technology/hardware?ref=category_modal&sort=magic",2,2,"Friday","Thursday","Wednesday",6,19,2015,19,5,14,2015,7,5,20,2015,19,6,30,0,0.82392344
755166087,"HUBI STICK: let your TV have touch screen and sensors",50000,"hubi-stick-let-your-tv-have-touch-screen-and-senso","AU","AUD",FALSE,"Hardware","https://www.kickstarter.com/discover/categories/technology/hardware?ref=category_modal&sort=magic",10,7,"Friday","Wednesday","Thursday",7,17,2015,20,5,27,2015,22,5,28,2015,20,0,50,0,0.77470435
2088999259,"Plug -N- Tug",5000,"plug-n-tug","US","USD",FALSE,"Hardware","https://www.kickstarter.com/discover/categories/technology/hardware?ref=category_modal&sort=magic",3,3,"Thursday","Sunday","Tuesday",8,13,2015,9,5,3,2015,14,7,14,2015,9,71,30,0,1
966414213,"Electricity: the environmental answer to herbicide",15000,"electricity-the-environmental-answer-to-herbicide","GB","GBP",FALSE,"Hardware","https://www.kickstarter.com/discover/categories/technology/hardware?ref=category_modal&sort=magic",6,4,"Sunday","Friday","Saturday",9,13,2015,21,7,31,2015,6,8,22,2015,5,21,22,1,1.56894493
4358464,"Tablets for a First Grade Classroom",5000,"tablets-for-a-first-grade-classroom","US","USD",FALSE,"Hardware","https://www.kickstarter.com/discover/categories/technology/hardware?ref=category_modal&sort=magic",6,4,"Sunday","Sunday","Wednesday",9,28,2014,7,7,20,2014,12,7,30,2014,7,9,60,1,1
1618505850,"SafeStrobe- Making life safer for Wheelchair dependant users",88000,"safestrobe-making-life-safer-for-wheelchair-depend","US","USD",FALSE,"Hardware","https://www.kickstarter.com/discover/categories/technology/hardware?ref=category_modal&sort=magic",8,7,"Saturday","Monday","Monday",7,11,2015,9,5,4,2015,15,6,1,2015,9,27,40,1,1
1777848966,"Darkfinity Gamepad for iOS and Android",80000,"darkfinity-gamepad-for-smartphones-and-tablets","DE","EUR",FALSE,"Hardware","https://www.kickstarter.com/discover/categories/technology/hardware?ref=category_modal&sort=magic",6,4,"Wednesday","Monday","Monday",9,16,2015,11,8,10,2015,12,8,17,2015,11,6,30,0,1.11099384
32835260,"Oviary - A New Home For Birth Control. Never Forget Again.",50000,"oviary-a-new-home-for-birth-control-never-forget-a","US","USD",FALSE,"Hardware","https://www.kickstarter.com/discover/categories/technology/hardware?ref=category_modal&sort=magic",11,11,"Monday","Wednesday","Tuesday",8,31,2015,6,6,24,2015,5,7,7,2015,6,13,55,0,1
1861867252,"Fast Charging eQUICK Mobile USB Battery Charger",150000,"fast-charging-equick-mobile-usb-battery-charger","US","USD",FALSE,"Hardware","https://www.kickstarter.com/discover/categories/technology/hardware?ref=category_modal&sort=magic",7,7,"Thursday","Tuesday","Monday",4,17,2014,2,7,23,2013,21,3,3,2014,2,222,45,0,1
239562681,"BlueDotSound - Bluetooth 4.1 Wall Outlet Speaker w/Mic",50000,"bluedotsound","US","USD",FALSE,"Hardware","https://www.kickstarter.com/discover/categories/technology/hardware?ref=category_modal&sort=magic",8,8,"Wednesday","Sunday","Monday",4,15,2015,10,3,15,2015,17,3,16,2015,10,0,30,0,1
896048643,"HeadBox   Music Evolved (Driven by Arduino)",99000,"headbox-music-evolved-driven-by-arduino","US","USD",FALSE,"Hardware","https://www.kickstarter.com/discover/categories/technology/hardware?ref=category_modal&sort=magic",6,5,"Saturday","Saturday","Thursday",10,12,2013,21,6,22,2013,11,9,12,2013,21,82,30,1,1
918511225,"Multiport H.264 capture cards for Windows or Linux",17500,"multiport-h264-capture-cards-for-windows-or-linux","US","USD",FALSE,"Hardware","https://www.kickstarter.com/discover/categories/technology/hardware?ref=category_modal&sort=magic",8,6,"Wednesday","Wednesday","Monday",1,21,2015,10,12,10,2014,16,12,22,2014,10,11,30,0,1
2053714917,"SPLATTERBRUSH Print Co. needs machinery!",3000,"splatterbrush-print-co-needs-machinery","US","USD",FALSE,"Hardware","https://www.kickstarter.com/discover/categories/technology/hardware?ref=category_modal&sort=magic",5,5,"Wednesday","Tuesday","Monday",12,24,2014,16,10,28,2014,14,11,24,2014,16,27,30,0,1
1901276916,"Module System for Computer Desktop & Laptops",1e+05,"module-system-for-computer-desktop-and-laptops","US","USD",FALSE,"Hardware","https://www.kickstarter.com/discover/categories/technology/hardware?ref=category_modal&sort=magic",7,6,"Friday","Sunday","Wednesday",10,2,2015,14,8,30,2015,19,9,2,2015,14,2,30,0,1
17112739,"Spokenlights: Full Color LED Programmable Bike Wheel Display",35000,"spokenlights-full-color-led-customizable-bike-whee","US","USD",FALSE,"Hardware","https://www.kickstarter.com/discover/categories/technology/hardware?ref=category_modal&sort=magic",8,8,"Monday","Monday","Saturday",10,5,2015,9,8,24,2015,13,9,5,2015,9,11,30,0,1
107576662,"Atlantis  the Aqua Data Center",1e+07,"atlantis-the-aqua-data-center","US","USD",FALSE,"Hardware","https://www.kickstarter.com/discover/categories/technology/hardware?ref=category_modal&sort=magic",5,4,"Friday","Wednesday","Friday",4,1,2016,22,2,3,2016,9,2,5,2016,5,1,56,0,1
530292535,"Snow Board-Mobile",1500,"snow-board-mobile","US","USD",FALSE,"Hardware","https://www.kickstarter.com/discover/categories/technology/hardware?ref=category_modal&sort=magic",2,2,"Monday","Thursday","Saturday",12,1,2014,14,10,30,2014,0,11,1,2014,14,2,30,0,1
1888222709,"Wheel Covers",75000,"wheel-covers","CA","CAD",FALSE,"Hardware","https://www.kickstarter.com/discover/categories/technology/hardware?ref=category_modal&sort=magic",2,2,"Friday","Tuesday","Tuesday",7,31,2015,9,5,5,2015,11,6,23,2015,9,48,37,0,0.81530424
523750081,"Alternative Energy Research and Development Center",473000,"alternative-energy-research-and-development-center","US","USD",FALSE,"Hardware","https://www.kickstarter.com/discover/categories/technology/hardware?ref=category_modal&sort=magic",6,5,"Tuesday","Friday","Saturday",5,12,2015,1,3,13,2015,1,3,14,2015,0,0,59,0,1
722941565,"Help bring Alphakat Recy-Renew Energy to the Western World",17400000,"help-bring-alphakat-recy-renew-energy-to-the-weste","US","USD",FALSE,"Hardware","https://www.kickstarter.com/discover/categories/technology/hardware?ref=category_modal&sort=magic",9,7,"Saturday","Thursday","Tuesday",2,21,2015,16,11,20,2014,13,12,23,2014,16,33,60,1,1
1851407818,"SwineTech creates products that reduce piglet deaths",5000,"swinetech-inccreates-products-that-reduce-piglet-d","US","USD",FALSE,"Hardware","https://www.kickstarter.com/discover/categories/technology/hardware?ref=category_modal&sort=magic",7,6,"Friday","Monday","Friday",2,5,2016,11,12,14,2015,8,12,18,2015,9,4,49,0,1
1817901356,"Electronic Olive Fruits Harvester Stick",7900,"electronic-olive-fruits-harvester-stick","US","USD",FALSE,"Hardware","https://www.kickstarter.com/discover/categories/technology/hardware?ref=category_modal&sort=magic",5,5,"Sunday","Thursday","Wednesday",1,31,2016,14,11,19,2015,3,12,2,2015,14,13,60,1,1
1005397520,"REDS.box - Get your privacy back in the cloud",50000,"redsbox-get-your-privacy-back-in-the-cloud","DE","EUR",FALSE,"Hardware","https://www.kickstarter.com/discover/categories/technology/hardware?ref=category_modal&sort=magic",9,6,"Thursday","Wednesday","Tuesday",2,18,2016,5,8,12,2015,2,1,19,2016,5,160,30,0,1.0894789
1730830001,"WireWiz Extension Cable Caddy Storage and Dispensing System",250000,"wirewiz-extension-cable-caddy-storage-and-dispensi","US","USD",FALSE,"Hardware","https://www.kickstarter.com/discover/categories/technology/hardware?ref=category_modal&sort=magic",8,7,"Wednesday","Friday","Monday",11,25,2015,13,5,16,2014,14,10,26,2015,13,527,30,0,1
1284616776,"Project Sierra's Kameleon - a Network Encryption Device",15000,"project-sierras-kameleon-a-network-encryption-devi","US","USD",FALSE,"Hardware","https://www.kickstarter.com/discover/categories/technology/hardware?ref=category_modal&sort=magic",8,7,"Friday","Friday","Wednesday",9,11,2015,9,5,29,2015,9,8,12,2015,9,74,30,0,1
1027265164,"Smart Home Energy Saver and Generator",45000,"smart-home-energy-saver-and-generator","NL","EUR",FALSE,"Hardware","https://www.kickstarter.com/discover/categories/technology/hardware?ref=category_modal&sort=magic",6,5,"Thursday","Thursday","Tuesday",3,24,2016,17,1,14,2016,4,3,8,2016,9,54,16,0,1.0989796
1156319150,"Techbench Recycling Solutions",4e+05,"techbench-recycling-solutions","US","USD",FALSE,"Hardware","https://www.kickstarter.com/discover/categories/technology/hardware?ref=category_modal&sort=magic",3,3,"Friday","Sunday","Monday",6,19,2015,9,4,12,2015,13,4,20,2015,9,7,60,0,1
1128295395,"Orion EV   Affordable Electric Transportation",35000,"orion-ev-affordable-electric-transportation","US","USD",FALSE,"Hardware","https://www.kickstarter.com/discover/categories/technology/hardware?ref=category_modal&sort=magic",5,5,"Wednesday","Wednesday","Monday",2,4,2015,13,12,24,2014,10,1,5,2015,13,12,30,0,1
1490487721,"Tire Retractor Prototype",20000,"tire-retractor-prototype","US","USD",FALSE,"Hardware","https://www.kickstarter.com/discover/categories/technology/hardware?ref=category_modal&sort=magic",3,3,"Tuesday","Thursday","Sunday",3,24,2015,12,1,29,2015,13,2,22,2015,12,23,30,0,1
1090753536,"soft plastic lures company",23000,"soft-plastic-lures-company","CA","CAD",FALSE,"Hardware","https://www.kickstarter.com/discover/categories/technology/hardware?ref=category_modal&sort=magic",4,4,"Wednesday","Thursday","Monday",9,16,2015,21,8,6,2015,13,8,17,2015,21,11,30,0,0.76392268
830414942,"Fusion Auto Hybrids",10000,"fusion-auto-hybrids","US","USD",FALSE,"Hardware","https://www.kickstarter.com/discover/categories/technology/hardware?ref=category_modal&sort=magic",3,3,"Sunday","Saturday","Wednesday",2,15,2015,2,12,27,2014,2,1,7,2015,12,11,38,1,1
633748288,"The Gator Bite",15000,"the-gator-bite","US","USD",FALSE,"Hardware","https://www.kickstarter.com/discover/categories/technology/hardware?ref=category_modal&sort=magic",3,3,"Sunday","Thursday","Friday",11,15,2015,23,10,15,2015,9,10,16,2015,23,1,30,1,1
844439796,"Nacila Pay",5000,"nacila-pay","US","USD",FALSE,"Hardware","https://www.kickstarter.com/discover/categories/technology/hardware?ref=category_modal&sort=magic",2,2,"Saturday","Friday","Wednesday",4,30,2016,19,2,5,2016,10,3,16,2016,9,39,45,1,1
965134493,"Yu: Child protection",1000,"yu-child-protection","US","USD",FALSE,"Hardware","https://www.kickstarter.com/discover/categories/technology/hardware?ref=category_modal&sort=magic",3,3,"Friday","Monday","Wednesday",4,8,2016,19,3,7,2016,20,3,9,2016,19,1,30,0,1
2041302993,"$350 Braille Display and braille keyboard for iPad or tablet",40000,"250-braille-display-and-braille-keyboard-for-ipad","US","USD",FALSE,"Hardware","https://www.kickstarter.com/discover/categories/technology/hardware?ref=category_modal&sort=magic",10,7,"Saturday","Wednesday","Sunday",12,3,2016,4,8,27,2014,10,11,13,2016,4,808,20,1,1
710230496,"Smartphone SideKick",22000,"smartphone-sidekick","US","USD",FALSE,"Hardware","https://www.kickstarter.com/discover/categories/technology/hardware?ref=category_modal&sort=magic",2,2,"Saturday","Friday","Thursday",1,17,2015,9,10,31,2014,8,12,18,2014,9,48,30,1,1
1187835930,"Smoothie Delivery Vending System",1e+05,"smoothie-delivery-vending-system","US","USD",FALSE,"Hardware","https://www.kickstarter.com/discover/categories/technology/hardware?ref=category_modal&sort=magic",4,4,"Friday","Wednesday","Monday",1,1,2016,12,10,28,2015,15,11,2,2015,12,4,60,0,1
416427893,"Proof-of-Concept: Detailed Scoping for NextGen Wind Turbines",125000,"proof-of-concept-detailed-scoping-for-nextgen-wind","US","USD",FALSE,"Hardware","https://www.kickstarter.com/discover/categories/technology/hardware?ref=category_modal&sort=magic",7,6,"Sunday","Friday","Friday",2,7,2016,13,10,2,2015,14,1,8,2016,13,97,30,1,1
1236297734,"Canviz: Bring your Art to Life (Canceled)",50000,"canviz-bring-your-art-to-life","US","USD",TRUE,"Hardware","https://www.kickstarter.com/discover/categories/technology/hardware?ref=category_modal&sort=magic",7,5,"Sunday","Friday","Wednesday",10,26,2014,23,7,25,2014,17,8,27,2014,23,33,60,1,1
1484314621,"Neobase: Create a private social network outside the cloud",1e+05,"neobase-create-a-private-social-network-outside-th","US","USD",TRUE,"Hardware","https://www.kickstarter.com/discover/categories/technology/hardware?ref=category_modal&sort=magic",9,7,"Thursday","Thursday","Tuesday",4,30,2015,7,3,19,2015,0,3,31,2015,7,12,30,0,1
60771591,"STREAMZ: First Smart Headphones with WiFi Android Player",50000,"streamz-first-smart-headphones-with-wifi-android-p","US","USD",FALSE,"Hardware","https://www.kickstarter.com/discover/categories/technology/hardware?ref=category_modal&sort=magic",8,7,"Friday","Saturday","Wednesday",5,2,2014,2,2,8,2014,23,4,2,2014,2,52,30,0,1
1840309203,"The Fling: a desktop catapult made from carbon fiber",19500,"the-fling-a-desktop-catapult-made-from-carbon-fibe","US","USD",FALSE,"Hardware","https://www.kickstarter.com/discover/categories/technology/hardware?ref=category_modal&sort=magic",9,7,"Saturday","Monday","Thursday",7,16,2011,23,6,13,2011,18,6,16,2011,23,3,30,1,1
963651324,"Halcyon  Whole Home Smart  Circadian Wireless LED Light Bulb",25000,"halcyon-whole-home-smart-and-circadian-wireless-le","GB","GBP",FALSE,"Hardware","https://www.kickstarter.com/discover/categories/technology/hardware?ref=category_modal&sort=magic",9,9,"Friday","Tuesday","Wednesday",12,6,2013,15,10,22,2013,5,11,6,2013,15,15,30,0,1.59744919
1727000016,"Super Macro Bot (Canceled)",850000,"super-macro-bot","US","USD",FALSE,"Hardware","https://www.kickstarter.com/discover/categories/technology/hardware?ref=category_modal&sort=magic",4,4,"Sunday","Tuesday","Friday",12,1,2013,11,7,9,2013,2,11,1,2013,11,115,30,1,1
82470793,"Moband  A Gesture Universal Remote Control (Canceled)",30000,"moband-the-best-gesture-remote-control","CA","CAD",FALSE,"Hardware","https://www.kickstarter.com/discover/categories/technology/hardware?ref=category_modal&sort=magic",7,7,"Sunday","Sunday","Friday",7,24,2016,20,5,1,2016,2,6,24,2016,20,54,30,1,0.78090286
1302591597,"Silent Filtair (Canceled)",18000,"silent-filtair","GB","GBP",FALSE,"Hardware","https://www.kickstarter.com/discover/categories/technology/hardware?ref=category_modal&sort=magic",3,3,"Monday","Monday","Wednesday",6,23,2014,18,5,12,2014,7,5,21,2014,18,9,33,0,1.68164451
2076733569,"Qube: Power Outage and Temperature Alerts for Buildings",20000,"qube-dont-get-caught-unaware-by-power-outages","US","USD",FALSE,"Hardware","https://www.kickstarter.com/discover/categories/technology/hardware?ref=category_modal&sort=magic",8,6,"Tuesday","Wednesday","Tuesday",9,3,2013,16,9,19,2012,12,7,30,2013,16,314,35,0,1
1279865107,"Edison 3D - To Make ANY TV a 3DTV (Canceled)",38800,"edison-3d2d-to-3d-converter-and-3d-active-shutter","US","USD",FALSE,"Hardware","https://www.kickstarter.com/discover/categories/technology/hardware?ref=category_modal&sort=magic",10,9,"Friday","Thursday","Tuesday",7,1,2016,3,5,5,2016,21,5,17,2016,3,11,45,0,1
80022953,"st_pn01.0 (Canceled)",345000,"programmable-neon","GB","GBP",FALSE,"Hardware","https://www.kickstarter.com/discover/categories/technology/hardware?ref=category_modal&sort=magic",2,2,"Friday","Thursday","Sunday",10,21,2016,11,6,25,2015,3,8,28,2016,11,430,54,0,1.31371001
1814161857,"V-Pack   Rechargable Voltage Pack (Canceled)",5000,"v-pack-rechargable-voltage-pack","US","USD",FALSE,"Hardware","https://www.kickstarter.com/discover/categories/technology/hardware?ref=category_modal&sort=magic",6,6,"Sunday","Thursday","Thursday",9,11,2016,16,7,28,2016,12,7,28,2016,16,0,45,1,1
2077048369,"Checker - Keep your personal things safe (Canceled)",40000,"checker","US","USD",FALSE,"Hardware","https://www.kickstarter.com/discover/categories/technology/hardware?ref=category_modal&sort=magic",8,7,"Friday","Tuesday","Tuesday",5,22,2015,19,4,7,2015,18,4,7,2015,19,0,45,0,1
993639036,"UV One - The Evolution of TV (Canceled)",250000,"uv-one-the-evolution-of-tv","US","USD",FALSE,"Hardware","https://www.kickstarter.com/discover/categories/technology/hardware?ref=category_modal&sort=magic",8,7,"Thursday","Friday","Tuesday",3,5,2015,22,11,21,2014,19,2,3,2015,22,74,30,0,1
927147623,"Vivogrow Herb Pot - Plant Driven Automatic Watering System",1e+05,"vivogrow-herb-pot-plant-driven-automatic-watering","AU","AUD",FALSE,"Hardware","https://www.kickstarter.com/discover/categories/technology/hardware?ref=category_modal&sort=magic",9,9,"Monday","Friday","Wednesday",3,16,2015,2,8,29,2014,23,2,11,2015,12,165,32,0,0.78334422
1390593044,"Get a Surecan®  the Revolutionary Gas Can Built in the USA",150000,"get-a-surecan-the-revolutionary-gas-can-built-in-t","US","USD",FALSE,"Hardware","https://www.kickstarter.com/discover/categories/technology/hardware?ref=category_modal&sort=magic",11,7,"Friday","Monday","Friday",10,31,2014,11,9,8,2014,13,9,26,2014,14,18,34,0,1
1125638454,"Remotte™  the first remote control for Google Glass™",70000,"remottetm-the-first-remote-control-for-google-glas","US","USD",FALSE,"Hardware","https://www.kickstarter.com/discover/categories/technology/hardware?ref=category_modal&sort=magic",8,6,"Saturday","Tuesday","Wednesday",12,21,2013,9,8,27,2013,1,11,20,2013,9,85,31,1,1
2093539282,"MiCore Fitness - The Ultimate Core Workout From Your Home",13000,"micore-fitness-the-ultimate-core-workout-from-your","GB","GBP",FALSE,"Hardware","https://www.kickstarter.com/discover/categories/technology/hardware?ref=category_modal&sort=magic",10,10,"Saturday","Thursday","Thursday",5,2,2015,2,3,12,2015,9,4,2,2015,2,20,30,1,1.486074
1073900214,"Bootux! Multiboot USB! Fires up your PC! You'll want one!",10000,"bootux-multibootable-usb-device-to-fire-up-your-pc","US","USD",FALSE,"Hardware","https://www.kickstarter.com/discover/categories/technology/hardware?ref=category_modal&sort=magic",10,8,"Monday","Tuesday","Wednesday",4,14,2014,0,10,15,2013,16,3,5,2014,0,140,40,0,1
636174513,"Wireless Heated Mug (Canceled)",120000,"wireless-heated-mug","US","USD",FALSE,"Hardware","https://www.kickstarter.com/discover/categories/technology/hardware?ref=category_modal&sort=magic",4,4,"Saturday","Sunday","Thursday",5,2,2015,8,3,22,2015,16,4,2,2015,8,10,30,1,1
1941689632,"Disc Box (Canceled)",50000,"disc-box","US","USD",FALSE,"Hardware","https://www.kickstarter.com/discover/categories/technology/hardware?ref=category_modal&sort=magic",3,3,"Wednesday","Sunday","Monday",6,3,2015,10,5,3,2015,2,5,4,2015,10,1,30,0,1
1824816319,"Green Energy Alpha Particle Battery and Generator (Canceled)",223000,"alpha-radiation-battery-the-energy-solution-busine","US","USD",FALSE,"Hardware","https://www.kickstarter.com/discover/categories/technology/hardware?ref=category_modal&sort=magic",8,7,"Thursday","Monday","Tuesday",12,17,2015,11,11,16,2015,11,11,17,2015,11,0,30,0,1
926709313,"Recharged E-vehicle by payment station parking (Canceled)",35000,"recharged-e-vehicle-by-payment-station-parking","IT","EUR",FALSE,"Hardware","https://www.kickstarter.com/discover/categories/technology/hardware?ref=category_modal&sort=magic",7,6,"Friday","Tuesday","Monday",3,4,2016,9,11,3,2015,6,1,4,2016,9,62,60,0,1.08593904
463616264,"Branch – Form Fitted USB-C Hub for new Macbook (Canceled)",50000,"branch-form-fitted-usb-c-hub-for-new-macbook","US","USD",FALSE,"Hardware","https://www.kickstarter.com/discover/categories/technology/hardware?ref=category_modal&sort=magic",10,9,"Wednesday","Saturday","Friday",7,22,2015,14,5,2,2015,17,6,12,2015,14,40,39,0,1
259955674,"Kickstart the (Commodore) Amiga hardware and develop further",40000,"kickstart-the-commodore-amiga-hardware-and-develop","BE","EUR",FALSE,"Hardware","https://www.kickstarter.com/discover/categories/technology/hardware?ref=category_modal&sort=magic",8,5,"Wednesday","Wednesday","Thursday",9,30,2015,5,8,12,2015,5,8,13,2015,0,0,48,0,1.1050664
1715443877,"Gold Screens - The Worlds FIRST Internet Cinema (Canceled)",250000,"online-cinema","GB","GBP",FALSE,"Hardware","https://www.kickstarter.com/discover/categories/technology/hardware?ref=category_modal&sort=magic",9,9,"Friday","Saturday","Monday",8,5,2016,9,6,4,2016,19,6,6,2016,9,1,60,0,1.4518192
940522081,"The lightable screwdriver (Canceled)",3000,"the-lightable-screwdriver","US","USD",FALSE,"Hardware","https://www.kickstarter.com/discover/categories/technology/hardware?ref=category_modal&sort=magic",4,4,"Tuesday","Thursday","Tuesday",12,8,2015,11,10,8,2015,10,10,13,2015,18,5,55,0,1
1218187234,"IntelliQuit-World's 1st Smoking Biosensor & Mobile App",59000,"intelliquit-worlds-1st-smoking-biosensor-and-mobil","US","USD",FALSE,"Hardware","https://www.kickstarter.com/discover/categories/technology/hardware?ref=category_modal&sort=magic",7,7,"Wednesday","Thursday","Monday",11,12,2014,23,7,31,2014,16,10,13,2014,23,74,30,0,1
237264329,"Prynt: the first instant camera case for iPhone and Android",50000,"prynt-the-first-instant-camera-case-for-iphone-and","US","USD",TRUE,"Gadgets","https://www.kickstarter.com/discover/categories/technology/gadgets?ref=category_modal&sort=magic",10,7,"Tuesday","Friday","Tuesday",3,3,2015,7,10,17,2014,1,1,27,2015,7,102,35,0,1
1227561174,"PIXEL: Interactive LED Art",8000,"pixel-interactive-led-art","US","USD",TRUE,"Gadgets","https://www.kickstarter.com/discover/categories/technology/gadgets?ref=category_modal&sort=magic",4,4,"Saturday","Saturday","Tuesday",3,9,2013,13,12,8,2012,0,1,8,2013,13,31,60,1,1
1579070714,"Mr.Ghost: iPhone EMF Detector",7000,"mrghost-iphone-emf-detector","US","USD",TRUE,"Gadgets","https://www.kickstarter.com/discover/categories/technology/gadgets?ref=category_modal&sort=magic",4,4,"Tuesday","Wednesday","Wednesday",12,18,2012,14,11,14,2012,22,11,28,2012,4,13,20,0,1
2026411758,"Biopod - World's First Smart Microhabitat",30000,"worlds-first-smart-microhabitat","CA","CAD",TRUE,"Gadgets","https://www.kickstarter.com/discover/categories/technology/gadgets?ref=category_modal&sort=magic",6,6,"Tuesday","Tuesday","Sunday",11,3,2015,16,9,15,2015,10,10,4,2015,16,19,30,0,0.75944387
319307716,"SmartHalo - Turn your bike into a smart bike",67000,"smarthalo-turn-your-bike-into-a-smart-bike","CA","CAD",TRUE,"Gadgets","https://www.kickstarter.com/discover/categories/technology/gadgets?ref=category_modal&sort=magic",9,6,"Thursday","Wednesday","Tuesday",9,24,2015,7,8,5,2015,11,8,25,2015,7,19,30,0,0.75595561
209770544,"Shoka Bell: The Ultimate City Cycling Tool",75000,"shoka-bell-the-ultimate-city-cycling-tool","US","USD",TRUE,"Gadgets","https://www.kickstarter.com/discover/categories/technology/gadgets?ref=category_modal&sort=magic",7,7,"Thursday","Friday","Tuesday",9,1,2016,7,7,1,2016,15,8,2,2016,7,31,30,0,1
778697152,"Cashew Smart Wallet : Protect what you treasure the most!",40000,"cashew-smart-wallet-protect-what-you-treasure-the","US","USD",FALSE,"Gadgets","https://www.kickstarter.com/discover/categories/technology/gadgets?ref=category_modal&sort=magic",10,7,"Friday","Thursday","Wednesday",6,3,2016,12,1,7,2016,18,5,4,2016,12,117,30,0,1
1743520947,"The AnyCafé Travel Brewer - The Travel Mug That Brews Coffee",75000,"the-anycafe-travel-brewer-the-travel-mug-that-brew","US","USD",FALSE,"Gadgets","https://www.kickstarter.com/discover/categories/technology/gadgets?ref=category_modal&sort=magic",11,11,"Monday","Monday","Wednesday",12,12,2016,23,10,17,2016,22,11,2,2016,22,15,40,0,1
952976762,"Sento Towel: An Incredible Upgrade for an Everyday Essential",12000,"sento-towel-an-incredible-upgrade-for-an-everyday","AU","AUD",FALSE,"Gadgets","https://www.kickstarter.com/discover/categories/technology/gadgets?ref=category_modal&sort=magic",9,7,"Wednesday","Friday","Saturday",2,8,2017,6,12,9,2016,4,12,10,2016,6,1,60,0,0.74559373
1725267854,"TAYOGO Waterproof Mp3 Player & Bluetooth Headset & FM & App",20000,"tayogo-amp-waterproof-bluetooth-headphones-and-mus","US","USD",FALSE,"Gadgets","https://www.kickstarter.com/discover/categories/technology/gadgets?ref=category_modal&sort=magic",11,11,"Tuesday","Friday","Tuesday",1,10,2017,22,11,18,2016,22,12,6,2016,8,17,35,0,1
468451547,"The All-Go | Carbon Fiber Electric Bike",50000,"all-go-the-carbon-fiber-electric-bike","US","USD",FALSE,"Gadgets","https://www.kickstarter.com/discover/categories/technology/gadgets?ref=category_modal&sort=magic",7,7,"Friday","Thursday","Wednesday",7,8,2016,11,5,7,2015,20,6,8,2016,11,397,30,0,1
1216348523,"KIWI PLUG - Turn your smartphone into universal remote",30000,"kiwi-plug","FR","EUR",FALSE,"Gadgets","https://www.kickstarter.com/discover/categories/technology/gadgets?ref=category_modal&sort=magic",9,7,"Thursday","Tuesday","Tuesday",7,7,2016,2,5,31,2016,10,6,7,2016,2,6,30,0,1.13427554
2131341591,"TrapTap - The World's Simplest Speed Trap Indicator",85000,"traptap-a-wireless-speed-trap-indicator","CA","CAD",FALSE,"Gadgets","https://www.kickstarter.com/discover/categories/technology/gadgets?ref=category_modal&sort=magic",8,8,"Saturday","Thursday","Tuesday",5,14,2016,13,9,17,2015,18,3,15,2016,13,179,60,1,0.75666432
1703842508,"Flickerstrip: The customizable home Wi-Fi LED light strip",9200,"flickerstrip-create-your-own-personal-light-show","US","USD",FALSE,"Gadgets","https://www.kickstarter.com/discover/categories/technology/gadgets?ref=category_modal&sort=magic",8,8,"Saturday","Wednesday","Wednesday",6,4,2016,13,2,10,2016,18,5,4,2016,13,83,31,1,1
1162397330,"TripLit: The World's First Portable OLED Light",50000,"triplit-the-worlds-first-portable-oled-light","US","USD",FALSE,"Gadgets","https://www.kickstarter.com/discover/categories/technology/gadgets?ref=category_modal&sort=magic",7,7,"Wednesday","Sunday","Monday",7,1,2015,8,5,10,2015,13,6,1,2015,8,21,30,0,1
1837139498,"Pullup & Dip - work out wherever you want!",15000,"pullup-and-dip-work-out-wherever-you-want","DE","EUR",FALSE,"Gadgets","https://www.kickstarter.com/discover/categories/technology/gadgets?ref=category_modal&sort=magic",9,7,"Thursday","Thursday","Thursday",9,1,2016,14,5,26,2016,14,7,28,2016,8,62,35,0,1.09980753
1221407538,"Hardware Art:  Small Batch Crank Flashlight & Power Source",5000,"hardware-art-small-batch-crank-flashlight-and-powe","US","USD",TRUE,"Gadgets","https://www.kickstarter.com/discover/categories/technology/gadgets?ref=category_modal&sort=magic",9,9,"Thursday","Saturday","Tuesday",4,9,2015,12,1,24,2015,14,3,10,2015,12,44,30,0,1
663270711,"Wireless Smart Antenna To Complete Cord Cutting",50000,"smart-antenna-for-a-wireless-you-completing-cord-c","US","USD",FALSE,"Gadgets","https://www.kickstarter.com/discover/categories/technology/gadgets?ref=category_modal&sort=magic",7,7,"Saturday","Tuesday","Monday",9,17,2016,10,7,19,2016,17,8,15,2016,10,26,33,1,1
2120163172,"Ecomo: The World’s First Bottle That Tests & Filters Water",50000,"ecomo-the-worlds-first-bottle-that-tests-and-filte","US","USD",FALSE,"Gadgets","https://www.kickstarter.com/discover/categories/technology/gadgets?ref=category_modal&sort=magic",10,10,"Saturday","Tuesday","Wednesday",11,19,2016,9,9,27,2016,15,10,5,2016,9,7,45,1,1
2145054770,"Roome  The World's First Gesture Controlled Smart Lamp",10000,"roome-the-worlds-first-gesture-controlled-smart-la","US","USD",FALSE,"Gadgets","https://www.kickstarter.com/discover/categories/technology/gadgets?ref=category_modal&sort=magic",8,8,"Saturday","Wednesday","Tuesday",6,18,2016,7,5,4,2016,7,5,17,2016,7,13,32,1,1
771946318,"RokPak: World's First Solar  Battery Pack  Drybox All In One",60000,"rokpak-worlds-first-solar-battery-pack-drybox-all","US","USD",FALSE,"Gadgets","https://www.kickstarter.com/discover/categories/technology/gadgets?ref=category_modal&sort=magic",10,10,"Tuesday","Monday","Monday",5,3,2016,9,1,11,2016,15,3,28,2016,8,76,36,0,1
1194856126,"DreamScreen - Smart LED backlighting for any HDMI TV!",25000,"dreamscreen-smart-led-backlighting-for-any-hdmi-tv","US","USD",FALSE,"Gadgets","https://www.kickstarter.com/discover/categories/technology/gadgets?ref=category_modal&sort=magic",9,7,"Friday","Monday","Friday",2,19,2016,7,4,13,2015,10,1,15,2016,7,276,35,0,1
1661102627,"SunRaiden Solar Inverter-Charger for Off Grid Power Systems",25000,"sunraiden-solar-inverter-charger-for-off-grid-powe","US","USD",FALSE,"Gadgets","https://www.kickstarter.com/discover/categories/technology/gadgets?ref=category_modal&sort=magic",8,7,"Thursday","Sunday","Thursday",7,23,2015,17,5,31,2015,18,6,4,2015,17,3,49,0,1
1441159468,"DINO PET // a living  interactive  bioluminescent pet",50000,"dino-pet-a-living-bioluminescent-night-light-pet","US","USD",FALSE,"Gadgets","https://www.kickstarter.com/discover/categories/technology/gadgets?ref=category_modal&sort=magic",8,7,"Sunday","Tuesday","Tuesday",9,15,2013,21,2,12,2013,18,8,13,2013,10,181,33,1,1
1865569050,"SOTA is back for your best relax with 3 new colors!",500,"sota-is-back-for-your-best-relax-with-3-new-colors","IT","EUR",FALSE,"Gadgets","https://www.kickstarter.com/discover/categories/technology/gadgets?ref=category_modal&sort=magic",11,7,"Sunday","Thursday","Friday",8,7,2016,13,7,7,2016,5,7,8,2016,13,1,30,1,1.10877037
826762061,"ATOS is back for your best relax with 3 new colors!",500,"atos-is-back-for-your-best-relax-with-3-new-colors","IT","EUR",FALSE,"Gadgets","https://www.kickstarter.com/discover/categories/technology/gadgets?ref=category_modal&sort=magic",11,7,"Monday","Thursday","Thursday",11,14,2016,15,7,7,2016,4,10,27,2016,15,112,18,0,1.08902804
1272323729,"Griffin Pocket Tool",2000,"griffin-pocket-tool","US","USD",FALSE,"Gadgets","https://www.kickstarter.com/discover/categories/technology/gadgets?ref=category_modal&sort=magic",3,3,"Thursday","Wednesday","Tuesday",5,7,2015,18,1,28,2015,13,4,7,2015,18,69,30,0,1
1238358515,"iSCOUT Head-Up Display(HUD) | Making Driving Smarter & Safer",50000,"iscout-head-up-displayhud-making-driving-smarter-a","US","USD",FALSE,"Gadgets","https://www.kickstarter.com/discover/categories/technology/gadgets?ref=category_modal&sort=magic",9,9,"Sunday","Monday","Friday",6,26,2016,21,5,23,2016,2,5,27,2016,21,4,30,1,1
1124983715,"Klikr – Control everything from your smartphone",20000,"klikr-make-everything-klikable","GB","GBP",FALSE,"Gadgets","https://www.kickstarter.com/discover/categories/technology/gadgets?ref=category_modal&sort=magic",7,5,"Thursday","Thursday","Tuesday",12,3,2015,5,10,1,2015,9,11,3,2015,5,32,30,0,1.54321702
1171836416,"Retractable Scalpel Pocket Knife",1000,"retractable-scalpel-pocket-knife","US","USD",FALSE,"Gadgets","https://www.kickstarter.com/discover/categories/technology/gadgets?ref=category_modal&sort=magic",4,4,"Saturday","Tuesday","Thursday",11,21,2015,17,10,6,2015,15,10,22,2015,17,16,30,1,1
711830463,"MICATON MAGNETIC SCREW HOLDER",50000,"micaton-magnetic-screw-holder","US","USD",FALSE,"Gadgets","https://www.kickstarter.com/discover/categories/technology/gadgets?ref=category_modal&sort=magic",4,4,"Sunday","Sunday","Tuesday",12,13,2015,9,10,18,2015,15,11,3,2015,9,15,40,1,1
1112352474,"HelioTent - The Healthier Sun Shade",25000,"heliotent-the-healthier-sun-shade","DE","EUR",FALSE,"Gadgets","https://www.kickstarter.com/discover/categories/technology/gadgets?ref=category_modal&sort=magic",6,6,"Monday","Monday","Friday",7,4,2016,14,4,4,2016,13,5,20,2016,14,46,45,0,1.12454948
503136150,"ClubHub - See Your Game In A New Way",50000,"clubhub-see-your-game-in-a-new-way","US","USD",FALSE,"Gadgets","https://www.kickstarter.com/discover/categories/technology/gadgets?ref=category_modal&sort=magic",9,9,"Friday","Friday","Tuesday",10,16,2015,9,5,22,2015,11,9,1,2015,9,101,45,0,1
139616974,"Magic Pads : Stick-Hold-Use-Removal & Repeat",3000,"magic-pad-stick-hold-use-removal-and-repeat","US","USD",FALSE,"Gadgets","https://www.kickstarter.com/discover/categories/technology/gadgets?ref=category_modal&sort=magic",6,6,"Sunday","Sunday","Friday",7,17,2016,19,6,12,2016,8,6,17,2016,19,5,30,1,1
895557833,"First Ever-- Unbreakable Handicap Access Button!",15500,"first-ever-unbreakable-handicap-access-button","US","USD",FALSE,"Gadgets","https://www.kickstarter.com/discover/categories/technology/gadgets?ref=category_modal&sort=magic",6,6,"Monday","Wednesday","Monday",12,1,2014,18,10,15,2014,17,10,27,2014,9,11,35,0,1
1991318697,"RECAP S2: Record Phone Calls",3500,"recap-s2-record-phone-calls","US","USD",FALSE,"Gadgets","https://www.kickstarter.com/discover/categories/technology/gadgets?ref=category_modal&sort=magic",5,5,"Wednesday","Thursday","Friday",4,30,2014,21,3,20,2014,9,4,4,2014,13,15,26,0,1
490074944,"KitSentry - The Next Generation Smart Bag Is Here",18000,"kitsentry","US","USD",FALSE,"Gadgets","https://www.kickstarter.com/discover/categories/technology/gadgets?ref=category_modal&sort=magic",9,9,"Tuesday","Friday","Monday",4,14,2015,0,2,13,2015,13,2,23,2015,11,9,49,0,1
1174715381,"THINGY -- A Bluetooth device for everyday life - PSOC BTLE",5000,"thingy-a-bluetooth-device-for-everyday-life-psoc-b","US","USD",FALSE,"Gadgets","https://www.kickstarter.com/discover/categories/technology/gadgets?ref=category_modal&sort=magic",11,10,"Thursday","Saturday","Thursday",12,18,2014,14,7,6,2013,2,11,13,2014,14,495,35,0,1
780026081,"JUNOJUMPER Pro - The Ultimate Portable Power Source.",25000,"junojumper-pro-the-ultimate-portable-power-source","US","USD",FALSE,"Gadgets","https://www.kickstarter.com/discover/categories/technology/gadgets?ref=category_modal&sort=magic",8,8,"Thursday","Monday","Thursday",12,10,2015,0,8,24,2015,23,11,5,2015,0,72,35,0,1
467605976,"CliMate- Create your own friendly environment",50000,"climate-create-your-own-friendly-environment","US","USD",FALSE,"Gadgets","https://www.kickstarter.com/discover/categories/technology/gadgets?ref=category_modal&sort=magic",6,4,"Thursday","Sunday","Tuesday",7,10,2014,5,5,4,2014,8,6,10,2014,5,36,30,0,1
1747740042,"KINTA - iPhone case produced by Ninja (for iPhone 7)",3000,"kinta-iphone-case-produced-by-ninja-for-iphone-7","US","USD",FALSE,"Gadgets","https://www.kickstarter.com/discover/categories/technology/gadgets?ref=category_modal&sort=magic",10,9,"Monday","Thursday","Wednesday",10,17,2016,10,8,4,2016,1,9,28,2016,9,55,19,0,1
795555056,"Ping: Trackable Disc Golf Disc",10000,"ping-trackable-disc-golf-disc","US","USD",FALSE,"Gadgets","https://www.kickstarter.com/discover/categories/technology/gadgets?ref=category_modal&sort=magic",5,5,"Thursday","Saturday","Tuesday",2,5,2015,14,5,10,2014,21,1,6,2015,14,240,30,0,1
291408440,"WEMAGIN: INTERNET PRIVACY GADGET",50000,"wemagin-smart-usb-drive","US","USD",FALSE,"Gadgets","https://www.kickstarter.com/discover/categories/technology/gadgets?ref=category_modal&sort=magic",4,4,"Thursday","Monday","Sunday",12,11,2014,1,9,8,2014,19,10,12,2014,1,33,60,0,1
2116835667,"Pawtrack GPS Cat Tracking Collar",15000,"pawtrack-gps-cat-tracking-collar","GB","GBP",FALSE,"Gadgets","https://www.kickstarter.com/discover/categories/technology/gadgets?ref=category_modal&sort=magic",5,5,"Friday","Monday","Thursday",9,5,2014,15,3,24,2014,5,8,14,2014,8,143,22,0,1.68032773
1518441136,"Q-Tag: The World's Best Pet Tag - AnimalRescue.com",20000,"q-tag-digital-pet-id-tag-w-gps-animalrescuecom","US","USD",FALSE,"Gadgets","https://www.kickstarter.com/discover/categories/technology/gadgets?ref=category_modal&sort=magic",8,8,"Sunday","Saturday","Thursday",2,7,2016,9,10,17,2015,21,1,7,2016,9,81,31,1,1
24767736,"Evolution Wear - RapidSol. Faster than all the others.",15000,"fastest-solar-charger-in-the-world-developed-in-th","US","USD",FALSE,"Gadgets","https://www.kickstarter.com/discover/categories/technology/gadgets?ref=category_modal&sort=magic",9,6,"Friday","Thursday","Monday",9,23,2016,6,10,29,2015,2,7,25,2016,6,270,60,0,1
205868039,"Skiva UltraHD 4K HDMI Video Out Cable for Smartphones",5000,"skiva-ultrahd-4k-hdmi-video-out-cable-for-smartpho","US","USD",FALSE,"Gadgets","https://www.kickstarter.com/discover/categories/technology/gadgets?ref=category_modal&sort=magic",9,8,"Sunday","Tuesday","Friday",4,26,2015,10,3,17,2015,5,3,27,2015,10,10,30,1,1
838955779,"C-Cable: The multi-functional capsule cable you ever need",3000,"c-cable-the-multi-functional-capsule-cable-you-eve","US","USD",FALSE,"Gadgets","https://www.kickstarter.com/discover/categories/technology/gadgets?ref=category_modal&sort=magic",8,7,"Monday","Wednesday","Thursday",2,29,2016,19,12,16,2015,6,2,4,2016,11,50,25,0,1
1238891116,"Mist: Car odor eraser",250,"mist-car-odor-eraser","US","USD",FALSE,"Gadgets","https://www.kickstarter.com/discover/categories/technology/gadgets?ref=category_modal&sort=magic",4,4,"Sunday","Tuesday","Friday",1,17,2016,15,12,15,2015,15,12,18,2015,15,3,30,1,1
144967298,"SmartMatrix - Dynamic LED Art Display and Music Visualizer",30000,"smartmatrix-dynamic-led-art-display-and-music-visu","US","USD",TRUE,"Gadgets","https://www.kickstarter.com/discover/categories/technology/gadgets?ref=category_modal&sort=magic",9,8,"Sunday","Wednesday","Saturday",6,14,2015,23,4,30,2014,21,5,16,2015,11,380,29,1,1
1588747827,"DRIVE: Safe Messaging and Driving",88000,"drive-safe-connected-driving","US","USD",TRUE,"Gadgets","https://www.kickstarter.com/discover/categories/technology/gadgets?ref=category_modal&sort=magic",5,4,"Saturday","Friday","Thursday",11,29,2014,22,10,24,2014,13,10,30,2014,22,6,30,1,1
275261967,"HUUM Portable Smart Security System",20000,"huum-portable-smart-security-system","CA","CAD",TRUE,"Gadgets","https://www.kickstarter.com/discover/categories/technology/gadgets?ref=category_modal&sort=magic",5,5,"Saturday","Sunday","Saturday",12,27,2014,6,10,26,2014,11,11,22,2014,6,26,35,1,0.88421395
469266846,"Penumbra™ Interactive LED Beer Pong Table",40000,"penumbratm-interactive-led-beer-pong-table","US","USD",TRUE,"Gadgets","https://www.kickstarter.com/discover/categories/technology/gadgets?ref=category_modal&sort=magic",6,6,"Monday","Thursday","Tuesday",11,3,2014,19,10,2,2014,16,10,14,2014,19,12,20,0,1
1429825703,"Walk safely(or use it to spy)  and use your phone with FLiCC",8000,"see-the-world-with-flicc-forward-looking-cellphone","US","USD",TRUE,"Gadgets","https://www.kickstarter.com/discover/categories/technology/gadgets?ref=category_modal&sort=magic",12,7,"Wednesday","Tuesday","Monday",4,15,2015,11,2,17,2015,15,3,16,2015,11,26,30,0,1
1477145607,"Portlet (the Programmable Outlet)",10000,"portlet-the-programmable-outlet","US","USD",FALSE,"Gadgets","https://www.kickstarter.com/discover/categories/technology/gadgets?ref=category_modal&sort=magic",4,4,"Friday","Saturday","Wednesday",12,12,2014,20,10,18,2014,18,11,12,2014,20,25,30,0,1
260901201,"Turn your iPhone into a wireless hidden camera",8000,"spyframe-turn-your-iphone-into-a-wireless-hidden-c","CA","CAD",FALSE,"Gadgets","https://www.kickstarter.com/discover/categories/technology/gadgets?ref=category_modal&sort=magic",8,5,"Friday","Monday","Tuesday",5,15,2015,23,11,24,2014,13,3,31,2015,23,127,45,0,0.78860497
415528594,"litcase: First iPhone Selfie Case with Light on Front & Back",50000,"litcase-first-iphone-selfie-case-with-light-on-fro","US","USD",FALSE,"Gadgets","https://www.kickstarter.com/discover/categories/technology/gadgets?ref=category_modal&sort=magic",11,9,"Thursday","Monday","Tuesday",5,26,2016,2,3,7,2016,12,4,26,2016,2,49,30,0,1
1541961804,"SmartDecoy™ - Add Smartphone Control to your Robo Duck Decoy",55000,"smartdecoytm-add-smartphone-control-to-your-robo-d","US","USD",FALSE,"Gadgets","https://www.kickstarter.com/discover/categories/technology/gadgets?ref=category_modal&sort=magic",10,8,"Saturday","Wednesday","Tuesday",8,16,2014,11,5,21,2014,16,6,17,2014,11,26,60,1,1
1614216014,"Stick It Where IPod  Cell Phone and GPS Auto Mounting Pad",8000,"stick-it-where-ipod-cell-phone-and-gps-auto-mounti","US","USD",FALSE,"Gadgets","https://www.kickstarter.com/discover/categories/technology/gadgets?ref=category_modal&sort=magic",11,10,"Friday","Wednesday","Wednesday",8,1,2014,14,6,25,2014,19,7,2,2014,14,6,29,0,1
2019769045,"Rollo: the world’s first roll-in cable charger",50000,"rollo-the-worlds-first-roll-in-cable-charger","NL","EUR",FALSE,"Gadgets","https://www.kickstarter.com/discover/categories/technology/gadgets?ref=category_modal&sort=magic",7,6,"Monday","Monday","Wednesday",7,4,2016,0,1,18,2016,6,5,25,2016,0,127,40,0,1.12098701
839061327,"SmartSurface: A Parallelly Projected Touch Enabled System",10000,"smartsurface-make-any-surface-smart","US","USD",FALSE,"Gadgets","https://www.kickstarter.com/discover/categories/technology/gadgets?ref=category_modal&sort=magic",7,7,"Sunday","Wednesday","Friday",12,4,2016,11,11,2,2016,15,11,4,2016,11,1,30,1,1
599736619,"VIOS Smart Hydroponic Growing System by Urban Farmers Pro",92500,"vios-smart-hydroponic-growing-system-by-urban-farm","US","USD",FALSE,"Gadgets","https://www.kickstarter.com/discover/categories/technology/gadgets?ref=category_modal&sort=magic",9,8,"Friday","Monday","Thursday",12,16,2016,19,7,25,2016,22,10,27,2016,19,93,50,0,1
1022762778,"Tactile Keyboard For Your Android Smartphone",20000,"tapit-customizable-tactile-keypad-case","DE","EUR",FALSE,"Gadgets","https://www.kickstarter.com/discover/categories/technology/gadgets?ref=category_modal&sort=magic",6,6,"Tuesday","Wednesday","Tuesday",6,28,2016,11,12,23,2015,1,5,24,2016,11,153,35,0,1.1231576
2069306301,"Ty Together",50000,"ty-together","US","USD",FALSE,"Gadgets","https://www.kickstarter.com/discover/categories/technology/gadgets?ref=category_modal&sort=magic",2,2,"Friday","Friday","Wednesday",11,6,2015,10,7,31,2015,17,10,7,2015,10,67,30,0,1
1907198850,"The GenieJar! Live bait fish at your command!",38000,"the-geniejar-live-bait-fish-at-your-command","US","USD",FALSE,"Gadgets","https://www.kickstarter.com/discover/categories/technology/gadgets?ref=category_modal&sort=magic",8,6,"Monday","Sunday","Wednesday",11,30,2015,22,5,17,2015,13,10,28,2015,10,163,33,0,1
575798786,"The Stuff Stopper",15000,"the-stuff-stopper","US","USD",FALSE,"Gadgets","https://www.kickstarter.com/discover/categories/technology/gadgets?ref=category_modal&sort=magic",3,3,"Tuesday","Wednesday","Thursday",2,7,2017,12,12,28,2016,17,12,29,2016,12,0,40,0,1
806003129,"Furlala Heated Dog Jacket",15000,"heated-dog-jacket","US","USD",FALSE,"Gadgets","https://www.kickstarter.com/discover/categories/technology/gadgets?ref=category_modal&sort=magic",4,4,"Friday","Monday","Wednesday",4,10,2015,14,2,23,2015,14,2,25,2015,20,2,43,0,1
517430562,"QLite Pro EZ Grip LED Floodlight for Smartphones",92500,"qlite-pro-ez-grip-led-floodlight-for-smartphones","US","USD",FALSE,"Gadgets","https://www.kickstarter.com/discover/categories/technology/gadgets?ref=category_modal&sort=magic",8,7,"Wednesday","Sunday","Sunday",5,13,2015,17,3,29,2015,18,4,12,2015,17,13,31,0,1
2084736736,"Stop Oversleeping! User-Detecting Smart Wakeup Alarm and App",135000,"oversleep-never-again-smartstart-user-sensing-alar","US","USD",FALSE,"Gadgets","https://www.kickstarter.com/discover/categories/technology/gadgets?ref=category_modal&sort=magic",8,7,"Saturday","Sunday","Thursday",1,10,2015,12,3,4,2012,21,12,4,2014,12,1004,37,1,1
1521011250,"Dispositivo náutico de aviso de garreo - Anchor Drag Warning",660000,"dispositivo-nautico-de-aviso-de-garreo-anchor-drag","ES","EUR",FALSE,"Gadgets","https://www.kickstarter.com/discover/categories/technology/gadgets?ref=category_modal&sort=magic",10,10,"Saturday","Monday","Thursday",4,9,2016,2,2,22,2016,8,3,10,2016,2,16,30,1,1.097478
138353049,"Shoulder Strap innovation for laptop  sport and travel bags",2500,"kickstarter-edition-upwinding-shoulder-strap-for-b","DE","EUR",FALSE,"Gadgets","https://www.kickstarter.com/discover/categories/technology/gadgets?ref=category_modal&sort=magic",9,7,"Monday","Sunday","Thursday",6,27,2016,9,6,12,2016,9,6,16,2016,11,4,10,0,1.12036156
2035823081,"QUBE: The World's First Smart Trash Can",240000,"qube-the-worlds-first-smart-trash-can","ES","EUR",FALSE,"Gadgets","https://www.kickstarter.com/discover/categories/technology/gadgets?ref=category_modal&sort=magic",7,7,"Thursday","Tuesday","Tuesday",12,22,2016,3,10,13,2015,9,11,22,2016,3,405,30,0,1.05971494
1634691139,"Dad  we will get your AxleCrutch idea to the next level!",25000,"dad-we-will-get-your-axlecrutch-idea-to-the-next-l","US","USD",FALSE,"Gadgets","https://www.kickstarter.com/discover/categories/technology/gadgets?ref=category_modal&sort=magic",11,6,"Sunday","Thursday","Friday",9,7,2014,17,8,7,2014,0,8,8,2014,17,1,30,1,1
1045077927,"Thinking Cleaner  Wifi for iRobot® Roomba® 700 & 800 series",85000,"thinking-cleaner-wifi-for-irobot-roomba-700-and-80","NL","EUR",FALSE,"Gadgets","https://www.kickstarter.com/discover/categories/technology/gadgets?ref=category_modal&sort=magic",10,9,"Saturday","Thursday","Thursday",10,31,2015,17,8,20,2015,4,9,17,2015,18,28,43,1,1.12859556
110559488,"Extend-A-Vent The last car phone holder you will ever need",50000,"extend-a-vent-the-last-car-phone-holder-you-will-e","US","USD",FALSE,"Gadgets","https://www.kickstarter.com/discover/categories/technology/gadgets?ref=category_modal&sort=magic",10,8,"Monday","Wednesday","Thursday",11,7,2016,23,7,6,2016,13,9,8,2016,23,64,60,0,1
661321947,"Avocado: An Awesome Automotive Alignment Affixture",10000,"shop-quality-affordable-and-easy-toe-alignment-too","US","USD",FALSE,"Gadgets","https://www.kickstarter.com/discover/categories/technology/gadgets?ref=category_modal&sort=magic",6,6,"Wednesday","Tuesday","Monday",11,23,2016,20,10,18,2016,21,10,24,2016,20,5,30,0,1
1343380435,"Fitness with Hydro Dynamics - Proteus Ball for Core Strength",5000,"fitness-with-hydro-dynamics-proteus-ball-for-core","US","USD",FALSE,"Gadgets","https://www.kickstarter.com/discover/categories/technology/gadgets?ref=category_modal&sort=magic",10,8,"Thursday","Sunday","Tuesday",5,26,2016,13,4,17,2016,19,4,26,2016,13,8,30,0,1
608463387,"Lumi Flush",25000,"lumi-flush","US","USD",FALSE,"Gadgets","https://www.kickstarter.com/discover/categories/technology/gadgets?ref=category_modal&sort=magic",2,2,"Thursday","Thursday","Tuesday",7,21,2016,11,2,25,2016,21,6,21,2016,11,116,30,0,1
156729560,"Finishing Brian's Dream.",1500,"finishing-brians-dream","US","USD",FALSE,"Gadgets","https://www.kickstarter.com/discover/categories/technology/gadgets?ref=category_modal&sort=magic",3,3,"Sunday","Tuesday","Friday",7,27,2014,11,6,10,2014,22,6,27,2014,11,16,30,1,1
687722335,"Emergency Aquarium Heater Device",500,"emergency-aquarium-heater-device","US","USD",FALSE,"Gadgets","https://www.kickstarter.com/discover/categories/technology/gadgets?ref=category_modal&sort=magic",4,4,"Saturday","Wednesday","Wednesday",11,1,2014,11,9,3,2014,8,9,17,2014,11,14,45,1,1
258459073,"A portable karaoke microphone for iPhone  Android & tablets",40000,"a-portable-karaoke-microphone-for-iphone-android-a","ES","EUR",FALSE,"Gadgets","https://www.kickstarter.com/discover/categories/technology/gadgets?ref=category_modal&sort=magic",9,8,"Monday","Friday","Thursday",6,6,2016,4,10,30,2015,3,5,12,2016,4,195,25,0,1.13886655
1088700468,"headsUP - Motorcycle Head-up Display",125000,"headsup-motorcycle-head-up-display","US","USD",FALSE,"Gadgets","https://www.kickstarter.com/discover/categories/technology/gadgets?ref=category_modal&sort=magic",5,5,"Tuesday","Saturday","Saturday",4,7,2015,10,9,20,2014,16,2,21,2015,10,153,45,0,1
616943591,"The dooup walk-ease - the easy way to walk your dog!",7000,"the-dooup-walk-ease-the-easy-way-to-walk-your-dog","GB","GBP",FALSE,"Gadgets","https://www.kickstarter.com/discover/categories/technology/gadgets?ref=category_modal&sort=magic",11,8,"Thursday","Monday","Monday",9,11,2014,9,7,14,2014,3,7,28,2014,9,14,45,0,1.69759112
1948773776,"Soaring Shoes *** Gadget for Walking and Jogging",88200,"soaring-shoes-gadget-for-walking-and-jogging","CA","CAD",FALSE,"Gadgets","https://www.kickstarter.com/discover/categories/technology/gadgets?ref=category_modal&sort=magic",8,6,"Tuesday","Wednesday","Thursday",4,19,2016,10,11,4,2015,19,3,3,2016,10,119,47,0,0.74391478
275902521,"FIGHT FOOT DAMAGING EFFECTS WITH INSTANT ORTHO SHOE LOCK!",10000,"fight-foot-damaging-effects-with-instant-ortho-sho","US","USD",FALSE,"Gadgets","https://www.kickstarter.com/discover/categories/technology/gadgets?ref=category_modal&sort=magic",9,9,"Saturday","Sunday","Wednesday",1,7,2017,19,2,14,2016,2,11,23,2016,19,283,45,1,1
1855844,"3 Green Energy 3",147000,"3-green-energy-3","US","USD",FALSE,"Gadgets","https://www.kickstarter.com/discover/categories/technology/gadgets?ref=category_modal&sort=magic",4,4,"Tuesday","Thursday","Tuesday",3,1,2016,12,1,21,2016,11,1,26,2016,12,5,34,0,1
1830742198,"Ultimate Self Locking Clip USLC",25000,"ultimate-self-locking-clip-uslc","US","USD",FALSE,"Gadgets","https://www.kickstarter.com/discover/categories/technology/gadgets?ref=category_modal&sort=magic",5,5,"Monday","Thursday","Saturday",7,18,2016,13,6,9,2016,10,6,18,2016,13,9,30,0,1
225064853,"Dog Talker",105000,"dog-talker","US","USD",FALSE,"Gadgets","https://www.kickstarter.com/discover/categories/technology/gadgets?ref=category_modal&sort=magic",2,2,"Monday","Friday","Saturday",5,25,2015,8,3,20,2015,9,4,25,2015,8,35,30,0,1
1738559497,"Hygienischer Toilettensitz",60000,"hygienischer-toilettensitz","AT","EUR",FALSE,"Gadgets","https://www.kickstarter.com/discover/categories/technology/gadgets?ref=category_modal&sort=magic",2,2,"Wednesday","Tuesday","Friday",10,19,2016,11,7,5,2016,12,9,9,2016,11,65,40,0,1.12536574
92346228,"Pongbot... The New Way To Play Beer Pong",1e+05,"pongbot-the-new-way-to-play-beer-pong","US","USD",FALSE,"Gadgets","https://www.kickstarter.com/discover/categories/technology/gadgets?ref=category_modal&sort=magic",8,8,"Thursday","Monday","Monday",9,22,2016,22,7,18,2016,8,8,22,2016,8,34,31,0,1
1672450808,"ErgStick - Automatically record your Concept2 scores",71337,"ergstick-automatically-record-your-concept2-scores","GB","GBP",FALSE,"Gadgets","https://www.kickstarter.com/discover/categories/technology/gadgets?ref=category_modal&sort=magic",7,6,"Sunday","Saturday","Thursday",6,28,2015,6,3,28,2015,4,5,21,2015,5,54,38,1,1.5520937
581240701,"BUZZARM: World's First Smart Guard For Wallets",50000,"buzzarm-worlds-first-smart-guard-for-wallets","US","USD",FALSE,"Gadgets","https://www.kickstarter.com/discover/categories/technology/gadgets?ref=category_modal&sort=magic",7,7,"Tuesday","Thursday","Thursday",12,15,2015,9,10,29,2015,2,11,5,2015,9,7,40,0,1
2130212538,"can crushing",600,"can-crushing","US","USD",FALSE,"Gadgets","https://www.kickstarter.com/discover/categories/technology/gadgets?ref=category_modal&sort=magic",2,1,"Tuesday","Tuesday","Friday",9,30,2014,16,7,8,2014,13,8,1,2014,16,24,60,0,1
418468141,"Bumbl - The Smart Car Seat Monitor",55000,"bumbl-the-smart-car-seat-monitor","US","USD",FALSE,"Gadgets","https://www.kickstarter.com/discover/categories/technology/gadgets?ref=category_modal&sort=magic",7,7,"Saturday","Tuesday","Thursday",11,12,2016,2,9,13,2016,1,10,13,2016,2,30,30,1,1
13930523,"Referee Ralph | The Ultimate Gameday Companion",125000,"referee-ralph-the-ultimate-gameday-companion-app-e","US","USD",FALSE,"Gadgets","https://www.kickstarter.com/discover/categories/technology/gadgets?ref=category_modal&sort=magic",7,7,"Tuesday","Monday","Thursday",10,20,2015,8,3,23,2015,21,9,10,2015,8,170,40,0,1
2115038664,"The Emergency Portable Power Unit",42000,"the-emergency-portable-power-unit","US","USD",FALSE,"Gadgets","https://www.kickstarter.com/discover/categories/technology/gadgets?ref=category_modal&sort=magic",5,5,"Thursday","Wednesday","Tuesday",12,8,2016,10,11,2,2016,19,11,8,2016,10,5,30,0,1
981126102,"PADESTAL-Ultimate iPad/Tablet/Kindle/ + Laptop Comfort Stand",10000,"the-padestal-the-ultimate-ipad-tablet-stand","US","USD",FALSE,"Gadgets","https://www.kickstarter.com/discover/categories/technology/gadgets?ref=category_modal&sort=magic",6,6,"Friday","Saturday","Monday",10,24,2014,16,8,30,2014,13,9,8,2014,16,9,46,0,1
1850397585,"""When You're Sweaty & Hot Be Cool with BlowMeCool""",25000,"when-youre-sweaty-and-hot-be-cool-with-blowmecool","CA","CAD",FALSE,"Gadgets","https://www.kickstarter.com/discover/categories/technology/gadgets?ref=category_modal&sort=magic",9,8,"Sunday","Thursday","Tuesday",4,12,2015,10,2,5,2015,18,3,3,2015,10,25,40,1,0.79965966
2093352777,"Botanicaire: A Purposeful Indoor Ecosystem",1e+05,"botanicaire-a-purposeful-indoor-ecosystem","US","USD",FALSE,"Gadgets","https://www.kickstarter.com/discover/categories/technology/gadgets?ref=category_modal&sort=magic",5,5,"Thursday","Tuesday","Tuesday",12,10,2015,17,10,13,2015,23,11,10,2015,17,27,30,0,1
1607095567,"Selfie Hitch",40000,"selfie-hitch","US","USD",FALSE,"Gadgets","https://www.kickstarter.com/discover/categories/technology/gadgets?ref=category_modal&sort=magic",2,2,"Saturday","Sunday","Thursday",10,1,2016,8,5,8,2016,10,9,1,2016,8,115,30,1,1
1239711559,"SOLARUP™ SunPro Portable Solar Power Charging System",75000,"solaruptm-sunpro-portable-solar-power-charging-sys","US","USD",FALSE,"Gadgets","https://www.kickstarter.com/discover/categories/technology/gadgets?ref=category_modal&sort=magic",7,7,"Friday","Tuesday","Monday",5,6,2016,10,11,24,2015,14,3,7,2016,10,103,60,0,1
1881911527,"The Hitchhiker",1e+05,"the-hitchhiker","US","USD",FALSE,"Gadgets","https://www.kickstarter.com/discover/categories/technology/gadgets?ref=category_modal&sort=magic",2,2,"Saturday","Saturday","Wednesday",7,18,2015,14,5,30,2015,7,6,3,2015,14,4,45,1,1
1580225077,"""Twinkle-Ring"" World’s 1st LED Ring light w/wide-angle lens",8000,"twinkle-ring-worlds-1st-led-ring-light-w-wide-angl","US","USD",FALSE,"Gadgets","https://www.kickstarter.com/discover/categories/technology/gadgets?ref=category_modal&sort=magic",8,8,"Sunday","Tuesday","Monday",5,31,2015,9,3,17,2015,2,4,27,2015,1,40,34,1,1
988935733,"World's First Smart USB Cable with Safety Features",2e+05,"worlds-first-smart-usb-cable-with-safety-features","SG","SGD",FALSE,"Gadgets","https://www.kickstarter.com/discover/categories/technology/gadgets?ref=category_modal&sort=magic",8,7,"Sunday","Tuesday","Thursday",1,8,2017,16,11,22,2016,22,11,24,2016,16,1,45,1,0.70127752
1784746316,"VirWind - add wind to your virtual reality experience!",421380,"virwind-add-wind-to-your-virtual-reality-experienc","SE","SEK",FALSE,"Gadgets","https://www.kickstarter.com/discover/categories/technology/gadgets?ref=category_modal&sort=magic",9,7,"Sunday","Saturday","Thursday",8,16,2015,11,6,27,2015,6,7,16,2015,2,18,31,1,0.11755542
306151431,"My Smart Hydroponic Module Garden",25000,"my-smart-hydroponic-module-garden","US","USD",FALSE,"Gadgets","https://www.kickstarter.com/discover/categories/technology/gadgets?ref=category_modal&sort=magic",5,5,"Tuesday","Tuesday","Wednesday",2,14,2017,18,11,15,2016,16,1,25,2017,18,71,20,0,1
1623658235,"Map Roamers 1:25000 Scale",3000,"map-roamers-1-25000-scale","GB","GBP",FALSE,"Gadgets","https://www.kickstarter.com/discover/categories/technology/gadgets?ref=category_modal&sort=magic",4,4,"Thursday","Sunday","Wednesday",9,25,2014,11,7,27,2014,4,8,6,2014,11,10,50,0,1.68649422
1890494239,"Time Circuits : Back To The Future Collectible",25000,"time-circuits-back-to-the-future-collectible","FR","EUR",FALSE,"Gadgets","https://www.kickstarter.com/discover/categories/technology/gadgets?ref=category_modal&sort=magic",8,8,"Saturday","Monday","Thursday",7,2,2016,18,10,26,2015,19,6,2,2016,18,219,30,1,1.11210088
1650614665,"PLAND - Laptop mouse pad",3500,"pland-laptop-mouse-pad","FR","EUR",FALSE,"Gadgets","https://www.kickstarter.com/discover/categories/technology/gadgets?ref=category_modal&sort=magic",5,5,"Thursday","Tuesday","Monday",10,6,2016,15,5,3,2016,13,8,22,2016,15,111,45,0,1.13282356
53129474,"LightBug: Cut the chase. Never lose anything or anyone again",50000,"lightbug-cut-the-chase-never-lose-anything-or-anyo","GB","GBP",FALSE,"Gadgets","https://www.kickstarter.com/discover/categories/technology/gadgets?ref=category_modal&sort=magic",10,7,"Tuesday","Saturday","Thursday",9,15,2015,12,6,27,2015,2,8,13,2015,12,47,33,0,1.55564786
1348760052,"DROIDSTIX",39250,"droidstix","US","USD",FALSE,"Gadgets","https://www.kickstarter.com/discover/categories/technology/gadgets?ref=category_modal&sort=magic",1,1,"Wednesday","Sunday","Wednesday",11,12,2014,12,10,19,2014,6,10,22,2014,12,3,21,0,1
683460371,"PowerTower: Organize and power your peripherals and cords!",1e+05,"powertower-organize-and-power-your-peripherals-and","US","USD",FALSE,"Gadgets","https://www.kickstarter.com/discover/categories/technology/gadgets?ref=category_modal&sort=magic",8,5,"Thursday","Tuesday","Tuesday",1,22,2015,15,11,11,2014,0,12,23,2014,15,42,30,0,1
1078583126,"Hologram Pyramid",12500,"hologram-pyramid","US","USD",FALSE,"Gadgets","https://www.kickstarter.com/discover/categories/technology/gadgets?ref=category_modal&sort=magic",2,2,"Thursday","Friday","Tuesday",1,14,2016,18,11,27,2015,11,12,15,2015,18,18,30,0,1
585447514,"Crank: A Keychain Multi-Tool Carabiner For The Adventurer",7500,"crank-a-keychain-multi-tool-carabiner-for-the-adve","US","USD",FALSE,"Gadgets","https://www.kickstarter.com/discover/categories/technology/gadgets?ref=category_modal&sort=magic",8,8,"Tuesday","Tuesday","Tuesday",9,6,2016,10,5,10,2016,22,8,2,2016,10,83,35,0,1
1165290964,"Team SHARP Alarm",50000,"team-sharp-alarm","US","USD",FALSE,"Gadgets","https://www.kickstarter.com/discover/categories/technology/gadgets?ref=category_modal&sort=magic",3,3,"Tuesday","Tuesday","Friday",4,26,2016,7,8,25,2015,20,2,26,2016,7,184,60,0,1
1262248914,"Waverider anti radiation protective cell phone case",5000,"waverider-anti-radiation-protective-cell-phone-cas","GB","GBP",FALSE,"Gadgets","https://www.kickstarter.com/discover/categories/technology/gadgets?ref=category_modal&sort=magic",7,7,"Thursday","Friday","Tuesday",8,13,2015,4,5,22,2015,5,7,14,2015,4,52,30,0,1.55024819
1795871575,"Guitar Effects Cable Amplifies Pickups at the Source",1350,"guitar-effects-cable-amplifies-pickups-at-the-sour","US","USD",FALSE,"Gadgets","https://www.kickstarter.com/discover/categories/technology/gadgets?ref=category_modal&sort=magic",8,6,"Wednesday","Saturday","Monday",1,21,2015,15,12,6,2014,13,12,22,2014,15,16,30,0,1
1945839866,"Brake Protec - Cleans your brakes while you enjoy the Trip!",20000,"brake-protec-protecting-your-mountain-bike-brakes","NL","EUR",FALSE,"Gadgets","https://www.kickstarter.com/discover/categories/technology/gadgets?ref=category_modal&sort=magic",11,7,"Friday","Monday","Wednesday",9,9,2016,7,7,25,2016,9,8,10,2016,7,15,30,0,1.10852455
407881268,"SMILE: Low-cost solar technology for the developing world",3e+05,"smile-low-cost-solar-technology-for-the-developing","DK","DKK",FALSE,"Gadgets","https://www.kickstarter.com/discover/categories/technology/gadgets?ref=category_modal&sort=magic",8,6,"Monday","Friday","Thursday",8,24,2015,6,5,29,2015,7,6,25,2015,6,26,60,0,0.14998978
282921658,"Ettore Bikes - Most affordable folding Electric Bike ever!",70000,"ettore-bikes-most-affordable-folding-ebike-on-eart","US","USD",FALSE,"Gadgets","https://www.kickstarter.com/discover/categories/technology/gadgets?ref=category_modal&sort=magic",9,9,"Wednesday","Monday","Monday",10,12,2016,9,8,15,2016,17,9,12,2016,9,27,30,0,1
541191271,"qBiq – the Internet of Everything Smart Gadget",1e+05,"qbiq-the-internet-of-everything-smart-gadget","CA","CAD",FALSE,"Gadgets","https://www.kickstarter.com/discover/categories/technology/gadgets?ref=category_modal&sort=magic",8,6,"Friday","Tuesday","Friday",1,20,2017,22,9,27,2016,11,12,9,2016,4,72,42,0,0.75610651
1846582637,"Vector Tee",5000,"vector-tee","US","USD",FALSE,"Gadgets","https://www.kickstarter.com/discover/categories/technology/gadgets?ref=category_modal&sort=magic",2,2,"Wednesday","Friday","Monday",4,27,2016,10,3,25,2016,20,3,28,2016,10,2,30,0,1
795362879,"Insects & Circuits: Working Out the Bugs",1500,"insects-and-circuits-working-out-the-bugs","US","USD",FALSE,"Gadgets","https://www.kickstarter.com/discover/categories/technology/gadgets?ref=category_modal&sort=magic",7,6,"Thursday","Monday","Tuesday",4,7,2016,11,3,7,2016,10,3,8,2016,11,1,30,0,1
189549242,"ECOlibri 2.5",50000,"ecolibri-25","GB","GBP",FALSE,"Gadgets","https://www.kickstarter.com/discover/categories/technology/gadgets?ref=category_modal&sort=magic",2,2,"Wednesday","Thursday","Friday",3,16,2016,4,11,19,2015,11,2,5,2016,4,77,40,0,1.45850623
1989259851,"Geiger Counter w/ GPS Mapping and Logging",50000,"geiger-counter-w-gps-mapping-and-logging","US","USD",FALSE,"Gadgets","https://www.kickstarter.com/discover/categories/technology/gadgets?ref=category_modal&sort=magic",7,6,"Tuesday","Friday","Sunday",3,31,2015,13,2,6,2015,18,3,1,2015,13,22,30,0,1
1831113391,"Dolphinese! Talk to Dolphins in their own native language!",1171000,"dolphinese-talk-to-dolphins-in-their-own-native-la","US","USD",FALSE,"Gadgets","https://www.kickstarter.com/discover/categories/technology/gadgets?ref=category_modal&sort=magic",9,5,"Wednesday","Friday","Monday",6,10,2015,15,2,13,2015,22,4,27,2015,15,72,44,0,1
1296825061,"Computer lab in Uganda",10000,"computer-lab-in-uganda","DE","EUR",FALSE,"Gadgets","https://www.kickstarter.com/discover/categories/technology/gadgets?ref=category_modal&sort=magic",4,3,"Friday","Monday","Monday",9,23,2016,17,7,25,2016,3,7,25,2016,17,0,60,0,1.09787561
579881132,"""WillieRim"" The Rim Protector",70000,"willierim-the-rim-protector","US","USD",FALSE,"Gadgets","https://www.kickstarter.com/discover/categories/technology/gadgets?ref=category_modal&sort=magic",4,4,"Thursday","Monday","Monday",7,30,2015,2,1,5,2015,15,6,15,2015,19,161,44,0,1
2009358619,"Safety Beacon - The world's smartest road safety device",30000,"safety-beacon","GB","GBP",FALSE,"Gadgets","https://www.kickstarter.com/discover/categories/technology/gadgets?ref=category_modal&sort=magic",9,9,"Tuesday","Friday","Sunday",4,12,2016,5,2,19,2016,6,3,13,2016,5,22,30,0,1.43250263
1079446658,"The Towel Hugger - Give Your Towel a Hug",55500,"the-towel-hugger-give-your-towel-a-hug","US","USD",FALSE,"Gadgets","https://www.kickstarter.com/discover/categories/technology/gadgets?ref=category_modal&sort=magic",9,8,"Thursday","Monday","Tuesday",2,26,2015,20,1,19,2015,20,1,27,2015,20,8,30,0,1
903610481,"iPhone / Apple Watch / IPad dock",2500,"iphone-apple-watch-ipad-dock","US","USD",FALSE,"Gadgets","https://www.kickstarter.com/discover/categories/technology/gadgets?ref=category_modal&sort=magic",7,7,"Friday","Saturday","Monday",6,19,2015,11,4,18,2015,21,4,20,2015,11,1,60,0,1
1887961947,"Luvit: The Real-Life Like Button",25000,"luvit-the-real-life-like-button","US","USD",FALSE,"Gadgets","https://www.kickstarter.com/discover/categories/technology/gadgets?ref=category_modal&sort=magic",5,5,"Friday","Tuesday","Friday",9,25,2015,20,6,30,2015,8,8,21,2015,8,52,35,0,1
1197695873,"The Potty Master",185000,"the-potty-master","US","USD",FALSE,"Gadgets","https://www.kickstarter.com/discover/categories/technology/gadgets?ref=category_modal&sort=magic",3,3,"Saturday","Wednesday","Tuesday",8,1,2015,1,6,17,2015,13,6,30,2015,10,12,31,1,1
897984748,"Pro-Protector Personal Toothbrush Holder",35000,"pro-protector-personal-toothbrush-holder","US","USD",FALSE,"Gadgets","https://www.kickstarter.com/discover/categories/technology/gadgets?ref=category_modal&sort=magic",4,4,"Thursday","Monday","Tuesday",6,11,2015,11,5,4,2015,12,5,12,2015,11,7,30,0,1
849469836,"The Whatsupp Station - The World's First Protein Station",90000,"the-whatsupp-station-the-worlds-first-protein-stat","GB","GBP",FALSE,"Gadgets","https://www.kickstarter.com/discover/categories/technology/gadgets?ref=category_modal&sort=magic",9,9,"Saturday","Friday","Tuesday",11,8,2014,9,8,29,2014,7,9,9,2014,9,11,60,1,1.62256797
971632272,"Smart Pan Lid",55000,"smart-pan-lid","US","USD",FALSE,"Gadgets","https://www.kickstarter.com/discover/categories/technology/gadgets?ref=category_modal&sort=magic",3,3,"Saturday","Wednesday","Thursday",5,21,2016,0,4,20,2016,7,4,21,2016,0,0,30,1,1
1363809088,"Genx Cardtroller",30000,"genx-cardtroller","US","USD",FALSE,"Gadgets","https://www.kickstarter.com/discover/categories/technology/gadgets?ref=category_modal&sort=magic",2,2,"Tuesday","Tuesday","Sunday",10,7,2014,11,9,2,2014,16,9,7,2014,11,4,30,0,1
1989896338,"Triple S Smart Stand:The Loudest Battery Free Speaker Stand",10000,"triple-s-smart-stand-the-loudest-powerless-speaker","US","USD",FALSE,"Gadgets","https://www.kickstarter.com/discover/categories/technology/gadgets?ref=category_modal&sort=magic",9,9,"Friday","Thursday","Tuesday",12,25,2015,9,10,1,2015,16,11,10,2015,9,39,45,0,1
1578308297,"Hand D Handle",10000,"hand-d-handle","US","USD",FALSE,"Gadgets","https://www.kickstarter.com/discover/categories/technology/gadgets?ref=category_modal&sort=magic",3,3,"Sunday","Wednesday","Thursday",12,11,2016,15,10,26,2016,14,10,27,2016,15,1,45,1,1
358161211,"MemeDecks- Transparent Meme cards for any Camera!",7500,"memedecks-a-bleeding-edge-meme-creation-app-minus","US","USD",FALSE,"Gadgets","https://www.kickstarter.com/discover/categories/technology/gadgets?ref=category_modal&sort=magic",7,5,"Saturday","Wednesday","Thursday",9,12,2015,15,5,20,2015,16,8,13,2015,15,84,30,1,1
1005967498,"Multi-function kids chair with a ""one for one"" concept.",125000,"multi-function-kids-chair-with-a-one-for-one-conce","US","USD",FALSE,"Gadgets","https://www.kickstarter.com/discover/categories/technology/gadgets?ref=category_modal&sort=magic",9,6,"Saturday","Sunday","Thursday",12,10,2016,15,10,30,2016,12,11,10,2016,15,11,30,1,1
1185357074,"TruSlope: A golf ball marker that reads the green for you!!",25000,"truslope-a-ball-marker-that-reads-the-green-for-yo","US","USD",FALSE,"Gadgets","https://www.kickstarter.com/discover/categories/technology/gadgets?ref=category_modal&sort=magic",11,8,"Sunday","Wednesday","Thursday",5,22,2016,10,3,11,2015,6,4,7,2016,10,393,45,1,1
1551841565,"Ridersmate - Your Electronic Guardian Angel",19900,"ridersmate-your-electronic-guardian-angel","GB","GBP",FALSE,"Gadgets","https://www.kickstarter.com/discover/categories/technology/gadgets?ref=category_modal&sort=magic",6,6,"Sunday","Wednesday","Wednesday",2,8,2015,10,10,15,2014,10,12,10,2014,10,55,60,1,1.56338673
195846303,"Deco-D  ""Designer Automatic Aerosol Dispensers""",35000,"designer-automatic-aerosol-dispensers","US","USD",FALSE,"Gadgets","https://www.kickstarter.com/discover/categories/technology/gadgets?ref=category_modal&sort=magic",5,5,"Wednesday","Tuesday","Monday",12,16,2015,12,11,10,2015,8,11,16,2015,12,6,30,0,1
1986576162,"CG3 Putter will obsolete all other putters!",20000,"cg3-putter-will-obsolete-all-other-putters","US","USD",FALSE,"Gadgets","https://www.kickstarter.com/discover/categories/technology/gadgets?ref=category_modal&sort=magic",7,4,"Saturday","Sunday","Thursday",12,12,2015,16,11,1,2015,17,11,12,2015,16,10,30,1,1
1480509846,"TKO snap clamp - If you love your car  always hold it tight!",50000,"tko-snap-clamp-if-you-love-your-car-always-hold-it","US","USD",FALSE,"Gadgets","https://www.kickstarter.com/discover/categories/technology/gadgets?ref=category_modal&sort=magic",13,10,"Friday","Friday","Wednesday",5,8,2015,22,7,25,2014,22,3,25,2015,22,243,43,0,1
1950076802,"Clikk: Apple and Android Watch Home Theater Remote Control",75000,"clikk-apple-and-android-watch-home-theater-remote","US","USD",FALSE,"Gadgets","https://www.kickstarter.com/discover/categories/technology/gadgets?ref=category_modal&sort=magic",9,8,"Thursday","Wednesday","Thursday",5,28,2015,13,4,8,2015,15,4,23,2015,13,14,35,0,1
1721370614,"DC Bartender Has Created The World's First ""Reverse Coaster""",25000,"drinklock-the-worlds-first-reverse-coaster","US","USD",FALSE,"Gadgets","https://www.kickstarter.com/discover/categories/technology/gadgets?ref=category_modal&sort=magic",9,9,"Sunday","Tuesday","Thursday",10,12,2014,11,6,10,2014,22,8,28,2014,11,78,45,1,1
1613679303,"Tether-Tee",20000,"tether-tee","US","USD",FALSE,"Gadgets","https://www.kickstarter.com/discover/categories/technology/gadgets?ref=category_modal&sort=magic",1,1,"Monday","Sunday","Thursday",4,13,2015,16,2,8,2015,16,2,12,2015,16,3,60,0,1
1959948665,"Lamp Stove.  The Briquette Camp Stove for Campers and Hikers",26000,"lamp-stove-the-briquette-camp-stove-for-campers-an","US","USD",FALSE,"Gadgets","https://www.kickstarter.com/discover/categories/technology/gadgets?ref=category_modal&sort=magic",10,8,"Sunday","Thursday","Tuesday",4,5,2015,18,12,12,2013,20,3,3,2015,14,445,33,1,1
233567357,"S.Y.T. ( Support your tablet )",11500,"syt-support-your-tablet","IT","EUR",FALSE,"Gadgets","https://www.kickstarter.com/discover/categories/technology/gadgets?ref=category_modal&sort=magic",6,5,"Thursday","Wednesday","Thursday",10,15,2015,3,8,19,2015,14,9,10,2015,3,21,35,0,1.11809798
216812795,"MicFlip 2.0 - Fully Reversible Micro USB Cable",10000,"micflip-20-fully-reversible-micro-usb-cable","US","USD",FALSE,"Gadgets","https://www.kickstarter.com/discover/categories/technology/gadgets?ref=category_modal&sort=magic",8,8,"Thursday","Friday","Monday",9,29,2016,11,7,29,2016,5,8,15,2016,11,17,45,0,1
1535240746,"Steamganic",5000,"steamganic","US","USD",FALSE,"Gadgets","https://www.kickstarter.com/discover/categories/technology/gadgets?ref=category_modal&sort=magic",1,1,"Sunday","Friday","Friday",12,13,2015,14,6,13,2014,2,11,13,2015,14,518,30,1,1
876276876,"iCard - Pocket size phone charging device",550000,"icard-pocket-size-phone-charging-device","HK","HKD",FALSE,"Gadgets","https://www.kickstarter.com/discover/categories/technology/gadgets?ref=category_modal&sort=magic",7,7,"Friday","Sunday","Tuesday",11,25,2016,9,9,4,2016,22,10,11,2016,9,36,45,0,0.12890545
1913701433,"KIKAI - Consola de videojuegos y Mini-PC Lowcost",18900,"kikai-consola-de-videojuegos-y-mini-pc-lowcost","ES","EUR",FALSE,"Gadgets","https://www.kickstarter.com/discover/categories/technology/gadgets?ref=category_modal&sort=magic",8,7,"Saturday","Tuesday","Monday",7,11,2015,23,5,19,2015,17,6,1,2015,23,13,40,1,1.09491848
631087573,"Round LED Infinity Mirror - Full RGB Control & Customization",18000,"round-led-infinity-mirror-full-rgb-control-and-cus","US","USD",FALSE,"Gadgets","https://www.kickstarter.com/discover/categories/technology/gadgets?ref=category_modal&sort=magic",10,10,"Thursday","Thursday","Tuesday",4,2,2015,15,11,20,2014,14,3,3,2015,15,103,30,0,1
873886520,"Angel Hands - Family Tested  Family Approved!",35000,"angel-hands-family-tested-family-approved","US","USD",FALSE,"Gadgets","https://www.kickstarter.com/discover/categories/technology/gadgets?ref=category_modal&sort=magic",7,7,"Tuesday","Tuesday","Friday",5,12,2015,12,3,10,2015,21,3,13,2015,12,2,60,0,1
1618174305,"Smarter Solution to save lives of Children  Elderly and Pets",20000,"smarter-solution-to-save-lives-of-children-elderly","US","USD",FALSE,"Gadgets","https://www.kickstarter.com/discover/categories/technology/gadgets?ref=category_modal&sort=magic",10,7,"Thursday","Saturday","Tuesday",10,22,2015,9,9,19,2015,1,9,22,2015,9,3,30,0,1
1237052169,"CuisiVac",1000,"cuisivac","CA","CAD",FALSE,"Gadgets","https://www.kickstarter.com/discover/categories/technology/gadgets?ref=category_modal&sort=magic",1,1,"Saturday","Thursday","Friday",10,17,2015,11,10,1,2015,16,10,2,2015,11,0,15,1,0.75115847
2141862109,"The D Screen project by Rick Decena",1e+05,"the-d-screen-project-by-rick-decena","US","USD",FALSE,"Gadgets","https://www.kickstarter.com/discover/categories/technology/gadgets?ref=category_modal&sort=magic",7,6,"Wednesday","Wednesday","Monday",1,27,2016,17,12,23,2015,0,12,28,2015,17,5,30,0,1
1832150841,"Panoorin: Post by voice on social media with only one click!",10000,"speech-to-social-media-by-panoorin","US","USD",FALSE,"Gadgets","https://www.kickstarter.com/discover/categories/technology/gadgets?ref=category_modal&sort=magic",11,7,"Thursday","Friday","Tuesday",10,30,2014,17,8,15,2014,1,9,30,2014,17,46,30,0,1
2147016701,"Carly: World’s 1st Intelligent and Most Portable Powerbank",10000,"carly-worlds-1st-intelligent-and-most-portable-pow","US","USD",FALSE,"Gadgets","https://www.kickstarter.com/discover/categories/technology/gadgets?ref=category_modal&sort=magic",8,7,"Thursday","Tuesday","Tuesday",8,13,2015,6,5,26,2015,22,7,14,2015,6,48,30,0,1
538754870,"Smart Pickup; API Ready For Uber  Lyft & Other Ridesharing",50000,"smarter-cars-rider-facial-recognition-and-pickup-n","US","USD",FALSE,"Gadgets","https://www.kickstarter.com/discover/categories/technology/gadgets?ref=category_modal&sort=magic",10,10,"Friday","Sunday","Monday",2,3,2017,23,12,4,2016,18,12,5,2016,23,1,60,0,1
1014692209,"Orin Acute Universal Joint And Inot Ball Lock",1000,"new-inventions-orin-acute-universal-joint-and-inot","CA","CAD",FALSE,"Gadgets","https://www.kickstarter.com/discover/categories/technology/gadgets?ref=category_modal&sort=magic",8,8,"Friday","Sunday","Tuesday",5,8,2015,2,2,15,2015,17,3,31,2015,16,43,37,0,0.79255003
406839832,"Tiger Tongs ""Tongs That Bite""  BBQ  LED  camping  hunting.",8500,"tiger-tongs-tongs-that-bite-bbq-led-camping-huntin","US","USD",FALSE,"Gadgets","https://www.kickstarter.com/discover/categories/technology/gadgets?ref=category_modal&sort=magic",9,9,"Sunday","Tuesday","Friday",10,18,2015,10,8,11,2015,16,9,18,2015,10,37,30,1,1
982337492,"Solar powered LED lit up Real Estate signs",10000,"solar-powered-led-lit-up-real-estate-signs","US","USD",FALSE,"Gadgets","https://www.kickstarter.com/discover/categories/technology/gadgets?ref=category_modal&sort=magic",8,7,"Wednesday","Saturday","Saturday",1,7,2015,10,11,1,2014,17,11,8,2014,10,6,60,0,1
753997559,"DrinkLock Prevents Date Rape Drugs With The Reverse Coaster",25000,"drinklock-prevents-date-rape-drugs-with-the-revers","US","USD",FALSE,"Gadgets","https://www.kickstarter.com/discover/categories/technology/gadgets?ref=category_modal&sort=magic",9,9,"Friday","Tuesday","Wednesday",5,15,2015,7,3,24,2015,16,4,15,2015,7,21,30,0,1
1298847019,"the Pot Shot",55250,"the-pot-shot","US","USD",FALSE,"Gadgets","https://www.kickstarter.com/discover/categories/technology/gadgets?ref=category_modal&sort=magic",3,2,"Sunday","Sunday","Friday",3,15,2015,16,1,18,2015,16,2,13,2015,16,26,30,1,1
143430431,"OTON X:The First Artificial Intelligent Game Console",25000,"oton-x-the-first-artificial-intelligent-game-conso","US","USD",FALSE,"Gadgets","https://www.kickstarter.com/discover/categories/technology/gadgets?ref=category_modal&sort=magic",7,7,"Saturday","Monday","Monday",9,24,2016,9,3,21,2016,9,8,22,2016,12,154,32,1,1
516337183,"BAZWNG = Button And Zip With No Grip.",10000,"bazwng-button-and-zip-with-no-grip","US","USD",FALSE,"Gadgets","https://www.kickstarter.com/discover/categories/technology/gadgets?ref=category_modal&sort=magic",8,8,"Monday","Friday","Thursday",8,10,2015,17,5,22,2015,14,6,11,2015,17,20,60,0,1
1979292029,"ModuBanks - Modular USB Power Banks (First Funding)",250000,"modubanks-modular-usb-power-banks-first-funding","CA","CAD",FALSE,"Gadgets","https://www.kickstarter.com/discover/categories/technology/gadgets?ref=category_modal&sort=magic",8,8,"Saturday","Monday","Tuesday",12,3,2016,17,10,3,2016,17,10,4,2016,17,1,60,1,0.76234271
1060106397,"DragonPat. Un support de casque pour motard et autres.",50000,"dragonpat-un-support-de-casque-pour-motard-et-autr","FR","EUR",FALSE,"Gadgets","https://www.kickstarter.com/discover/categories/technology/gadgets?ref=category_modal&sort=magic",9,9,"Monday","Saturday","Saturday",9,14,2015,14,8,15,2015,14,8,22,2015,19,7,22,0,1.12655493
630318624,"Wireless Charger For iPhone that uses ambient noise",5000,"wireless-charger-for-iphone-that-uses-ambient-nois","US","USD",FALSE,"Gadgets","https://www.kickstarter.com/discover/categories/technology/gadgets?ref=category_modal&sort=magic",8,7,"Saturday","Wednesday","Thursday",11,8,2014,11,10,8,2014,5,10,9,2014,11,1,30,1,1
1196669776,"GasTracker",16000,"gastracker","US","USD",FALSE,"Gadgets","https://www.kickstarter.com/discover/categories/technology/gadgets?ref=category_modal&sort=magic",1,1,"Sunday","Friday","Friday",10,26,2014,11,9,5,2014,11,9,26,2014,11,21,30,1,1
1664916936,"MotiPen",50000,"motipen","AU","AUD",FALSE,"Gadgets","https://www.kickstarter.com/discover/categories/technology/gadgets?ref=category_modal&sort=magic",1,1,"Monday","Sunday","Thursday",11,3,2014,22,8,31,2014,3,9,4,2014,22,4,60,0,0.92792957
802437399,"The Automatic Germ Destroyer: Toilet Handle Sanitizer",1294,"the-automatic-germ-destroyer-toilet-handle-sanitiz","US","USD",FALSE,"Gadgets","https://www.kickstarter.com/discover/categories/technology/gadgets?ref=category_modal&sort=magic",7,7,"Saturday","Tuesday","Wednesday",8,29,2015,21,6,30,2015,21,7,1,2015,14,0,59,1,1
1135539026,"Forget Me Not Kid Alarm",250000,"forget-me-not-kid-alarm","US","USD",FALSE,"Gadgets","https://www.kickstarter.com/discover/categories/technology/gadgets?ref=category_modal&sort=magic",5,5,"Saturday","Monday","Thursday",10,11,2014,21,7,28,2014,22,9,11,2014,21,44,30,1,1
340835659,"JumpStart: The two-way phone charger",500,"jumpstart-the-two-way-phone-charger","US","USD",FALSE,"Gadgets","https://www.kickstarter.com/discover/categories/technology/gadgets?ref=category_modal&sort=magic",5,5,"Friday","Tuesday","Wednesday",7,10,2015,14,5,26,2015,0,6,10,2015,14,15,30,0,1
1451448950,"PureMeal - bacteria killer!",25000,"puremeal-bacteria-killer","GB","GBP",FALSE,"Gadgets","https://www.kickstarter.com/discover/categories/technology/gadgets?ref=category_modal&sort=magic",4,4,"Thursday","Monday","Tuesday",12,3,2015,5,10,26,2015,6,11,3,2015,5,7,30,0,1.54321702
76735168,"Oivo: The Smallest Backup Charger for iPhone (Canceled)",50000,"oivo-the-smallest-charger-on-the-go-for-iphone","US","USD",TRUE,"Gadgets","https://www.kickstarter.com/discover/categories/technology/gadgets?ref=category_modal&sort=magic",8,7,"Thursday","Friday","Tuesday",10,2,2014,20,8,8,2014,11,9,2,2014,14,25,30,0,1
610441954,"SmartMove - Accuracy You Can Trust  Change Made Easy",1e+05,"smartmove-accuracy-you-can-trust-change-made-easy","US","USD",TRUE,"Gadgets","https://www.kickstarter.com/discover/categories/technology/gadgets?ref=category_modal&sort=magic",9,9,"Tuesday","Sunday","Monday",5,27,2014,8,9,15,2013,14,4,7,2014,8,203,50,0,1
491563718,"MixStik  the magic stick to mix perfect cocktails (Canceled)",39000,"mixstik-the-magic-stick-to-mix-perfect-cocktails","US","USD",TRUE,"Gadgets","https://www.kickstarter.com/discover/categories/technology/gadgets?ref=category_modal&sort=magic",9,7,"Thursday","Saturday","Tuesday",11,5,2015,16,7,25,2015,5,9,29,2015,11,66,37,0,1
1595900365,"Poseidon™: Military-Grade Ultra-Compact Portable Charger",50000,"poseidontm-1st-waterproof-military-grade-portable","US","USD",FALSE,"Gadgets","https://www.kickstarter.com/discover/categories/technology/gadgets?ref=category_modal&sort=magic",5,5,"Tuesday","Saturday","Tuesday",12,23,2014,13,1,26,2013,0,11,18,2014,13,661,35,0,1
1448356746,"OLPRO BREEZE CAMPERVAN AWNINGS (Canceled)",75000,"olpro-breeze-campervan-awnings","GB","GBP",FALSE,"Gadgets","https://www.kickstarter.com/discover/categories/technology/gadgets?ref=category_modal&sort=magic",5,5,"Thursday","Thursday","Sunday",8,6,2015,11,5,21,2015,7,6,7,2015,11,17,60,0,1.52698565
173146756,"Zettaly Avy: The Smart Speaker Powered by Android™",50000,"zettaly-avy-the-smart-speaker-powered-by-androidtm","US","USD",FALSE,"Gadgets","https://www.kickstarter.com/discover/categories/technology/gadgets?ref=category_modal&sort=magic",8,7,"Thursday","Friday","Friday",2,12,2015,22,12,12,2014,11,1,2,2015,16,21,41,0,1
1769936614,"World's Fastest Charging Battery Case - Charges 20x Faster",50000,"worlds-fastest-charging-battery-case-charges-20x-f","US","USD",FALSE,"Gadgets","https://www.kickstarter.com/discover/categories/technology/gadgets?ref=category_modal&sort=magic",9,9,"Sunday","Monday","Friday",12,7,2014,8,9,15,2014,6,11,7,2014,8,53,30,1,1
230455021,"ArcaBoard: The world's first real hoverboard (Canceled)",250000,"arcaboard","US","USD",FALSE,"Gadgets","https://www.kickstarter.com/discover/categories/technology/gadgets?ref=category_modal&sort=magic",7,7,"Sunday","Friday","Friday",3,20,2016,11,2,12,2016,3,2,19,2016,11,7,30,1,1
1333858348,"ON - Magnetic Portable Wireless Charging for iPhone and S6",80000,"on","US","USD",FALSE,"Gadgets","https://www.kickstarter.com/discover/categories/technology/gadgets?ref=category_modal&sort=magic",10,8,"Friday","Friday","Monday",5,29,2015,21,1,2,2015,19,4,27,2015,16,114,32,0,1
351755263,"create  produce and market the SUPER NOOSE! TOTALLY IN HOUSE (Canceled)",50000,"create-produce-and-market-the-super-noose-totally","US","USD",FALSE,"Gadgets","https://www.kickstarter.com/discover/categories/technology/gadgets?ref=category_modal&sort=magic",11,9,"Sunday","Saturday","Monday",12,18,2016,20,11,19,2016,2,11,28,2016,20,9,20,1,1
1922820413,"SBWLY - USB Charging Cable for iPhone and Android (Canceled)",30000,"sbwly-usb-charging-cable-for-ios-and-android","GB","GBP",FALSE,"Gadgets","https://www.kickstarter.com/discover/categories/technology/gadgets?ref=category_modal&sort=magic",10,8,"Saturday","Saturday","Thursday",5,23,2015,14,3,28,2015,10,4,23,2015,14,26,30,1,1.49295177
1882912333,"The Freezer Nightlight (Canceled)",5000,"the-freezer-nightlight","US","USD",FALSE,"Gadgets","https://www.kickstarter.com/discover/categories/technology/gadgets?ref=category_modal&sort=magic",4,4,"Wednesday","Tuesday","Monday",9,3,2014,15,7,15,2014,1,8,4,2014,15,20,30,0,1
46550498,"Rock-On Sphere  waterproof  lighted  powered speaker",35000,"partyball-waterproof-lighted-speaker-with-battery","US","USD",FALSE,"Gadgets","https://www.kickstarter.com/discover/categories/technology/gadgets?ref=category_modal&sort=magic",6,6,"Wednesday","Tuesday","Monday",4,22,2015,12,12,9,2014,11,3,23,2015,12,104,30,0,1
1780701274,"Micro Hubs - The Social Networking Empire for Entrepreneurs",10000,"microhubscom-a-social-business-hub-and-more","US","USD",FALSE,"Gadgets","https://www.kickstarter.com/discover/categories/technology/gadgets?ref=category_modal&sort=magic",9,8,"Wednesday","Monday","Monday",6,24,2015,22,5,4,2015,16,5,18,2015,15,13,37,0,1
1948143204,"UME: Smart & Stylish USB outlet (Canceled)",45000,"ume-smart-and-stylish-usb-outlet","US","USD",FALSE,"Gadgets","https://www.kickstarter.com/discover/categories/technology/gadgets?ref=category_modal&sort=magic",7,7,"Tuesday","Friday","Tuesday",5,10,2016,6,3,18,2016,12,4,5,2016,6,17,35,0,1
1602271746,"Magic Filler Coffee Maker Reservoir Filler (Canceled)",1250,"magic-filler-coffee-maker-reservoir-filler","US","USD",FALSE,"Gadgets","https://www.kickstarter.com/discover/categories/technology/gadgets?ref=category_modal&sort=magic",7,7,"Wednesday","Tuesday","Tuesday",3,18,2015,22,3,3,2015,22,3,3,2015,23,0,14,0,1
1980086352,"High mileage fuel processor (Canceled)",9000,"high-mileage-fuel-processor","US","USD",FALSE,"Gadgets","https://www.kickstarter.com/discover/categories/technology/gadgets?ref=category_modal&sort=magic",5,5,"Tuesday","Sunday","Sunday",7,7,2015,23,6,7,2015,21,6,7,2015,23,0,30,0,1
1824133025,"Yavero 8 in 1 Key holder  battery charger  never lost & more",49000,"yavero-8-in-1-key-holder-battery-charger-never-los","US","USD",FALSE,"Gadgets","https://www.kickstarter.com/discover/categories/technology/gadgets?ref=category_modal&sort=magic",12,10,"Monday","Wednesday","Monday",3,16,2015,16,11,19,2014,23,1,26,2015,16,67,49,0,1
668357603,"ashwell a Patented Smokeless Fragrant Liquid ashtray (Canceled)",1e+05,"ashwell-a-patented-smokeless-fragrant-liquid-ashtr","US","USD",FALSE,"Gadgets","https://www.kickstarter.com/discover/categories/technology/gadgets?ref=category_modal&sort=magic",8,7,"Friday","Thursday","Wednesday",2,24,2017,17,7,24,2014,20,1,25,2017,17,915,30,0,1
313651173,"""ScreenSuspenders"" Universal IPad  Tablet & Phone Holder",30000,"screensuspenders-universal-ipad-tablet-and-phone-h","US","USD",FALSE,"Gadgets","https://www.kickstarter.com/discover/categories/technology/gadgets?ref=category_modal&sort=magic",7,7,"Thursday","Saturday","Tuesday",10,23,2014,0,5,24,2014,15,9,23,2014,0,121,30,0,1
1584550402,"Ultra light Professional LED hula hoops w smart technology!",4500,"ultra-light-professional-led-hula-hoops-w-smart-te","US","USD",FALSE,"Gadgets","https://www.kickstarter.com/discover/categories/technology/gadgets?ref=category_modal&sort=magic",9,9,"Tuesday","Friday","Friday",5,19,2015,16,4,24,2015,14,4,24,2015,16,0,25,0,1
1203278901,"QwiQcom: A new way to communicate (Canceled)",1e+05,"qwiqcom-wifi-intercom-the-smart-alternative-to-hom","US","USD",FALSE,"Gadgets","https://www.kickstarter.com/discover/categories/technology/gadgets?ref=category_modal&sort=magic",7,6,"Friday","Monday","Wednesday",3,18,2016,18,11,2,2015,17,2,17,2016,18,107,30,0,1
1106265767,"Gyro Caddy - The Coffee Cup Holder for Travelers (Canceled)",35000,"gyro-caddy-the-cup-holder-for-your-carry-on-luggag","US","USD",FALSE,"Gadgets","https://www.kickstarter.com/discover/categories/technology/gadgets?ref=category_modal&sort=magic",10,9,"Saturday","Friday","Wednesday",9,12,2015,13,6,12,2015,23,8,12,2015,13,60,31,1,1
987023068,"I-JUMP (Next Gen) with Benefits (Canceled)",6000,"i-jump-next-gen-with-benefits","US","USD",FALSE,"Gadgets","https://www.kickstarter.com/discover/categories/technology/gadgets?ref=category_modal&sort=magic",6,5,"Friday","Sunday","Friday",7,29,2016,14,4,3,2016,17,6,24,2016,14,81,35,0,1
1529500465,"RollScout™ - Go in peace! (Canceled)",37500,"rollscouttm-go-in-peace","US","USD",FALSE,"Gadgets","https://www.kickstarter.com/discover/categories/technology/gadgets?ref=category_modal&sort=magic",6,5,"Tuesday","Monday","Sunday",8,19,2014,15,2,17,2014,9,7,20,2014,15,153,30,0,1
956793348,"A new feeling of clean!! healthier skin for all - exfolimate",2e+05,"a-new-feeling-of-clean-healthier-skin-for-all-exfo","AU","AUD",FALSE,"Gadgets","https://www.kickstarter.com/discover/categories/technology/gadgets?ref=category_modal&sort=magic",11,8,"Thursday","Saturday","Tuesday",12,31,2015,23,11,28,2015,16,12,1,2015,23,3,30,0,0.72688893
1528669819,"PWR Mate - Android Phone to Phone Battery Share Charger",3000,"pwr-mate-android-phone-to-phone-battery-charger","US","USD",FALSE,"Gadgets","https://www.kickstarter.com/discover/categories/technology/gadgets?ref=category_modal&sort=magic",10,9,"Thursday","Sunday","Tuesday",3,17,2016,9,1,31,2016,8,2,16,2016,9,16,30,0,1
1344232826,"Huginn and Muninn. World's first modular monitoring system.",2100000,"huginnandmuninn-your-simple-modular-monitoring-sol","DK","DKK",FALSE,"Gadgets","https://www.kickstarter.com/discover/categories/technology/gadgets?ref=category_modal&sort=magic",8,7,"Friday","Thursday","Monday",7,3,2015,6,4,30,2015,6,5,25,2015,23,25,38,0,0.1473926
210122210,"Astracase Moi : Never Drop Your Phone Again (Canceled)",10000,"astracase-moi-never-drop-your-phone-again","US","USD",FALSE,"Gadgets","https://www.kickstarter.com/discover/categories/technology/gadgets?ref=category_modal&sort=magic",9,9,"Thursday","Friday","Tuesday",4,21,2016,13,3,18,2016,15,3,22,2016,13,3,30,0,1
147599080,"The Golf Ball Seeker! Find underwater golf balls (Canceled)",1000,"the-golf-ball-seeker-find-underwater-golf-balls","US","USD",FALSE,"Gadgets","https://www.kickstarter.com/discover/categories/technology/gadgets?ref=category_modal&sort=magic",9,9,"Saturday","Wednesday","Thursday",9,20,2014,20,7,30,2014,21,8,21,2014,20,21,30,1,1
1817083824,"Sno Mat (Canceled)",30000,"sno-mat","US","USD",FALSE,"Gadgets","https://www.kickstarter.com/discover/categories/technology/gadgets?ref=category_modal&sort=magic",3,3,"Friday","Friday","Monday",2,20,2015,20,12,12,2014,22,12,22,2014,20,9,60,0,1
1123636926,"Night Light Teddy (Canceled)",5000,"night-light-teddy","US","USD",FALSE,"Gadgets","https://www.kickstarter.com/discover/categories/technology/gadgets?ref=category_modal&sort=magic",4,4,"Sunday","Wednesday","Friday",12,6,2015,19,7,8,2015,13,11,6,2015,19,121,30,1,1
1772976120,"Fusion Writer Prototype (Canceled)",50000,"fusion-writer-prototype","CA","CAD",FALSE,"Gadgets","https://www.kickstarter.com/discover/categories/technology/gadgets?ref=category_modal&sort=magic",4,4,"Saturday","Thursday","Tuesday",11,22,2014,9,9,11,2014,15,9,23,2014,9,11,60,1,0.91376941
2101756839,"Ocean Tech California ""The Next Level"" (Canceled)",20000,"ocean-tech-california-the-next-level","US","USD",FALSE,"Gadgets","https://www.kickstarter.com/discover/categories/technology/gadgets?ref=category_modal&sort=magic",7,7,"Sunday","Saturday","Thursday",2,19,2017,9,12,31,2016,18,1,5,2017,9,4,45,1,1
737024489,"Wearable Airconditioner (Canceled)",6000,"wearable-airconditioner","US","USD",FALSE,"Gadgets","https://www.kickstarter.com/discover/categories/technology/gadgets?ref=category_modal&sort=magic",3,3,"Wednesday","Wednesday","Thursday",2,24,2016,13,2,10,2016,14,2,11,2016,13,0,12,0,1
1625971588,"Face Light (Canceled)",8000,"face-light","US","USD",FALSE,"Gadgets","https://www.kickstarter.com/discover/categories/technology/gadgets?ref=category_modal&sort=magic",3,3,"Sunday","Monday","Friday",11,1,2015,1,8,17,2015,0,10,2,2015,1,46,30,1,1
1040979621,"signage connectors and signage equipment (Canceled)",2500,"signage-connectors-and-signage-equipment","GB","GBP",FALSE,"Gadgets","https://www.kickstarter.com/discover/categories/technology/gadgets?ref=category_modal&sort=magic",6,5,"Saturday","Wednesday","Thursday",7,2,2016,11,6,1,2016,12,6,2,2016,11,0,30,1,1.448868
1721709792,"MANTIS PLANET - Futuristic Vegas Show (Canceled)",22000,"mantis-planet-futuristic-vegas-show","US","USD",FALSE,"Gadgets","https://www.kickstarter.com/discover/categories/technology/gadgets?ref=category_modal&sort=magic",7,7,"Tuesday","Sunday","Friday",4,5,2016,17,1,17,2016,19,2,5,2016,17,18,60,0,1
1415497849,"Project Canceled (Canceled)",80000,"esl-and-brush-wireless-charging-solar-power-anywhe","US","USD",FALSE,"Gadgets","https://www.kickstarter.com/discover/categories/technology/gadgets?ref=category_modal&sort=magic",3,3,"Thursday","Monday","Monday",8,20,2015,23,4,20,2015,21,7,6,2015,9,76,45,0,1
1323185961,"Sprite: portable and rugged.  A totally different drone.",2e+05,"sprite-the-portable-rugged-totally-different-small","US","USD",TRUE,"Flight","https://www.kickstarter.com/discover/categories/technology/flight?ref=category_modal&sort=magic",8,7,"Saturday","Sunday","Thursday",6,13,2015,22,5,10,2015,8,5,14,2015,22,4,30,1,1
1288616940,"WaterStrider: Perfect Footage. Confident Landings. Anywhere.",22500,"waterstrider-perfect-footage-confident-landings-an","US","USD",FALSE,"Flight","https://www.kickstarter.com/discover/categories/technology/flight?ref=category_modal&sort=magic",6,6,"Monday","Thursday","Friday",5,30,2016,22,2,11,2016,16,4,22,2016,13,70,38,0,1
1164755449,"Help Cali Dronez get off the ground!!!",17000,"help-cali-dronez-get-off-the-ground","US","USD",FALSE,"Flight","https://www.kickstarter.com/discover/categories/technology/flight?ref=category_modal&sort=magic",7,5,"Thursday","Friday","Tuesday",1,28,2016,11,12,18,2015,23,12,29,2015,11,10,30,0,1
756075989,"Flight Zone - Where Dreams Take Flight!",45000,"flight-zone-where-dreams-take-flight","US","USD",FALSE,"Flight","https://www.kickstarter.com/discover/categories/technology/flight?ref=category_modal&sort=magic",7,7,"Saturday","Tuesday","Thursday",6,18,2016,9,3,29,2016,14,5,19,2016,9,50,30,1,1
1057441073,"UAV Drones & Collateral Damage Impact International Law",100,"uav-drones-and-collateral-damage-impact-internatio","US","USD",FALSE,"Flight","https://www.kickstarter.com/discover/categories/technology/flight?ref=category_modal&sort=magic",8,8,"Friday","Monday","Wednesday",10,9,2015,9,9,7,2015,19,9,9,2015,9,1,30,0,1
695209512,"Gravitron v2 FPV Racing Drone",10000,"gravitron-v2-fpv-racing-quad","US","USD",FALSE,"Flight","https://www.kickstarter.com/discover/categories/technology/flight?ref=category_modal&sort=magic",5,5,"Sunday","Monday","Friday",12,20,2015,14,9,14,2015,20,11,20,2015,14,66,30,1,1
1498248041,"The OverDrive – Ultimate in Personal Transportation",250000,"the-overdrive-ultimate-in-personal-transportation","US","USD",TRUE,"Flight","https://www.kickstarter.com/discover/categories/technology/flight?ref=category_modal&sort=magic",7,6,"Wednesday","Monday","Monday",8,27,2014,17,7,14,2014,19,7,28,2014,17,13,30,0,1
1131425605,"Build the Falcon",170000,"build-the-falcon","GB","GBP",FALSE,"Flight","https://www.kickstarter.com/discover/categories/technology/flight?ref=category_modal&sort=magic",3,2,"Friday","Monday","Monday",5,20,2016,10,1,25,2016,12,3,28,2016,10,62,53,0,1.41343955
425898002,"SMARTPLANE- Customizable Drone Plane",990000,"smartplane","DK","DKK",FALSE,"Flight","https://www.kickstarter.com/discover/categories/technology/flight?ref=category_modal&sort=magic",4,4,"Sunday","Sunday","Wednesday",7,12,2015,3,3,22,2015,14,5,13,2015,3,51,60,1,0.14948521
1547500883,"The Dxt prototype",600,"the-dxt-prototype","US","USD",FALSE,"Flight","https://www.kickstarter.com/discover/categories/technology/flight?ref=category_modal&sort=magic",3,3,"Sunday","Wednesday","Friday",9,14,2014,23,7,9,2014,13,8,15,2014,23,37,30,1,1
817469087,"OFF WE FLY",3000,"off-we-fly","FR","EUR",FALSE,"Flight","https://www.kickstarter.com/discover/categories/technology/flight?ref=category_modal&sort=magic",3,3,"Monday","Monday","Saturday",10,5,2015,10,6,8,2015,7,9,5,2015,10,89,30,0,1.11289298
1146007125,"OV Sparro",30000,"ov-sparro","US","USD",FALSE,"Flight","https://www.kickstarter.com/discover/categories/technology/flight?ref=category_modal&sort=magic",2,2,"Friday","Monday","Wednesday",2,19,2016,13,1,4,2016,12,1,20,2016,13,16,30,0,1
692336787,"Air-Space",10000,"air-space","US","USD",FALSE,"Flight","https://www.kickstarter.com/discover/categories/technology/flight?ref=category_modal&sort=magic",1,1,"Wednesday","Thursday","Monday",8,20,2014,19,7,10,2014,22,7,21,2014,19,10,30,0,1
1553491437,"Belite SkyDock",60000,"belite-skydock","US","USD",FALSE,"Flight","https://www.kickstarter.com/discover/categories/technology/flight?ref=category_modal&sort=magic",2,2,"Friday","Monday","Wednesday",8,21,2015,22,7,6,2015,13,7,22,2015,22,16,30,0,1
536696969,"HELP GET OUR WW1 AIRCRAFT AIRBORNE IN 2015",11200,"help-get-our-ww1-aircraft-airborne-in-2015","GB","GBP",FALSE,"Flight","https://www.kickstarter.com/discover/categories/technology/flight?ref=category_modal&sort=magic",8,8,"Tuesday","Saturday","Tuesday",3,17,2015,11,1,24,2015,6,2,24,2015,11,31,21,0,1.53792208
1969551885,"Island Photography Sounding Rocket (IPSR)",4999,"island-photography-sounding-rocket-ipsr","US","USD",FALSE,"Flight","https://www.kickstarter.com/discover/categories/technology/flight?ref=category_modal&sort=magic",5,5,"Saturday","Thursday","Friday",7,18,2015,4,3,19,2015,20,6,19,2015,17,91,28,1,1
618819715,"Teaching high school kids how to build an airplane!!!",45000,"teaching-high-school-kids-how-to-build-an-airplane","US","USD",FALSE,"Flight","https://www.kickstarter.com/discover/categories/technology/flight?ref=category_modal&sort=magic",9,6,"Monday","Wednesday","Thursday",10,20,2014,17,7,9,2014,16,8,21,2014,17,43,60,0,1
1445673987,"The paramotor drone ""Aube""",20000,"le-drone-paramoteur-aube","FR","EUR",FALSE,"Flight","https://www.kickstarter.com/discover/categories/technology/flight?ref=category_modal&sort=magic",4,4,"Sunday","Monday","Friday",10,30,2016,8,9,19,2016,4,9,30,2016,8,11,30,1,1.12283854
1419998157,"Composite Molding and fabrication for a 1/4 TA152H",25000,"composite-molding-and-fabrication-for-a-1-4-ta152h","US","USD",FALSE,"Flight","https://www.kickstarter.com/discover/categories/technology/flight?ref=category_modal&sort=magic",8,5,"Monday","Sunday","Saturday",9,15,2014,0,8,10,2014,23,8,16,2014,0,5,30,0,1
1364108362,"Magnetic Hoverboard? I think YES!",1e+05,"magnetic-hoverboard-i-think-yes","US","USD",FALSE,"Flight","https://www.kickstarter.com/discover/categories/technology/flight?ref=category_modal&sort=magic",5,5,"Wednesday","Monday","Monday",7,2,2014,14,5,26,2014,19,6,2,2014,14,6,30,0,1
1345210210,"DRONE AIR RACING 34",10000,"drone-air-racing-34","FR","EUR",FALSE,"Flight","https://www.kickstarter.com/discover/categories/technology/flight?ref=category_modal&sort=magic",4,4,"Sunday","Thursday","Friday",9,20,2015,3,8,20,2015,11,8,21,2015,3,0,30,1,1.11361799
148967930,"Rutan Aircraft Flying Museum",250000,"rutan-aircraft-flying-museum","US","USD",FALSE,"Flight","https://www.kickstarter.com/discover/categories/technology/flight?ref=category_modal&sort=magic",4,4,"Monday","Friday","Saturday",8,17,2015,6,6,5,2015,7,7,18,2015,6,42,30,0,1
886437630,"The definitive Cessna 170B for Flight Simulator",3600,"the-definitive-cessna-170b-for-flight-simulator","US","USD",FALSE,"Flight","https://www.kickstarter.com/discover/categories/technology/flight?ref=category_modal&sort=magic",7,6,"Saturday","Sunday","Friday",8,1,2015,21,7,5,2015,19,7,10,2015,17,4,22,1,1
1210838995,"Tornado Defender System",125000,"tornado-defender-system","CA","CAD",FALSE,"Flight","https://www.kickstarter.com/discover/categories/technology/flight?ref=category_modal&sort=magic",3,3,"Wednesday","Monday","Saturday",1,7,2015,17,10,20,2014,22,11,8,2014,17,18,60,0,0.87465342
1313269183,"Aguadrone The First Water Proof Drone With Sonar Fish Finder",150000,"first-water-proof-drone-with-sonar-fish-finder","US","USD",FALSE,"Flight","https://www.kickstarter.com/discover/categories/technology/flight?ref=category_modal&sort=magic",10,10,"Thursday","Tuesday","Monday",7,16,2015,15,4,28,2015,16,6,1,2015,15,33,45,0,1
1277167795,"Analysis of Satellite Images That Could Show Debris Of MH370 (Canceled)",5000,"analysis-of-satellite-images-that-may-show-debris","IT","EUR",FALSE,"Flight","https://www.kickstarter.com/discover/categories/technology/flight?ref=category_modal&sort=magic",11,10,"Saturday","Thursday","Thursday",2,18,2017,16,1,19,2017,7,1,19,2017,16,0,30,1,1.06978187
563943809,"Oblique-Tilting Birotor Aircraft - Nymbus 650 (Canceled)",36000,"oblique-tilting-birotor-aircraft-nymbus-650","US","USD",FALSE,"Flight","https://www.kickstarter.com/discover/categories/technology/flight?ref=category_modal&sort=magic",7,7,"Friday","Monday","Tuesday",8,22,2014,8,4,14,2014,6,7,8,2014,8,85,45,0,1
1981352049,"EduCopter for Students (Canceled)",5500,"educopter-for-students","US","USD",FALSE,"Flight","https://www.kickstarter.com/discover/categories/technology/flight?ref=category_modal&sort=magic",4,3,"Sunday","Thursday","Friday",8,17,2014,13,7,17,2014,15,7,18,2014,13,0,29,1,1
738902479,"A more efficient way to view. (Canceled)",1000,"a-more-efficient-way-to-view","US","USD",FALSE,"Flight","https://www.kickstarter.com/discover/categories/technology/flight?ref=category_modal&sort=magic",7,5,"Sunday","Thursday","Wednesday",8,14,2016,17,6,9,2016,14,6,15,2016,17,6,60,1,1
1725926906,"Carvey: The 3D carving machine for the maker in all of us",50000,"carvey-the-3d-carving-machine-for-the-maker-in-all","US","USD",TRUE,"","https://www.kickstarter.com/discover/categories/technology/fabrication%20tools?ref=category_modal&sort=magic",12,7,"Thursday","Tuesday","Tuesday",11,20,2014,7,6,10,2014,15,10,21,2014,7,132,30,0,1
1337697702,"Laser Ink",20000,"laser-ink","US","USD",TRUE,"","https://www.kickstarter.com/discover/categories/technology/fabrication%20tools?ref=category_modal&sort=magic",2,2,"Saturday","Wednesday","Monday",2,7,2015,14,7,2,2014,23,12,29,2014,14,179,40,1,1
1435497133,"Kube OpenLathe - The open source glass blowing lathe!",12000,"kube-openlathe-the-open-source-glass-blowing-lathe","US","USD",TRUE,"","https://www.kickstarter.com/discover/categories/technology/fabrication%20tools?ref=category_modal&sort=magic",9,9,"Tuesday","Thursday","Thursday",2,14,2017,14,11,17,2016,11,1,12,2017,8,55,33,0,1
1302749989,"Stepcraft 2: Universal Desktop CNC / 3D Printer / Laser",35000,"stepcraft-2-universal-desktop-cnc-3d-printer-for-e","US","USD",TRUE,"","https://www.kickstarter.com/discover/categories/technology/fabrication%20tools?ref=category_modal&sort=magic",10,10,"Wednesday","Thursday","Monday",4,22,2015,10,3,5,2015,17,3,23,2015,10,17,30,0,1
1001077166,"Student Operated Fabrication Lab",5000,"student-operated-fabrication-lab","US","USD",FALSE,"","https://www.kickstarter.com/discover/categories/technology/fabrication%20tools?ref=category_modal&sort=magic",4,4,"Wednesday","Monday","Monday",7,11,2012,6,5,21,2012,13,6,11,2012,6,20,30,0,1
647070511,"polyXtruder - a DIY filament extruder for 3D Printers",2000,"polyxtruder-a-diy-filament-extruder-for-3d-printer","US","USD",FALSE,"","https://www.kickstarter.com/discover/categories/technology/fabrication%20tools?ref=category_modal&sort=magic",9,7,"Wednesday","Wednesday","Monday",12,9,2015,11,10,28,2015,12,11,9,2015,11,11,30,0,1
2005970538,"Whirling Dervish Wind Turbine",50000,"whirling-dervish-wind-turbine","AU","AUD",FALSE,"","https://www.kickstarter.com/discover/categories/technology/fabrication%20tools?ref=category_modal&sort=magic",4,4,"Sunday","Sunday","Friday",10,26,2014,0,9,21,2014,11,9,26,2014,0,4,30,1,0.88413265
1721085007,"Wire Box - Protect & Pull Every Spool",10000,"wire-box-protect-and-pull-every-spool","US","USD",FALSE,"","https://www.kickstarter.com/discover/categories/technology/fabrication%20tools?ref=category_modal&sort=magic",8,8,"Sunday","Saturday","Friday",7,17,2016,19,6,11,2016,23,6,17,2016,19,5,30,1,1
1181651702,"SAFE-SAW  Do the work without getting hurt!",10000,"safe-saw-do-the-work-without-getting-hurt","US","USD",FALSE,"","https://www.kickstarter.com/discover/categories/technology/fabrication%20tools?ref=category_modal&sort=magic",7,6,"Monday","Monday","Monday",12,7,2015,18,10,12,2015,8,11,23,2015,18,42,14,0,1
207524717,"reCORDED - a corded power supply for cordless tools",50000,"recorded-a-corded-power-supply-for-cordless-tools","US","USD",FALSE,"","https://www.kickstarter.com/discover/categories/technology/fabrication%20tools?ref=category_modal&sort=magic",9,7,"Friday","Thursday","Wednesday",9,12,2014,10,7,24,2014,15,8,13,2014,10,19,30,0,1
613273086,"Cubicle Lift System",9000,"cubicle-lift-system","US","USD",FALSE,"","https://www.kickstarter.com/discover/categories/technology/fabrication%20tools?ref=category_modal&sort=magic",3,3,"Friday","Friday","Friday",4,24,2015,16,2,20,2015,16,3,6,2015,14,13,49,0,1
1841097932,"New PlierTek® iPad iPhone Corner Frame Repair Tool Kit.",25000,"new-pliertek-ipad-iphone-corner-frame-repair-tool","US","USD",FALSE,"","https://www.kickstarter.com/discover/categories/technology/fabrication%20tools?ref=category_modal&sort=magic",9,9,"Sunday","Monday","Friday",6,26,2016,19,5,2,2016,12,5,27,2016,19,25,30,1,1
680920866,"Chrome Plating - Restore  Reuse  Recycle  Revenue",5000,"chrome-plating-restore-reuse-recycle-revenue","US","USD",FALSE,"","https://www.kickstarter.com/discover/categories/technology/fabrication%20tools?ref=category_modal&sort=magic",7,7,"Friday","Tuesday","Wednesday",10,2,2015,16,9,1,2015,14,9,2,2015,16,1,30,0,1
1988917405,"Ultra Mini Bikes",1000,"ultra-mini-bikes","US","USD",FALSE,"","https://www.kickstarter.com/discover/categories/technology/fabrication%20tools?ref=category_modal&sort=magic",3,3,"Monday","Saturday","Wednesday",12,19,2016,0,11,19,2016,0,11,23,2016,10,4,25,0,1
1654462263,"Robo roller - building a serious prototype nr2 -inquire!!",160000,"robo-roller-building-a-serious-prototype-nr2-inqui","NL","EUR",FALSE,"","https://www.kickstarter.com/discover/categories/technology/fabrication%20tools?ref=category_modal&sort=magic",9,8,"Tuesday","Sunday","Tuesday",7,7,2015,0,6,14,2015,9,6,16,2015,0,1,21,0,1.12074579
1083269084,"THE BATBLADE",15000,"the-batblade","CA","CAD",FALSE,"","https://www.kickstarter.com/discover/categories/technology/fabrication%20tools?ref=category_modal&sort=magic",2,2,"Thursday","Monday","Saturday",4,7,2016,16,1,25,2016,12,2,27,2016,16,33,40,0,0.7374131
34585764,"iBoardbot. The internet controlled whiteboard robot",11000,"iboardbot-the-internet-controlled-whiteboard-robot","GB","GBP",TRUE,"","https://www.kickstarter.com/discover/categories/technology/diy%20electronics?ref=category_modal&sort=magic",6,6,"Thursday","Thursday","Tuesday",3,10,2016,3,11,26,2015,4,2,9,2016,3,74,30,0,1.45105448
2000500794,"Raspberry Pi B+ Sensor Connection Hat (Daughtercard)",500,"develop-a-raspberry-pi-b-sensor-connection-hat","US","USD",TRUE,"","https://www.kickstarter.com/discover/categories/technology/diy%20electronics?ref=category_modal&sort=magic",7,7,"Sunday","Saturday","Wednesday",10,26,2014,22,9,6,2014,19,9,10,2014,13,3,46,1,1
1028828516,"NanoBeam: helping makers build the smallest things",12000,"nanobeam-helping-makers-build-the-smallest-things","US","USD",TRUE,"","https://www.kickstarter.com/discover/categories/technology/diy%20electronics?ref=category_modal&sort=magic",7,6,"Monday","Sunday","Friday",12,1,2014,16,10,12,2014,18,10,17,2014,16,4,45,0,1
306661418,"Black Swift — tiny wireless computer",33000,"black-swift-tiny-wireless-computer","NZ","NZD",TRUE,"","https://www.kickstarter.com/discover/categories/technology/diy%20electronics?ref=category_modal&sort=magic",6,6,"Tuesday","Wednesday","Tuesday",2,17,2015,8,1,21,2015,7,1,27,2015,8,6,21,0,0.74359836
192300254,"ProtoPalette for Arduino",3500,"protopalette-for-arduino-0","US","USD",TRUE,"","https://www.kickstarter.com/discover/categories/technology/diy%20electronics?ref=category_modal&sort=magic",3,2,"Thursday","Wednesday","Tuesday",10,9,2014,22,8,20,2014,15,9,9,2014,22,20,30,0,1
1203293585,"The 4x4x4 LED Cube DIY Electronics Kit - Production Ready!",600,"the-4x4x4-led-cube-diy-electronics-kit-production","CA","CAD",TRUE,"","https://www.kickstarter.com/discover/categories/technology/diy%20electronics?ref=category_modal&sort=magic",10,10,"Sunday","Thursday","Friday",9,6,2015,13,8,6,2015,12,8,7,2015,13,1,30,1,0.75919653
583288374,"Give to the Future",1500,"give-to-the-future","US","USD",FALSE,"","https://www.kickstarter.com/discover/categories/technology/fabrication%20tools?ref=category_modal&sort=magic",4,2,"Saturday","Sunday","Monday",4,25,2015,18,3,15,2015,19,3,16,2015,18,0,40,1,1
1019788059,"CNC / 3D-Printer / Laser.. for everyone! EN/DE",800,"cnc-3d-drucker-zum-nachbauen","CH","CHF",FALSE,"","https://www.kickstarter.com/discover/categories/technology/fabrication%20tools?ref=category_modal&sort=magic",8,7,"Thursday","Sunday","Tuesday",2,11,2016,5,10,4,2015,1,1,12,2016,5,100,30,0,1.0055466
1322341015,"New Machine for Northwoods Manufacturing!",5000,"new-machine-for-northwoods-manufacturing","US","USD",FALSE,"","https://www.kickstarter.com/discover/categories/technology/fabrication%20tools?ref=category_modal&sort=magic",5,4,"Tuesday","Thursday","Friday",3,8,2016,14,10,29,2015,11,1,8,2016,14,71,60,0,1
419044318,""" I needed clothes and you clothed me "" : Matthew 25:36",5000,"domestic-weaving-device-aluminium","BE","EUR",FALSE,"","https://www.kickstarter.com/discover/categories/technology/fabrication%20tools?ref=category_modal&sort=magic",12,9,"Friday","Tuesday","Wednesday",4,1,2016,13,3,1,2016,11,3,2,2016,13,1,30,0,1.08839036
2113229756,"BioKernSprit",35000,"biokernsprit","DE","EUR",FALSE,"","https://www.kickstarter.com/discover/categories/technology/fabrication%20tools?ref=category_modal&sort=magic",1,1,"Thursday","Monday","Thursday",6,30,2016,7,5,23,2016,7,5,26,2016,9,3,34,0,1.11461347
1797412217,"Help save our environment",750000,"help-save-our-environment","US","USD",FALSE,"","https://www.kickstarter.com/discover/categories/technology/fabrication%20tools?ref=category_modal&sort=magic",4,3,"Thursday","Sunday","Sunday",7,14,2016,12,6,12,2016,20,6,19,2016,12,6,25,0,1
175182918,"hyDRO-Gencore...DRIVE YOUR CAR with WATER!!! Save 25-30% CO2",5000,"hydro-gencoredrive-your-car-with-water","CA","CAD",FALSE,"","https://www.kickstarter.com/discover/categories/technology/fabrication%20tools?ref=category_modal&sort=magic",8,7,"Sunday","Monday","Wednesday",4,12,2015,14,2,9,2015,2,2,11,2015,14,2,60,1,0.80238147
922111928,"Modkit Micro: The Easiest Way to Program Microcontrollers",20000,"modkit-micro-the-easiest-way-to-program-microcontr","US","USD",TRUE,"","https://www.kickstarter.com/discover/categories/technology/diy%20electronics?ref=category_modal&sort=magic",8,7,"Monday","Friday","Saturday",6,25,2012,22,3,9,2012,2,5,19,2012,2,70,37,0,1
839551116,"MetaMotion: 10-axis IMU dev board w/ Wireless Sensor Fusion",5000,"metamotion-10-axis-imu-dev-board-w-wireless-sensor","US","USD",TRUE,"","https://www.kickstarter.com/discover/categories/technology/diy%20electronics?ref=category_modal&sort=magic",9,9,"Sunday","Monday","Tuesday",1,15,2017,9,11,28,2016,20,12,6,2016,9,7,40,1,1
1055566424,"Portable Dual Arduino (TM) Micro XPlorerBoard",26800,"portable-dual-arduino-micro-xplorerboard","US","USD",TRUE,"","https://www.kickstarter.com/discover/categories/technology/diy%20electronics?ref=category_modal&sort=magic",6,6,"Wednesday","Thursday","Monday",4,2,2014,12,8,29,2013,11,3,3,2014,12,186,30,0,1
439986154,"The WiPy: The Internet of Things Taken to the Next Level",30000,"the-wipy-the-internet-of-things-taken-to-the-next","NL","EUR",TRUE,"","https://www.kickstarter.com/discover/categories/technology/diy%20electronics?ref=category_modal&sort=magic",11,8,"Wednesday","Monday","Monday",5,13,2015,13,3,30,2015,7,4,13,2015,13,14,30,0,1.05950498
508891821,"Teensy 3.5 & 3.6",5000,"teensy-35-and-36","US","USD",TRUE,"","https://www.kickstarter.com/discover/categories/technology/diy%20electronics?ref=category_modal&sort=magic",4,4,"Thursday","Friday","Wednesday",9,8,2016,1,7,22,2016,11,8,17,2016,10,25,21,0,1
701256344,"Conductak: Stick Circuits Anywhere",2250,"conductak-stick-circuits-anywhere","US","USD",TRUE,"","https://www.kickstarter.com/discover/categories/technology/diy%20electronics?ref=category_modal&sort=magic",4,4,"Thursday","Monday","Tuesday",9,25,2014,22,8,11,2014,17,8,26,2014,22,15,30,0,1
596089191,"CHIP - an electronics kit with character",2500,"chip-an-electronics-kit-with-character","US","USD",FALSE,"","https://www.kickstarter.com/discover/categories/technology/diy%20electronics?ref=category_modal&sort=magic",7,5,"Wednesday","Friday","Monday",12,3,2014,22,10,17,2014,11,11,3,2014,9,16,30,0,1
612203835,"Network motion sensor - smartphone control",3700,"network-motion-sensor-smartphone-control","HK","HKD",FALSE,"","https://www.kickstarter.com/discover/categories/technology/diy%20electronics?ref=category_modal&sort=magic",6,6,"Wednesday","Thursday","Monday",11,16,2016,10,10,13,2016,9,10,17,2016,10,4,30,0,0.12888893
349608658,"UnoProLogic2 – Ultra Low Cost Open Source Oscilloscope",1800,"unoprologic2-ultra-low-cost-open-source-oscillosco","US","USD",FALSE,"","https://www.kickstarter.com/discover/categories/technology/diy%20electronics?ref=category_modal&sort=magic",8,8,"Saturday","Sunday","Thursday",5,23,2015,16,4,19,2015,18,4,23,2015,16,3,30,1,1
1341398754,"Walkie Talkie Duino",800,"walkie-talkie-duino","US","USD",FALSE,"","https://www.kickstarter.com/discover/categories/technology/diy%20electronics?ref=category_modal&sort=magic",3,3,"Friday","Monday","Tuesday",6,3,2016,20,4,18,2016,13,4,19,2016,20,1,45,0,1
654498051,"Raspberry Pi Servo Card",500,"raspberry-pi-servo-card","US","USD",FALSE,"","https://www.kickstarter.com/discover/categories/technology/diy%20electronics?ref=category_modal&sort=magic",4,4,"Sunday","Sunday","Tuesday",12,7,2014,11,10,19,2014,14,10,28,2014,17,9,39,1,1
1664232378,"RasPiToolBox - Raspberry Pi Project Tool Box",1000,"raspitoolbox-raspberry-pi-project-tool-box","US","USD",FALSE,"","https://www.kickstarter.com/discover/categories/technology/diy%20electronics?ref=category_modal&sort=magic",7,7,"Sunday","Sunday","Tuesday",11,22,2015,20,4,12,2015,7,10,13,2015,15,184,40,1,1
2012633626,"The ES6929P - Stand Alone Speech Recognition For Arduino !!!",2600,"the-es6929p-stand-alone-speech-recognition-for-ard","CA","CAD",FALSE,"","https://www.kickstarter.com/discover/categories/technology/diy%20electronics?ref=category_modal&sort=magic",10,10,"Friday","Monday","Wednesday",7,3,2015,10,6,1,2015,12,6,3,2015,10,1,30,0,0.79878521
453947499,"CONTROLLINO PLC (ARDUINO compatible)",50000,"controllino-plc-arduino-compatible","US","USD",FALSE,"","https://www.kickstarter.com/discover/categories/technology/diy%20electronics?ref=category_modal&sort=magic",4,4,"Friday","Monday","Wednesday",11,7,2014,10,8,25,2014,8,10,8,2014,10,44,30,0,1
1526192434,"SparqEE CELLv1.0: Cellular made easy (Arduino/Pi/+)",70000,"sparqee-cellv10-cellular-made-easy-arduino-pi","US","USD",FALSE,"","https://www.kickstarter.com/discover/categories/technology/diy%20electronics?ref=category_modal&sort=magic",6,6,"Thursday","Wednesday","Tuesday",9,19,2013,13,6,19,2013,13,8,20,2013,13,61,30,0,1
1560335359,"XC Falcon Fairmont GS GXL Flexicircuit",975,"xc-falcon-fairmont-gs-gxl-flexicircuit","NZ","NZD",FALSE,"","https://www.kickstarter.com/discover/categories/technology/diy%20electronics?ref=category_modal&sort=magic",6,6,"Friday","Saturday","Wednesday",11,7,2014,5,9,27,2014,21,10,8,2014,5,10,30,0,0.7796043
2078411393,"Simple LED tester -Every Lab Should Have One.-",450,"simple-led-tester-every-lab-should-have-one-1","GB","GBP",FALSE,"","https://www.kickstarter.com/discover/categories/technology/diy%20electronics?ref=category_modal&sort=magic",8,8,"Wednesday","Monday","Wednesday",10,15,2014,14,9,15,2014,4,9,17,2014,14,2,27,0,1.62390914
1230993952,"Makesmith CNC -  The Most Affordable Desktop CNC Router",10000,"makesmith-cnc-the-most-affordable-desktop-cnc-rout","US","USD",FALSE,"","https://www.kickstarter.com/discover/categories/technology/diy%20electronics?ref=category_modal&sort=magic",9,9,"Monday","Sunday","Thursday",6,9,2014,23,4,13,2014,22,5,8,2014,11,24,32,0,1
528432655,"Shrunk down an Arduino to the size of a finger-tip!",5000,"rfduino-iphone-bluetooth-40-arduino-compatible-boa","US","USD",FALSE,"","https://www.kickstarter.com/discover/categories/technology/diy%20electronics?ref=category_modal&sort=magic",10,4,"Thursday","Friday","Thursday",4,4,2013,22,3,1,2013,19,3,7,2013,9,5,28,0,1
1428927750,"K1 ""The Mailbox"" 110 watt cob led grow light",1000,"k1-the-mailbox-110-watt-cob-led-grow-light","US","USD",FALSE,"","https://www.kickstarter.com/discover/categories/technology/diy%20electronics?ref=category_modal&sort=magic",9,9,"Friday","Tuesday","Wednesday",5,6,2016,14,4,5,2016,9,4,6,2016,14,1,30,0,1
237780030,"Solderdoodle Pro: Over 700ºF USB Rechargeable Soldering Iron",37800,"solderdoodle-pro-over-700of-usb-rechargeable-solde","US","USD",TRUE,"","https://www.kickstarter.com/discover/categories/technology/diy%20electronics?ref=category_modal&sort=magic",8,8,"Tuesday","Friday","Tuesday",8,19,2014,9,7,25,2014,16,7,29,2014,9,3,21,0,1
1564621264,"PiSolMan: Raspberry Pi Zero Solar Energy Management Module",10000,"pisolman-raspberry-pi-zero-solar-energy-management","IT","EUR",TRUE,"","https://www.kickstarter.com/discover/categories/technology/diy%20electronics?ref=category_modal&sort=magic",8,8,"Monday","Wednesday","Monday",1,16,2017,5,8,31,2016,5,12,12,2016,5,102,35,0,1.05624505
1458998359,"Pixelduino - The Arduino with an awesome OLED display!",15000,"pixelduino-the-arduino-with-an-awesome-oled-displa","US","USD",TRUE,"","https://www.kickstarter.com/discover/categories/technology/diy%20electronics?ref=category_modal&sort=magic",9,7,"Saturday","Saturday","Tuesday",1,3,2015,15,12,6,2014,3,12,9,2014,9,3,25,1,1
1266634660,"Borg Cube for DragonCon 2016 Parade",1500,"borg-cube-for-dragoncon-2016-parade","US","USD",FALSE,"","https://www.kickstarter.com/discover/categories/technology/diy%20electronics?ref=category_modal&sort=magic",6,5,"Tuesday","Wednesday","Friday",11,10,2015,12,9,9,2015,20,9,11,2015,12,1,60,0,1
1828948555,"PiAngle Zero - USB Power and 4 Port Hub",5000,"piangle-zero-usb-power-and-4-port-hub","CA","CAD",FALSE,"","https://www.kickstarter.com/discover/categories/technology/diy%20electronics?ref=category_modal&sort=magic",9,8,"Saturday","Monday","Thursday",3,5,2016,10,2,1,2016,12,2,4,2016,10,2,30,1,0.71051289
999606507,"SubPos Ranger: Indoor Positioning System",50000,"subpos-ranger-indoor-positioning-system","AU","AUD",FALSE,"","https://www.kickstarter.com/discover/categories/technology/diy%20electronics?ref=category_modal&sort=magic",5,5,"Wednesday","Sunday","Wednesday",8,3,2016,19,6,19,2016,9,7,6,2016,19,17,28,0,0.75157568
780243132,"EGO Cell - Do DYI Solar Project with ease.",3800,"ego-cell-do-dyi-solar-project-with-ease","US","USD",FALSE,"","https://www.kickstarter.com/discover/categories/technology/diy%20electronics?ref=category_modal&sort=magic",9,8,"Saturday","Sunday","Tuesday",8,2,2014,12,5,18,2014,0,7,8,2014,12,51,25,1,1
134047291,"SmartLink Home Automation",1e+05,"smartlink-home-automation","US","USD",FALSE,"","https://www.kickstarter.com/discover/categories/technology/diy%20electronics?ref=category_modal&sort=magic",3,3,"Friday","Wednesday","Wednesday",6,12,2015,12,5,13,2015,10,5,13,2015,12,0,30,0,1
15817472,"wind power for your home",42320,"wind-power-for-your-home","US","USD",FALSE,"","https://www.kickstarter.com/discover/categories/technology/diy%20electronics?ref=category_modal&sort=magic",5,3,"Sunday","Wednesday","Friday",7,6,2014,10,4,23,2014,15,6,6,2014,10,43,30,1,1
404247116,"SmartHeart Programmable LED Light",20000,"smartheart-programmable-led-light","US","USD",FALSE,"","https://www.kickstarter.com/discover/categories/technology/diy%20electronics?ref=category_modal&sort=magic",4,4,"Wednesday","Monday","Monday",12,7,2016,9,10,3,2016,19,11,7,2016,9,34,30,0,1
2025553051,"PiAnpr Raspberry Pi anpr camera",1150,"pianpr-raspberry-pi-anpr-camera","GB","GBP",FALSE,"","https://www.kickstarter.com/discover/categories/technology/diy%20electronics?ref=category_modal&sort=magic",5,5,"Wednesday","Wednesday","Monday",7,2,2014,17,4,30,2014,12,6,2,2014,17,33,30,0,1.67568745
2077444678,"Capacitor sets for vintage Yamaha HiFi devices.",650,"capacitor-sets-for-vintage-yamaha-hifi-devices","DE","EUR",FALSE,"","https://www.kickstarter.com/discover/categories/technology/diy%20electronics?ref=category_modal&sort=magic",7,6,"Wednesday","Thursday","Saturday",12,14,2016,4,10,13,2016,9,10,15,2016,4,1,60,0,1.10448421
701031116,"Building a Better Underwater Light for less than $25",2000,"building-a-better-underwater-light-for-less-than-2","US","USD",FALSE,"","https://www.kickstarter.com/discover/categories/technology/diy%20electronics?ref=category_modal&sort=magic",9,6,"Tuesday","Wednesday","Sunday",6,30,2015,15,5,27,2015,18,5,31,2015,15,3,30,0,1
639267817,"EdCar: A Crash Course in Programming and Electronics",15000,"edcar-a-crash-course-in-programming-and-electronic","US","USD",FALSE,"","https://www.kickstarter.com/discover/categories/technology/diy%20electronics?ref=category_modal&sort=magic",8,6,"Friday","Wednesday","Wednesday",8,26,2016,12,3,16,2016,22,7,27,2016,12,132,30,0,1
800617131,"Mod-Arm : Modular Arduino Home Alarm system",1000,"mod-arm-modular-arduino-home-alarm-system","GB","GBP",FALSE,"","https://www.kickstarter.com/discover/categories/technology/diy%20electronics?ref=category_modal&sort=magic",7,7,"Tuesday","Sunday","Tuesday",2,10,2015,11,1,25,2015,8,1,27,2015,11,2,14,0,1.49968207
1417511404,"Matrix Flare",65000,"matrix-flare","US","USD",FALSE,"","https://www.kickstarter.com/discover/categories/technology/diy%20electronics?ref=category_modal&sort=magic",2,2,"Friday","Monday","Saturday",7,3,2015,5,6,8,2015,11,6,13,2015,5,4,20,0,1
1824866601,"Starter Shield for Arduino - Open source",500,"starter-shield-pour-arduino","FR","EUR",FALSE,"","https://www.kickstarter.com/discover/categories/technology/diy%20electronics?ref=category_modal&sort=magic",7,6,"Friday","Saturday","Wednesday",6,26,2015,1,5,16,2015,15,5,27,2015,1,10,30,0,1.09502039
329920905,"Magnum FX",2500,"magnum-fx","CA","CAD",FALSE,"","https://www.kickstarter.com/discover/categories/technology/diy%20electronics?ref=category_modal&sort=magic",2,2,"Monday","Saturday","Saturday",7,13,2015,13,6,13,2015,11,6,13,2015,13,0,30,0,0.81385242
1611903388,"Utilization of Hydrogen Fuel for Personal Transportation",1500,"utilization-of-hydrogen-fuel-for-personal-transpor","US","USD",FALSE,"","https://www.kickstarter.com/discover/categories/technology/diy%20electronics?ref=category_modal&sort=magic",7,5,"Wednesday","Monday","Monday",7,1,2015,14,5,25,2015,1,6,1,2015,14,7,30,0,1
417199630,""" YOU CAN SEE WITH SPOIL-ME "" (spoilmeledkits.com)",20000,"you-can-see-with-spoil-me-spoilmeledkitscom","US","USD",FALSE,"","https://www.kickstarter.com/discover/categories/technology/diy%20electronics?ref=category_modal&sort=magic",8,8,"Thursday","Thursday","Tuesday",7,24,2014,14,5,22,2014,12,6,24,2014,14,33,30,0,1
916697715,"Dome Alert: The Home Disaster Alert System",25000,"dome-alert-the-home-disaster-alert-system","US","USD",FALSE,"","https://www.kickstarter.com/discover/categories/technology/diy%20electronics?ref=category_modal&sort=magic",7,7,"Wednesday","Friday","Tuesday",2,10,2016,8,12,18,2015,10,1,26,2016,8,38,15,0,1
277063116,"Enclosure/LCD/Keypad (ELK) expansion shield for Arduino",33333,"enclosure-lcd-keypad-elk-expansion-shield-for-ardi","US","USD",FALSE,"","https://www.kickstarter.com/discover/categories/technology/diy%20electronics?ref=category_modal&sort=magic",6,5,"Tuesday","Thursday","Thursday",3,31,2015,19,1,15,2015,11,3,5,2015,11,48,26,0,1
1875382688,"Final Capstone Project- Arduino Drumset",400,"final-capstone-project-arduino-drumset","US","USD",FALSE,"","https://www.kickstarter.com/discover/categories/technology/diy%20electronics?ref=category_modal&sort=magic",5,5,"Monday","Thursday","Thursday",9,8,2014,11,7,10,2014,9,7,10,2014,11,0,60,0,1
1781891347,"KidsFix-it",1000,"kidsfix-it","US","USD",FALSE,"","https://www.kickstarter.com/discover/categories/technology/diy%20electronics?ref=category_modal&sort=magic",1,1,"Sunday","Monday","Monday",9,18,2016,11,5,18,2015,22,8,29,2016,11,468,20,1,1
116912871,"The DART - Electronics Reset Tool",6000,"electronics-reset-tool","CA","CAD",FALSE,"","https://www.kickstarter.com/discover/categories/technology/diy%20electronics?ref=category_modal&sort=magic",6,6,"Thursday","Saturday","Tuesday",4,2,2015,6,2,28,2015,20,3,3,2015,6,2,30,0,0.79965966
932789519,"Dash Mounted USB Power and/or Data",20000,"dash-mounted-usb-power-and-or-data","GB","GBP",FALSE,"","https://www.kickstarter.com/discover/categories/technology/diy%20electronics?ref=category_modal&sort=magic",6,6,"Sunday","Thursday","Friday",5,31,2015,6,3,5,2015,14,5,1,2015,6,56,30,1,1.54309319
676949827,"Technological roots interactive-handmade wooden creations",50000,"technological-roots-interactive-handmade-wooden-cr","IT","EUR",FALSE,"","https://www.kickstarter.com/discover/categories/technology/diy%20electronics?ref=category_modal&sort=magic",5,5,"Friday","Tuesday","Wednesday",11,4,2016,8,10,4,2016,4,10,5,2016,8,1,30,0,1.12013442
2126252558,"Serve-Air",5000,"serve-air","FR","EUR",FALSE,"","https://www.kickstarter.com/discover/categories/technology/diy%20electronics?ref=category_modal&sort=magic",1,1,"Saturday","Saturday","Tuesday",9,3,2016,11,7,2,2016,9,7,5,2016,11,3,60,1,1.11395789
1936877059,"The Fantastic Lamp",2000,"the-fantastic-lamp","US","USD",FALSE,"","https://www.kickstarter.com/discover/categories/technology/diy%20electronics?ref=category_modal&sort=magic",3,3,"Friday","Saturday","Wednesday",8,22,2014,17,7,19,2014,20,7,23,2014,17,3,30,0,1
576027099,"Mobile technology education",10000,"mobile-technology-education","US","USD",FALSE,"","https://www.kickstarter.com/discover/categories/technology/diy%20electronics?ref=category_modal&sort=magic",3,3,"Friday","Tuesday","Wednesday",4,24,2015,17,3,24,2015,18,3,25,2015,17,0,30,0,1
1263686808,"Solar/Wind Hybrid Generator",80,"solar-wind-hybrid-generator","US","USD",FALSE,"","https://www.kickstarter.com/discover/categories/technology/diy%20electronics?ref=category_modal&sort=magic",3,3,"Saturday","Monday","Wednesday",1,9,2016,13,1,4,2016,15,1,6,2016,13,1,3,1,1
1890599066,"ESLOV IoT Invention Kit (Canceled)",4250000,"eslov-iot-invention-kit","SE","SEK",TRUE,"","https://www.kickstarter.com/discover/categories/technology/diy%20electronics?ref=category_modal&sort=magic",5,5,"Friday","Thursday","Wednesday",10,28,2016,9,9,8,2016,4,9,28,2016,9,20,30,0,0.11713404
666175519,"Laser Cube - An Enjoyable Laser Engraver and Cutter",10000,"laser-cube-an-enjoyable-laser-engraver-and-cutter","US","USD",TRUE,"","https://www.kickstarter.com/discover/categories/technology/diy%20electronics?ref=category_modal&sort=magic",9,8,"Tuesday","Tuesday","Thursday",7,29,2014,2,5,13,2014,2,6,26,2014,2,43,32,0,1
1490407338,"Zubi Flyer | The First Hackable Frisbee (Canceled)",50000,"zubi-flyer-connected-play-revolution","US","USD",TRUE,"","https://www.kickstarter.com/discover/categories/technology/diy%20electronics?ref=category_modal&sort=magic",8,8,"Friday","Wednesday","Wednesday",10,7,2016,10,8,3,2016,14,9,7,2016,10,34,30,0,1
1057431669,"ZelosLaser - Opensource Arduino Laser Engraver (Canceled)",15000,"the-affordable-zeloslaser-engraver","DE","EUR",FALSE,"","https://www.kickstarter.com/discover/categories/technology/diy%20electronics?ref=category_modal&sort=magic",7,7,"Monday","Friday","Monday",6,1,2015,21,5,8,2015,15,5,11,2015,21,3,21,0,1.12079101
969485041,"BlooSwitch (Canceled)",16500,"switcheroo","US","USD",FALSE,"","https://www.kickstarter.com/discover/categories/technology/diy%20electronics?ref=category_modal&sort=magic",2,2,"Tuesday","Wednesday","Sunday",3,17,2015,2,10,22,2014,13,2,15,2015,2,115,30,0,1
914319371,"Yooquik (Canceled)",49000,"yooquik","IT","EUR",FALSE,"","https://www.kickstarter.com/discover/categories/technology/diy%20electronics?ref=category_modal&sort=magic",2,2,"Monday","Saturday","Thursday",7,11,2016,17,2,20,2016,8,5,12,2016,17,82,60,0,1.13886655
864016582,"Binary watch (Canceled)",1500,"binary-watch","NZ","NZD",FALSE,"","https://www.kickstarter.com/discover/categories/technology/diy%20electronics?ref=category_modal&sort=magic",3,3,"Wednesday","Wednesday","Monday",9,3,2014,19,7,30,2014,1,8,4,2014,19,5,30,0,0.8511015
1923624336,"iBlinds - Make Your Existing Blinds Intelligent (Canceled)",45000,"iblinds-make-your-existing-blinds-intelligent","US","USD",FALSE,"","https://www.kickstarter.com/discover/categories/technology/diy%20electronics?ref=category_modal&sort=magic",8,8,"Thursday","Thursday","Tuesday",3,31,2016,13,2,11,2016,11,3,1,2016,11,18,30,0,1
1447158631,"Caddy-Board And Caddy-Duo: Share The Power (Canceled)",75000,"caddy-board-and-caddy-duo-share-the-power","US","USD",FALSE,"","https://www.kickstarter.com/discover/categories/technology/diy%20electronics?ref=category_modal&sort=magic",7,7,"Saturday","Thursday","Thursday",1,10,2015,3,11,13,2014,19,12,11,2014,3,27,30,1,1
968637104,"Solderdoodle Pro 2.0: USB Rechargeable Soldering Iron",15297,"solderdoodle-pro-20-usb-rechargeable-soldering-iro","US","USD",FALSE,"","https://www.kickstarter.com/discover/categories/technology/diy%20electronics?ref=category_modal&sort=magic",7,7,"Thursday","Sunday","Tuesday",1,15,2015,8,12,7,2014,11,12,16,2014,8,8,30,0,1
16683438,"Make hydroelectricity for your home (Canceled)",1000,"make-hydroelectricity-for-your-home","US","USD",FALSE,"","https://www.kickstarter.com/discover/categories/technology/diy%20electronics?ref=category_modal&sort=magic",6,4,"Sunday","Tuesday","Sunday",8,24,2014,17,7,8,2014,11,8,10,2014,17,33,14,1,1
1417186526,"Waylens - A Data Driven Automotive Camera System",55000,"waylens-a-data-driven-automotive-camera-system","US","USD",TRUE,"","https://www.kickstarter.com/discover/categories/technology/camera%20equipment?ref=category_modal&sort=magic",8,8,"Thursday","Tuesday","Tuesday",11,12,2015,0,7,28,2015,10,10,13,2015,0,76,30,0,1
1882789726,"UNLEASHED - Full Control Over Your DSLR From Your Smartphone",60000,"unleashed-full-control-over-your-dslr-from-your-sm","DE","EUR",TRUE,"","https://www.kickstarter.com/discover/categories/technology/camera%20equipment?ref=category_modal&sort=magic",10,10,"Friday","Friday","Wednesday",9,30,2016,15,8,5,2016,15,8,31,2016,8,25,30,0,1.11744329
102361894,"The unique Raspberry Pi case and low cost 35mm digital back",2000,"raspberry-pi-case-and-use-a-analog-cameras","IT","EUR",TRUE,"","https://www.kickstarter.com/discover/categories/technology/camera%20equipment?ref=category_modal&sort=magic",11,10,"Monday","Thursday","Thursday",10,3,2016,15,7,28,2016,12,8,4,2016,15,7,60,0,1.12120193
428344111,"MIOPS MOBILE: The World's Most Versatile Camera Remote",50000,"miops-mobile-the-worlds-most-versatile-camera-remo","US","USD",TRUE,"","https://www.kickstarter.com/discover/categories/technology/camera%20equipment?ref=category_modal&sort=magic",8,8,"Sunday","Saturday","Tuesday",10,23,2016,11,8,13,2016,2,9,13,2016,11,31,40,1,1
777434806,"The Tile Light : Pocket-sized  Premium Film Lighting",16000,"the-tile-light-pocket-sized-premium-film-lighting","GB","GBP",FALSE,"","https://www.kickstarter.com/discover/categories/technology/camera%20equipment?ref=category_modal&sort=magic",8,8,"Saturday","Monday","Thursday",12,5,2015,10,10,12,2015,12,11,5,2015,10,23,30,1,1.54213657
1399173813,"PICTAR. Probably the best iPhone camera-grip ever built.",1e+05,"pictar-probably-the-best-iphone-camera-grip-ever-b","US","USD",FALSE,"","https://www.kickstarter.com/discover/categories/technology/camera%20equipment?ref=category_modal&sort=magic",8,7,"Friday","Friday","Wednesday",5,27,2016,2,3,18,2016,7,4,20,2016,8,33,36,0,1
1167496150,"SELFSKIE | Attach Your Smartphone Or GoPro® To Any Stick",10000,"selfskie-attach-your-smartphone-or-gopro-to-any-st","NL","EUR",FALSE,"","https://www.kickstarter.com/discover/categories/technology/camera%20equipment?ref=category_modal&sort=magic",10,10,"Thursday","Monday","Tuesday",10,20,2016,6,8,22,2016,15,9,20,2016,6,28,30,0,1.11694404
2112379178,"Joey 360° 4K Seamless Video Capture  Broadcast  Conference",40000,"joey-360-4k-seamless-video-capture-broadcast-confe","US","USD",TRUE,"","https://www.kickstarter.com/discover/categories/technology/camera%20equipment?ref=category_modal&sort=magic",8,8,"Friday","Thursday","Wednesday",10,17,2014,8,5,15,2014,12,9,17,2014,8,124,30,0,1
1161726163,"Stabil i4: A Robotic 3-axis Camera Gimbal Stabilizer by",8000,"stabil-i4-a-robotic-3-axis-camera-gimbal-stabilize","US","USD",FALSE,"","https://www.kickstarter.com/discover/categories/technology/camera%20equipment?ref=category_modal&sort=magic",9,8,"Tuesday","Wednesday","Tuesday",2,11,2014,0,1,8,2014,20,1,14,2014,0,5,28,0,1
1389230643,"the GLIDEARM",25000,"the-glidearm","US","USD",FALSE,"","https://www.kickstarter.com/discover/categories/technology/camera%20equipment?ref=category_modal&sort=magic",2,1,"Wednesday","Tuesday","Tuesday",1,20,2016,9,10,20,2015,20,12,8,2015,10,48,42,0,1
669122105,"Platypod Pro Max",30000,"platypod-pro-max","US","USD",FALSE,"","https://www.kickstarter.com/discover/categories/technology/camera%20equipment?ref=category_modal&sort=magic",3,3,"Thursday","Friday","Wednesday",6,30,2016,23,1,22,2016,7,6,1,2016,6,130,29,0,1
699972761,"High Speed Water Drop Photography Kit",10500,"high-speed-water-drop-photography-kit","US","USD",FALSE,"","https://www.kickstarter.com/discover/categories/technology/camera%20equipment?ref=category_modal&sort=magic",6,6,"Tuesday","Sunday","Sunday",11,12,2013,11,10,6,2013,8,10,13,2013,12,7,29,0,1
201680555,"MonoShot: The Best Tripod For iPhone And GoPro",14500,"monoshot-take-better-smartphone-photos-and-videos","US","USD",FALSE,"","https://www.kickstarter.com/discover/categories/technology/camera%20equipment?ref=category_modal&sort=magic",8,8,"Friday","Sunday","Wednesday",9,18,2015,9,6,14,2015,20,8,19,2015,9,65,30,0,1
1912579093,"Stabilized Camera Gimbal Vibration Isolator Mount",2500,"stabilized-camera-gimbal-vibration-isolator-mount","US","USD",FALSE,"","https://www.kickstarter.com/discover/categories/technology/camera%20equipment?ref=category_modal&sort=magic",6,6,"Monday","Tuesday","Sunday",4,20,2015,22,1,13,2015,9,3,1,2015,22,47,50,0,1
405995392,"Memento Smart Frame : World's Most Advanced 4K Smart Frame",1e+05,"memento-smart-frame-worlds-most-advanced-4k-smart","CA","CAD",FALSE,"","https://www.kickstarter.com/discover/categories/technology/camera%20equipment?ref=category_modal&sort=magic",10,10,"Saturday","Monday","Wednesday",11,7,2015,17,9,14,2015,9,9,23,2015,17,9,45,1,0.7555204
1222715299,"GoLapse- Easy Timelapse Trolley",6000,"golapse-easy-timelapse-trolley","US","USD",FALSE,"","https://www.kickstarter.com/discover/categories/technology/camera%20equipment?ref=category_modal&sort=magic",4,4,"Thursday","Tuesday","Tuesday",1,7,2016,19,2,24,2015,22,12,8,2015,19,286,30,0,1
291597045,"Budget High Altitude Balloon: photo's from our stratosphere",350,"budget-high-altitude-balloon-photos-from-our-strat","NL","EUR",FALSE,"","https://www.kickstarter.com/discover/categories/technology/camera%20equipment?ref=category_modal&sort=magic",8,6,"Wednesday","Tuesday","Wednesday",12,17,2014,16,12,2,2014,13,12,3,2014,16,1,14,0,1.24666362
890630469,"olloclip: iPhone 4 quick change camera lens system",15000,"olloclip-iphone-4-quick-change-camera-lens-system","US","USD",FALSE,"","https://www.kickstarter.com/discover/categories/technology/camera%20equipment?ref=category_modal&sort=magic",8,8,"Monday","Sunday","Saturday",6,6,2011,17,5,1,2011,14,5,7,2011,17,6,30,0,1
742730843,"360 GO. The most Affortable 360˚ 4K Action Camera.",30000,"360-go-the-most-affortable-360-4k-action-camera","HK","HKD",FALSE,"","https://www.kickstarter.com/discover/categories/technology/camera%20equipment?ref=category_modal&sort=magic",9,8,"Wednesday","Wednesday","Monday",11,9,2016,6,9,28,2016,12,10,10,2016,6,11,30,0,0.12889711
457560773,"The Focus Microscope Camera",29000,"the-focus-microscope-camera","US","USD",FALSE,"","https://www.kickstarter.com/discover/categories/technology/camera%20equipment?ref=category_modal&sort=magic",4,4,"Saturday","Friday","Thursday",6,15,2013,22,12,7,2012,16,5,9,2013,13,152,37,1,1
134727262,"Photo Factory 360 - Turnkey 360° Photography System",20000,"photo-factory-360-turnkey-360-photography-system","US","USD",FALSE,"","https://www.kickstarter.com/discover/categories/technology/camera%20equipment?ref=category_modal&sort=magic",8,8,"Wednesday","Wednesday","Monday",3,25,2015,10,10,29,2014,11,2,23,2015,10,116,30,0,1
439943697,"Wifi garage door opener and monitor",50000,"wifi-garage-door-opener-and-monitor","US","USD",FALSE,"","https://www.kickstarter.com/discover/categories/technology/camera%20equipment?ref=category_modal&sort=magic",6,5,"Monday","Saturday","Thursday",2,6,2017,19,9,17,2016,2,12,8,2016,19,82,60,0,1
748199313,"Blackmagic Micro Cinema Camera Remote",40000,"blackmagic-micro-cinema-camera-remote","AU","AUD",FALSE,"","https://www.kickstarter.com/discover/categories/technology/camera%20equipment?ref=category_modal&sort=magic",5,5,"Wednesday","Thursday","Monday",2,8,2017,16,9,29,2016,6,1,9,2017,16,102,30,0,0.72979969
494608375,"Open Source Cinematic Motion Control",15000,"open-source-cinematic-motion-control","US","USD",FALSE,"","https://www.kickstarter.com/discover/categories/technology/camera%20equipment?ref=category_modal&sort=magic",5,5,"Friday","Sunday","Wednesday",5,30,2014,20,4,22,2012,2,4,30,2014,20,738,30,0,1
1446933825,"Solid eye MGS4",3000,"solid-eye-mgs4","US","USD",FALSE,"","https://www.kickstarter.com/discover/categories/technology/camera%20equipment?ref=category_modal&sort=magic",3,3,"Thursday","Tuesday","Monday",11,26,2015,17,10,6,2015,12,10,12,2015,17,6,45,0,1
407560025,"timelapse & realtime follow focus motor for MX2 mx3 nmx tb3",999,"stepout-timelapse-and-realtime-follow-focus-motor","US","USD",FALSE,"","https://www.kickstarter.com/discover/categories/technology/camera%20equipment?ref=category_modal&sort=magic",11,10,"Saturday","Sunday","Tuesday",5,30,2015,15,8,24,2014,18,3,31,2015,15,218,60,1,1
1401490644,"DropArt Kit",50000,"dropart-kit","US","USD",FALSE,"","https://www.kickstarter.com/discover/categories/technology/camera%20equipment?ref=category_modal&sort=magic",2,2,"Friday","Saturday","Wednesday",6,17,2016,13,5,14,2016,3,5,18,2016,13,4,30,0,1
1128472728,"Lumapad V2 LED Production Light",34000,"lumapad-v2-led-production-light","US","USD",FALSE,"","https://www.kickstarter.com/discover/categories/technology/camera%20equipment?ref=category_modal&sort=magic",5,5,"Saturday","Friday","Tuesday",11,7,2015,8,3,13,2015,23,9,8,2015,8,178,60,1,1
711526660,"Ecliptus - Military Grade Night Vision + GoPro® Hero 4",50000,"ecliptus-military-grade-night-vision-gopro-hero-4","US","USD",FALSE,"","https://www.kickstarter.com/discover/categories/technology/camera%20equipment?ref=category_modal&sort=magic",10,10,"Saturday","Monday","Thursday",2,13,2016,8,11,23,2015,18,1,14,2016,8,51,30,1,1
321293218,"True Grip -  A Truly Revolutionary Camera Cage",35000,"true-grip-a-revolutionary-camera-cage-for-the-gh4","US","USD",FALSE,"","https://www.kickstarter.com/discover/categories/technology/camera%20equipment?ref=category_modal&sort=magic",8,8,"Friday","Wednesday","Wednesday",11,6,2015,23,5,20,2015,17,10,7,2015,23,140,30,0,1
12550430,"Strike Finder Touch  the world's most advanced trigger!",35000,"strike-finder-touch-the-worlds-most-advanced-trigg","US","USD",FALSE,"","https://www.kickstarter.com/discover/categories/technology/camera%20equipment?ref=category_modal&sort=magic",8,6,"Tuesday","Sunday","Sunday",8,5,2014,22,7,6,2014,8,7,6,2014,22,0,30,0,1
230846791,"The Luftwaffle mini quad gimbal mount",2200,"the-luftwaffle-mini-quad-gimbal-mount","US","USD",FALSE,"","https://www.kickstarter.com/discover/categories/technology/camera%20equipment?ref=category_modal&sort=magic",6,6,"Wednesday","Saturday","Monday",12,30,2015,21,11,21,2015,16,11,30,2015,21,9,30,0,1
72003700,"Show kids how science & technology are awesome! (Canceled)",1500,"show-kids-how-science-and-technology-are-awesome","US","USD",FALSE,"","https://www.kickstarter.com/discover/categories/technology/camera%20equipment?ref=category_modal&sort=magic",9,7,"Sunday","Saturday","Wednesday",1,4,2015,18,12,6,2014,16,12,10,2014,18,4,25,1,1
1247759727,"Omnipod - Any Camera  Every Moment (Canceled)",26800,"omnipod-any-camera-every-moment","US","USD",FALSE,"","https://www.kickstarter.com/discover/categories/technology/camera%20equipment?ref=category_modal&sort=magic",7,7,"Saturday","Sunday","Thursday",12,5,2015,17,10,11,2015,18,11,5,2015,17,24,30,1,1
634736704,"REbranding360 Business View... Street View inside (Canceled)",30000,"rebranding360-business-view-street-view-inside","US","USD",FALSE,"","https://www.kickstarter.com/discover/categories/technology/camera%20equipment?ref=category_modal&sort=magic",7,7,"Saturday","Friday","Wednesday",1,24,2015,15,12,5,2014,14,12,10,2014,15,5,45,1,1
1028663771,"Secured Mobile Video - Police Body Camera (Canceled)",220000,"secured-mobile-video-police-body-camera","US","USD",FALSE,"","https://www.kickstarter.com/discover/categories/technology/camera%20equipment?ref=category_modal&sort=magic",8,8,"Monday","Friday","Thursday",12,8,2014,14,6,27,2014,4,10,9,2014,14,104,60,0,1
1674510548,"RogerVoice Phone engaging the world with the hard-of-hearing",20000,"rogervoice-phone-engaging-the-world-with-the-hard","US","USD",TRUE,"Apps","https://www.kickstarter.com/discover/categories/technology/apps?ref=category_modal&sort=magic",8,5,"Wednesday","Wednesday","Monday",10,22,2014,16,8,6,2014,16,9,22,2014,11,46,30,0,1
634823570,"Know Your City: Portland's Social History App 2.0!",3000,"know-your-city-portlands-social-history-app-20","US","USD",TRUE,"Apps","https://www.kickstarter.com/discover/categories/technology/apps?ref=category_modal&sort=magic",8,8,"Saturday","Thursday","Tuesday",6,30,2012,19,5,10,2012,16,5,29,2012,20,19,31,1,1
1499423362,"Authorized DEVO Synthesizer and Robot Maker App   DEVOBOTS",15000,"authorized-devo-synthesizer-and-robot-maker-app-de","US","USD",TRUE,"Apps","https://www.kickstarter.com/discover/categories/technology/apps?ref=category_modal&sort=magic",9,8,"Monday","Monday","Monday",9,17,2012,20,8,13,2012,14,8,20,2012,20,7,28,0,1
1968613282,"WildHelp",10000,"wildhelp","US","USD",TRUE,"Apps","https://www.kickstarter.com/discover/categories/technology/apps?ref=category_modal&sort=magic",1,1,"Thursday","Monday","Thursday",10,31,2013,2,9,23,2013,8,9,26,2013,17,3,34,0,1
2111341695,"Play AR",30000,"play-ar","US","USD",TRUE,"Apps","https://www.kickstarter.com/discover/categories/technology/apps?ref=category_modal&sort=magic",2,2,"Saturday","Monday","Tuesday",12,14,2013,17,9,23,2013,15,10,15,2013,17,22,60,1,1
901304713,"12Bar for iPad: Create and Share Chord Charts and Set Lists",12000,"12bar-for-ipad-create-and-share-chord-charts-and-s","US","USD",TRUE,"Apps","https://www.kickstarter.com/discover/categories/technology/apps?ref=category_modal&sort=magic",11,8,"Sunday","Tuesday","Friday",10,12,2014,12,5,27,2014,14,9,12,2014,7,107,30,1,1
565178143,"Marvelous Machines: Augmented Reality Children's Book",10000,"marvelous-machines-for-silly-things","US","USD",TRUE,"Apps","https://www.kickstarter.com/discover/categories/technology/apps?ref=category_modal&sort=magic",6,6,"Friday","Monday","Tuesday",7,1,2016,22,5,16,2016,18,5,31,2016,8,14,31,0,1
1623032554,"Dark Sky - Weather Prediction  Reinvented",35000,"dark-sky-hyperlocal-weather-prediction-and-visuali","US","USD",TRUE,"Apps","https://www.kickstarter.com/discover/categories/technology/apps?ref=category_modal&sort=magic",6,6,"Wednesday","Monday","Wednesday",11,30,2011,11,9,26,2011,16,10,26,2011,11,29,35,0,1
1564838186,"Transit App for iOS 6 and Beyond",25000,"transit-app-for-ios-6-and-beyond","US","USD",TRUE,"Apps","https://www.kickstarter.com/discover/categories/technology/apps?ref=category_modal&sort=magic",7,5,"Saturday","Friday","Thursday",8,18,2012,15,6,29,2012,12,7,19,2012,15,20,30,1,1
342579877,"hopshack",6000,"hop-shack-sip-enjoy-discover","US","USD",TRUE,"Apps","https://www.kickstarter.com/discover/categories/technology/apps?ref=category_modal&sort=magic",1,1,"Thursday","Wednesday","Tuesday",9,11,2014,11,7,9,2014,15,8,12,2014,11,33,30,0,1
1143024492,"Linute: making later happen now",21500,"linute-making-later-happen-now","US","USD",TRUE,"Apps","https://www.kickstarter.com/discover/categories/technology/apps?ref=category_modal&sort=magic",5,4,"Saturday","Sunday","Thursday",4,11,2015,10,11,2,2014,19,3,12,2015,10,129,30,1,1
312718208,"Beelinguapp: Learn any Language!",12000,"beelinguapp-read-and-listen-two-languages-in-paral","DE","EUR",TRUE,"Apps","https://www.kickstarter.com/discover/categories/technology/apps?ref=category_modal&sort=magic",4,3,"Monday","Thursday","Tuesday",1,16,2017,11,12,1,2016,5,12,6,2016,11,5,41,0,1.05479669
518590288,"Make iPhone apps + Apple Watch apps with Swift for iOS 8",10000,"31-days-make-iphone-apps-and-games-with-swift-for","US","USD",TRUE,"Apps","https://www.kickstarter.com/discover/categories/technology/apps?ref=category_modal&sort=magic",12,10,"Monday","Monday","Friday",9,29,2014,10,8,4,2014,10,8,15,2014,10,11,45,0,1
1763740884,"FLUX: Music that is never the same twice",100,"flux-music-that-is-never-the-same-twice","US","USD",TRUE,"Apps","https://www.kickstarter.com/discover/categories/technology/apps?ref=category_modal&sort=magic",8,4,"Sunday","Saturday","Wednesday",11,9,2014,16,4,12,2014,10,9,10,2014,16,151,60,1,1
395600167,"APPLE WATCH How to Make a Freaking iPhone App - iOS 8 Swift",1000,"how-to-make-a-freaking-iphone-app-with-ios-8-and-s","US","USD",FALSE,"Apps","https://www.kickstarter.com/discover/categories/technology/apps?ref=category_modal&sort=magic",13,11,"Thursday","Wednesday","Tuesday",9,11,2014,9,7,30,2014,11,8,12,2014,9,12,30,0,1
1076087211,"ALL BEER Finder App: find the perfect beer for any occasion",12000,"all-beer-finder-app-find-the-perfect-beer-for-any","GB","GBP",FALSE,"Apps","https://www.kickstarter.com/discover/categories/technology/apps?ref=category_modal&sort=magic",11,8,"Friday","Wednesday","Wednesday",12,4,2015,18,10,21,2015,6,11,4,2015,18,14,30,0,1.54219127
410129128,"PMR Street",15000,"pmr-street","FR","EUR",FALSE,"Apps","https://www.kickstarter.com/discover/categories/technology/apps?ref=category_modal&sort=magic",2,2,"Friday","Tuesday","Tuesday",12,2,2016,16,9,20,2016,13,10,25,2016,9,34,38,0,1.08654316
1137891990,"WizzPic: A New Photo Sharing & Messaging App",30000,"wizzpic-a-new-photo-sharing-and-messaging-app","FR","EUR",FALSE,"Apps","https://www.kickstarter.com/discover/categories/technology/apps?ref=category_modal&sort=magic",8,8,"Tuesday","Monday","Friday",3,15,2016,4,11,23,2015,8,1,15,2016,4,52,60,0,1.08801379
1289219105,"Bolt Ups Mobile App",10000,"bolt-ups-mobile-app","US","USD",FALSE,"Apps","https://www.kickstarter.com/discover/categories/technology/apps?ref=category_modal&sort=magic",4,4,"Thursday","Monday","Tuesday",7,2,2015,12,5,4,2015,15,6,2,2015,12,28,30,0,1
102697452,"Shut-App!",10800,"shut-app","US","USD",FALSE,"Apps","https://www.kickstarter.com/discover/categories/technology/apps?ref=category_modal&sort=magic",1,1,"Thursday","Sunday","Tuesday",8,25,2016,5,7,17,2016,23,7,26,2016,5,8,30,0,1
594223391,"Live Positive App from BillionClicks.org",12000,"live-positive-app-from-billionclicksorg","US","USD",FALSE,"Apps","https://www.kickstarter.com/discover/categories/technology/apps?ref=category_modal&sort=magic",5,4,"Tuesday","Sunday","Tuesday",11,18,2014,9,10,19,2014,18,11,4,2014,9,15,14,0,1
426902490,"Mobile app that changes how we think of Roadside Assistance",1200,"mobile-app-that-changes-how-we-think-of-roadside-a","US","USD",FALSE,"Apps","https://www.kickstarter.com/discover/categories/technology/apps?ref=category_modal&sort=magic",10,6,"Saturday","Thursday","Thursday",7,2,2016,15,5,26,2016,13,6,2,2016,15,7,30,1,1
1944031399,"Student IDeals: Get more when you go out!",25000,"student-ideals-get-more-when-you-go-out","US","USD",FALSE,"Apps","https://www.kickstarter.com/discover/categories/technology/apps?ref=category_modal&sort=magic",8,5,"Thursday","Tuesday","Monday",6,26,2014,12,4,22,2014,12,5,12,2014,12,20,45,0,1
59678253,"Enhancement Update to iDive Score App",7500,"enhancement-update-to-idive-score-app","US","USD",FALSE,"Apps","https://www.kickstarter.com/discover/categories/technology/apps?ref=category_modal&sort=magic",6,5,"Thursday","Monday","Monday",10,30,2014,12,9,8,2014,10,9,15,2014,12,7,45,0,1
1404710156,"Eat Away: A Customized Diet Translator App for iPhone",2000,"eat-away-a-customized-diet-translator-app-for-ipho","US","USD",FALSE,"Apps","https://www.kickstarter.com/discover/categories/technology/apps?ref=category_modal&sort=magic",9,8,"Friday","Friday","Wednesday",4,3,2015,21,2,20,2015,22,3,4,2015,21,11,30,0,1
1537271827,"STORY - Recreating The Social Media Experience",15000,"story-recreating-the-social-media-experience","US","USD",FALSE,"Apps","https://www.kickstarter.com/discover/categories/technology/apps?ref=category_modal&sort=magic",7,7,"Friday","Tuesday","Friday",12,16,2016,22,9,27,2016,17,11,4,2016,6,37,42,0,1
572851019,"How To Create A Successful App Business",10000,"how-to-create-a-successful-app-business","US","USD",FALSE,"Apps","https://www.kickstarter.com/discover/categories/technology/apps?ref=category_modal&sort=magic",7,7,"Wednesday","Wednesday","Wednesday",1,21,2015,12,11,26,2014,16,12,17,2014,12,20,35,0,1
894728348,"assist-Mi - The revolutionary disability access app",50000,"assist-mi-the-revolutionary-disability-access-app","GB","GBP",FALSE,"Apps","https://www.kickstarter.com/discover/categories/technology/apps?ref=category_modal&sort=magic",7,7,"Thursday","Monday","Tuesday",7,30,2015,4,4,20,2015,3,6,30,2015,4,71,30,0,1.57124496
1129831377,"COCO",10000,"coco-0","US","USD",FALSE,"Apps","https://www.kickstarter.com/discover/categories/technology/apps?ref=category_modal&sort=magic",1,1,"Friday","Monday","Wednesday",9,9,2016,11,8,8,2016,12,8,10,2016,11,1,30,0,1
1559528838,"yoga wake up",10000,"yoga-wake-up","US","USD",FALSE,"Apps","https://www.kickstarter.com/discover/categories/technology/apps?ref=category_modal&sort=magic",3,2,"Sunday","Monday","Friday",5,17,2015,16,3,23,2015,12,4,17,2015,16,25,30,1,1
389741114,"WhatsUpp flock?",10,"whatsupp-flock","US","USD",FALSE,"Apps","https://www.kickstarter.com/discover/categories/technology/apps?ref=category_modal&sort=magic",2,2,"Tuesday","Saturday","Tuesday",11,24,2015,18,10,17,2015,22,10,20,2015,18,2,35,0,1
1198912525,"Headache Barometer App for iPhone 6",1,"headache-barometer-app-for-iphone-6","US","USD",FALSE,"Apps","https://www.kickstarter.com/discover/categories/technology/apps?ref=category_modal&sort=magic",6,5,"Sunday","Monday","Sunday",5,31,2015,21,1,5,2015,21,4,12,2015,1,96,49,1,1
516937908,"Facebook NFC QR Like & Check in Analytics Innovative Adapt",100,"facebook-nfc-qr-like-and-check-in-analytics-innova","US","USD",FALSE,"Apps","https://www.kickstarter.com/discover/categories/technology/apps?ref=category_modal&sort=magic",10,9,"Friday","Friday","Monday",7,3,2015,14,7,18,2014,22,5,4,2015,14,289,60,0,1
1757447330,"huuno - Snap. Share. Discover.",500,"huuno-snap-share-discover","GB","GBP",FALSE,"Apps","https://www.kickstarter.com/discover/categories/technology/apps?ref=category_modal&sort=magic",5,5,"Tuesday","Saturday","Monday",3,24,2015,11,12,6,2014,15,3,9,2015,11,92,15,0,1.50383176
1132509366,"TheArtistPost.com Mobile App",1000,"theartistpostcom-mobile-app","US","USD",FALSE,"Apps","https://www.kickstarter.com/discover/categories/technology/apps?ref=category_modal&sort=magic",3,3,"Thursday","Friday","Monday",11,12,2015,19,9,25,2015,14,9,28,2015,19,3,45,0,1
332003195,"BRIGHT WORLD eBOOKS",40000,"bright-world-ebooks","US","USD",FALSE,"Apps","https://www.kickstarter.com/discover/categories/technology/apps?ref=category_modal&sort=magic",3,3,"Thursday","Tuesday","Tuesday",4,16,2015,8,3,10,2015,18,3,17,2015,8,6,30,0,1
429213670,"HeardIT! Trivia Game for Listening Exercises",4000,"heardit-trivia-game-for-listening-exercises","US","USD",FALSE,"Apps","https://www.kickstarter.com/discover/categories/technology/apps?ref=category_modal&sort=magic",6,5,"Monday","Monday","Tuesday",11,16,2015,19,7,20,2015,13,9,29,2015,18,71,48,0,1
1404269096,"Braintoss goes Android",1000,"braintoss-goes-android","NL","EUR",FALSE,"Apps","https://www.kickstarter.com/discover/categories/technology/apps?ref=category_modal&sort=magic",3,3,"Friday","Tuesday","Wednesday",10,16,2015,9,9,8,2015,9,9,16,2015,9,8,30,0,1.13146235
1555773146,"Create iPhone  iPad   Watch Apps  & Games With Swift",3000,"create-iphone-ipad-watch-apps-and-games-with-swift","US","USD",FALSE,"Apps","https://www.kickstarter.com/discover/categories/technology/apps?ref=category_modal&sort=magic",10,10,"Saturday","Friday","Tuesday",7,18,2015,21,6,5,2015,9,6,16,2015,21,11,32,1,1
447134338,"Ghost Trax App",13333,"ghost-trax-app","US","USD",TRUE,"Apps","https://www.kickstarter.com/discover/categories/technology/apps?ref=category_modal&sort=magic",3,3,"Sunday","Monday","Friday",8,24,2014,9,5,19,2014,19,7,25,2014,9,66,30,1,1
150615976,"Human Atlas 360: A Body Of Reference For Everyone",50000,"human-atlas-360-a-body-of-reference-for-everyone","US","USD",TRUE,"Apps","https://www.kickstarter.com/discover/categories/technology/apps?ref=category_modal&sort=magic",9,9,"Wednesday","Saturday","Monday",12,17,2014,19,8,2,2014,13,11,24,2014,15,114,23,0,1
4505302,"Get Democracy – Reveal the politicians that vote against you",50000,"get-democracy-reveal-the-politicians-that-vote-aga","US","USD",TRUE,"Apps","https://www.kickstarter.com/discover/categories/technology/apps?ref=category_modal&sort=magic",10,6,"Wednesday","Wednesday","Monday",12,3,2014,4,9,24,2014,7,11,3,2014,4,39,30,0,1
1552263788,"BigHappyInbox | Easy Technology for Grandparents",25000,"bighappyinbox-easy-technology-for-grandparents","US","USD",TRUE,"Apps","https://www.kickstarter.com/discover/categories/technology/apps?ref=category_modal&sort=magic",6,5,"Tuesday","Sunday","Wednesday",12,9,2014,11,10,26,2014,20,11,5,2014,15,9,33,0,1
673683201,"Griffin & Sabine: The Interactive Trilogy  by Nick Bantock",30000,"griffin-and-sabine-the-interactive-trilogy-by-nick","US","USD",TRUE,"Apps","https://www.kickstarter.com/discover/categories/technology/apps?ref=category_modal&sort=magic",9,8,"Thursday","Sunday","Tuesday",4,9,2015,12,2,15,2015,19,3,10,2015,12,22,30,0,1
1837287556,"My Virtual Wedding Planner",10500,"my-virtual-wedding-planner","US","USD",FALSE,"Apps","https://www.kickstarter.com/discover/categories/technology/apps?ref=category_modal&sort=magic",4,4,"Thursday","Thursday","Tuesday",3,12,2015,21,2,5,2015,17,2,10,2015,21,5,30,0,1
1256476775,"Introducing MeUnify: the next evolution of messaging app",50000,"meunify-messaging-just-got-smart","GB","GBP",FALSE,"Apps","https://www.kickstarter.com/discover/categories/technology/apps?ref=category_modal&sort=magic",8,6,"Wednesday","Sunday","Monday",12,14,2016,14,11,6,2016,12,11,14,2016,14,8,30,0,1.2601791
1898426361,"myRun",25000,"myrun","IT","EUR",FALSE,"Apps","https://www.kickstarter.com/discover/categories/technology/apps?ref=category_modal&sort=magic",1,1,"Wednesday","Thursday","Monday",5,25,2016,15,3,24,2016,5,4,25,2016,15,32,30,0,1.12246043
1465836736,"TODAY IS DODAY - The future App of leisure",195000,"today-is-doday-the-future-app-of-leisure","DE","EUR",FALSE,"Apps","https://www.kickstarter.com/discover/categories/technology/apps?ref=category_modal&sort=magic",9,8,"Sunday","Thursday","Friday",8,28,2016,12,6,30,2016,17,7,29,2016,12,28,30,1,1.10754236
967668446,"Custom Transitions",10000,"custom-transitions","US","USD",FALSE,"Apps","https://www.kickstarter.com/discover/categories/technology/apps?ref=category_modal&sort=magic",2,2,"Monday","Thursday","Friday",6,29,2015,18,5,14,2015,15,5,15,2015,18,1,45,0,1
1796537733,"Pixstavault™ - the LAST photo app you will EVER need!",1e+05,"pixstavaulttm-the-last-photo-app-you-will-ever-nee","CA","CAD",FALSE,"Apps","https://www.kickstarter.com/discover/categories/technology/apps?ref=category_modal&sort=magic",10,7,"Friday","Wednesday","Sunday",1,6,2017,14,8,19,2015,16,12,11,2016,22,480,25,0,0.75860965
1969030319,"The app to fuel your parties  seminars & events – BynJe",35000,"the-app-to-fuel-your-parties-seminars-and-events-b","CA","CAD",FALSE,"Apps","https://www.kickstarter.com/discover/categories/technology/apps?ref=category_modal&sort=magic",11,9,"Thursday","Sunday","Tuesday",2,2,2017,8,12,4,2016,17,1,3,2017,8,29,30,0,0.74457392
1950272183,"Noticeboard Expansion to Android & International Project",35000,"noticeboard-expansion-to-android-and-international","AU","AUD",FALSE,"Apps","https://www.kickstarter.com/discover/categories/technology/apps?ref=category_modal&sort=magic",7,6,"Monday","Wednesday","Sunday",8,18,2014,23,5,28,2014,6,6,29,2014,23,32,50,0,0.942651
908827601,"Unlimited Car Communication - Smart your car",4000,"unlimited-car-communication-smart-your-car","IT","EUR",FALSE,"Apps","https://www.kickstarter.com/discover/categories/technology/apps?ref=category_modal&sort=magic",7,6,"Tuesday","Tuesday","Thursday",4,12,2016,6,12,8,2015,12,3,3,2016,6,85,40,0,1.0862481
1313612707,"TableBeats app for Android users + In-app Pro functions",40000,"tablebeats-app-for-android-users-in-app-pro-functi","SE","SEK",FALSE,"Apps","https://www.kickstarter.com/discover/categories/technology/apps?ref=category_modal&sort=magic",9,8,"Saturday","Sunday","Thursday",10,24,2015,14,8,23,2015,10,9,24,2015,14,32,30,1,0.11907187
1321995994,"Development of Gymlife  the FREE artistic gymnastics app",15000,"development-of-gymlife-the-free-artistic-gymnastic","NL","EUR",FALSE,"Apps","https://www.kickstarter.com/discover/categories/technology/apps?ref=category_modal&sort=magic",8,6,"Monday","Friday","Friday",1,5,2015,15,11,21,2014,9,11,21,2014,15,0,45,0,1.25442184
683169350,"/// Instalivery | 1-hour delivery",150000,"instalivery-1-hour-delivery","NL","EUR",FALSE,"Apps","https://www.kickstarter.com/discover/categories/technology/apps?ref=category_modal&sort=magic",5,5,"Wednesday","Thursday","Monday",7,27,2016,2,1,8,2015,11,6,27,2016,2,535,30,0,1.11114568
1236729828,"Life Prorated.    Life after Death App",10000,"life-prorated-life-after-death-app","US","USD",FALSE,"Apps","https://www.kickstarter.com/discover/categories/technology/apps?ref=category_modal&sort=magic",6,5,"Sunday","Sunday","Friday",10,12,2014,16,9,7,2014,14,9,12,2014,16,5,30,1,1
1178289477,"Open House Management Platform (IoT iBeacon Proximity)",50000,"open-house-management-platform-ibeacon-location-aw","US","USD",FALSE,"Apps","https://www.kickstarter.com/discover/categories/technology/apps?ref=category_modal&sort=magic",7,7,"Sunday","Wednesday","Wednesday",6,1,2014,9,3,12,2014,21,4,2,2014,9,20,60,1,1
1514424160,"Connect - social connectivity for everyone",8000,"connect-social-connectivity-for-everyone","GB","GBP",FALSE,"Apps","https://www.kickstarter.com/discover/categories/technology/apps?ref=category_modal&sort=magic",6,5,"Saturday","Wednesday","Thursday",10,11,2014,12,9,10,2014,6,9,11,2014,12,1,30,1,1.61222713
739951534,"When Am I working?",1500,"when-am-i-working","GB","GBP",FALSE,"Apps","https://www.kickstarter.com/discover/categories/technology/apps?ref=category_modal&sort=magic",4,4,"Wednesday","Friday","Monday",9,17,2014,15,8,15,2014,6,8,18,2014,15,3,30,0,1.66936547
1642722354,"Go Akuna™  Smartphone App - takes fishing to a new high",28000,"go-akunatm-smartphone-app-takes-fishing-to-a-new-h","US","USD",FALSE,"Apps","https://www.kickstarter.com/discover/categories/technology/apps?ref=category_modal&sort=magic",11,9,"Tuesday","Wednesday","Saturday",5,12,2015,13,10,8,2014,13,3,28,2015,13,170,45,0,1
105675920,"SafeCell 360 Putting the Brakes on Distracted Driving",1e+05,"safecell-360-putting-the-brakes-on-distracted-driv","US","USD",FALSE,"Apps","https://www.kickstarter.com/discover/categories/technology/apps?ref=category_modal&sort=magic",8,6,"Wednesday","Tuesday","Monday",9,3,2014,11,7,29,2014,8,8,4,2014,11,6,30,0,1
221859371,"Balkan Singles - The first Balkan dating app ever!",3000,"balkan-singles-the-first-balkan-dating-app-ever","US","USD",FALSE,"Apps","https://www.kickstarter.com/discover/categories/technology/apps?ref=category_modal&sort=magic",9,9,"Tuesday","Friday","Friday",6,2,2015,21,4,3,2015,9,4,3,2015,21,0,60,0,1
1083360284,"TruthSeeker App",5000,"truthseeker-app","GB","GBP",FALSE,"Apps","https://www.kickstarter.com/discover/categories/technology/apps?ref=category_modal&sort=magic",2,2,"Sunday","Wednesday","Tuesday",10,12,2014,16,9,10,2014,13,9,30,2014,12,19,12,1,1.62343197
564701976,"WACPSN v 1.0 Mobile App | Open Source | Android & Apple",10000,"wacpsn-v-10-mobile-app-open-source-android-and-app","GB","GBP",FALSE,"Apps","https://www.kickstarter.com/discover/categories/technology/apps?ref=category_modal&sort=magic",12,12,"Sunday","Friday","Wednesday",8,24,2014,10,6,20,2014,5,6,25,2014,10,5,60,1,1.7020871
245343728,"App Help ease some people's lives",25000,"app-help-ease-some-peoples-lives","US","USD",FALSE,"Apps","https://www.kickstarter.com/discover/categories/technology/apps?ref=category_modal&sort=magic",6,5,"Saturday","Sunday","Thursday",11,1,2014,19,9,28,2014,16,10,2,2014,19,4,30,1,1
942168918,"Voxpop",250000,"voxpop","US","USD",FALSE,"Apps","https://www.kickstarter.com/discover/categories/technology/apps?ref=category_modal&sort=magic",1,1,"Friday","Tuesday","Wednesday",3,27,2015,19,2,24,2015,13,2,25,2015,19,1,30,0,1
1088717219,"Green Screen Studios FX",6000,"green-screen-studios-fx","GB","GBP",FALSE,"Apps","https://www.kickstarter.com/discover/categories/technology/apps?ref=category_modal&sort=magic",4,4,"Friday","Saturday","Wednesday",7,4,2014,15,5,31,2014,11,6,4,2014,15,4,30,0,1.67470525
1229101390,"JobOutBid App",3000,"joboutbid-app","US","USD",FALSE,"Apps","https://www.kickstarter.com/discover/categories/technology/apps?ref=category_modal&sort=magic",2,2,"Thursday","Wednesday","Tuesday",9,24,2015,18,8,12,2015,0,8,25,2015,18,13,30,0,1
1554899148,"SWIPE",250000,"swipe-1","US","USD",FALSE,"Apps","https://www.kickstarter.com/discover/categories/technology/apps?ref=category_modal&sort=magic",1,1,"Saturday","Saturday","Tuesday",11,19,2016,15,9,3,2016,22,9,20,2016,15,16,60,1,1
1126137631,"Lost My Prep - track missed preps with our app and website!",15000,"teacherbff-the-app-with-teacher-tools-and-caring-c","US","USD",FALSE,"Apps","https://www.kickstarter.com/discover/categories/technology/apps?ref=category_modal&sort=magic",12,9,"Tuesday","Sunday","Sunday",4,21,2015,23,3,22,2015,19,3,22,2015,23,0,30,0,1
1885013937,"Soul Tribute",60000,"soul-tribute","AU","AUD",FALSE,"Apps","https://www.kickstarter.com/discover/categories/technology/apps?ref=category_modal&sort=magic",2,2,"Tuesday","Thursday","Thursday",3,17,2015,19,2,5,2015,15,2,5,2015,19,0,40,0,0.78032519
118519306,"Fresh Data: local food  global network",30000,"fresh-data-local-food-global-network","US","USD",FALSE,"Apps","https://www.kickstarter.com/discover/categories/technology/apps?ref=category_modal&sort=magic",6,6,"Tuesday","Thursday","Saturday",6,2,2015,14,4,9,2015,18,4,18,2015,14,8,45,0,1
962534675,"Walkaventure: Pedometer App with Fun & Motivating Statistics",5000,"walkaventure-pedometer-app-with-fun-and-motivating","DK","DKK",FALSE,"Apps","https://www.kickstarter.com/discover/categories/technology/apps?ref=category_modal&sort=magic",8,7,"Saturday","Wednesday","Tuesday",8,8,2015,12,6,3,2015,3,6,9,2015,12,6,60,1,0.14880572
619427545,"DearLove - The private space for Love - Couple Diary",10000,"dearlove-the-private-space-for-love-couple-diary","CA","CAD",FALSE,"Apps","https://www.kickstarter.com/discover/categories/technology/apps?ref=category_modal&sort=magic",10,9,"Thursday","Monday","Tuesday",1,21,2016,9,12,7,2015,23,12,22,2015,9,14,30,0,0.71765768
54151629,"Gold Star of the Day - A New & Positive Social Currency",35000,"gold-star-of-the-day-a-new-and-positive-social-cur","US","USD",FALSE,"Apps","https://www.kickstarter.com/discover/categories/technology/apps?ref=category_modal&sort=magic",12,10,"Thursday","Wednesday","Tuesday",11,27,2014,15,10,22,2014,14,10,28,2014,15,6,30,0,1
1971913833,"Gzee Fit: Exercise is Easy with Gzee - Exercise App for Kids",7829,"gzee-fit-exercise-is-easy-with-gzee-exercise-app-f","US","USD",FALSE,"Apps","https://www.kickstarter.com/discover/categories/technology/apps?ref=category_modal&sort=magic",12,9,"Wednesday","Saturday","Saturday",8,17,2016,17,4,2,2016,10,6,18,2016,17,77,60,0,1
1347844120,"NICU Companion",50000,"nicu-companion","US","USD",FALSE,"Apps","https://www.kickstarter.com/discover/categories/technology/apps?ref=category_modal&sort=magic",2,2,"Wednesday","Thursday","Monday",4,8,2015,6,2,19,2015,15,3,9,2015,6,17,30,0,1
831381166,"Big Brother App",50000,"big-brother-app","US","USD",FALSE,"Apps","https://www.kickstarter.com/discover/categories/technology/apps?ref=category_modal&sort=magic",3,3,"Sunday","Tuesday","Friday",8,10,2014,15,7,8,2014,17,7,11,2014,15,2,30,1,1
291548720,"DR. Clef  The Game Of Music",26500,"dr-clef-the-game-of-music","US","USD",FALSE,"Apps","https://www.kickstarter.com/discover/categories/technology/apps?ref=category_modal&sort=magic",6,6,"Thursday","Sunday","Tuesday",7,10,2014,22,6,1,2014,13,6,10,2014,19,9,30,0,1
651774865,"FanFeeder™",10000,"fanfeedertm","US","USD",FALSE,"Apps","https://www.kickstarter.com/discover/categories/technology/apps?ref=category_modal&sort=magic",1,1,"Friday","Wednesday","Tuesday",7,29,2016,16,6,1,2016,11,6,14,2016,16,13,45,0,1
1786457328,"LavaSend",30000,"lavasend","US","USD",FALSE,"Apps","https://www.kickstarter.com/discover/categories/technology/apps?ref=category_modal&sort=magic",1,1,"Friday","Wednesday","Wednesday",8,22,2014,21,7,23,2014,13,7,23,2014,21,0,30,0,1
1177921091,"SnappyMapz: Citizen Photojournalism Evolved",25000,"snappymapz-citizen-photojournalism-evolved","US","USD",FALSE,"Apps","https://www.kickstarter.com/discover/categories/technology/apps?ref=category_modal&sort=magic",4,4,"Sunday","Thursday","Wednesday",3,29,2015,22,1,1,2015,19,1,28,2015,22,27,60,1,1
1308107124,"Park Swift",30000,"park-swift","US","USD",FALSE,"Apps","https://www.kickstarter.com/discover/categories/technology/apps?ref=category_modal&sort=magic",2,2,"Friday","Thursday","Wednesday",7,18,2014,21,5,22,2014,7,6,18,2014,21,27,30,0,1
143574025,"Con Centric",50000,"con-centric","US","USD",FALSE,"Apps","https://www.kickstarter.com/discover/categories/technology/apps?ref=category_modal&sort=magic",2,2,"Wednesday","Monday","Thursday",9,10,2014,1,6,30,2014,11,7,17,2014,21,17,54,0,1
1013426137,"Affinity mobile app/site:  Nut/Peanut-Free",25000,"affinity-mobile-app-site-nut-peanut-free","US","USD",FALSE,"Apps","https://www.kickstarter.com/discover/categories/technology/apps?ref=category_modal&sort=magic",4,4,"Sunday","Friday","Wednesday",10,19,2014,23,9,12,2014,16,10,1,2014,10,18,18,1,1
1778446593,"Holocron - Mobile Star Wars Database",175,"holocron-mobile-star-wars-database","US","USD",FALSE,"Apps","https://www.kickstarter.com/discover/categories/technology/apps?ref=category_modal&sort=magic",6,6,"Wednesday","Sunday","Monday",8,27,2014,21,3,9,2014,15,7,28,2014,21,141,30,0,1
1611328033,"Social Antivirus (SickPerm)",2000,"social-antivirus-sickperm","US","USD",FALSE,"Apps","https://www.kickstarter.com/discover/categories/technology/apps?ref=category_modal&sort=magic",3,3,"Saturday","Friday","Thursday",9,27,2014,11,8,22,2014,21,8,28,2014,11,5,30,1,1
1790991346,"Globeik - Language App",175869,"globeik-language-app","US","USD",FALSE,"Apps","https://www.kickstarter.com/discover/categories/technology/apps?ref=category_modal&sort=magic",4,4,"Friday","Tuesday","Wednesday",12,23,2016,21,11,22,2016,19,11,23,2016,21,1,30,0,1
2107250981,"Mobile Maths Practice",20000,"mobile-maths-practice","GB","GBP",FALSE,"Apps","https://www.kickstarter.com/discover/categories/technology/apps?ref=category_modal&sort=magic",3,3,"Tuesday","Wednesday","Thursday",11,25,2014,15,10,15,2014,4,10,16,2014,15,1,40,0,1.58975435
1393289447,"Final Farewell",5500,"final-farewell","US","USD",FALSE,"Apps","https://www.kickstarter.com/discover/categories/technology/apps?ref=category_modal&sort=magic",2,2,"Friday","Tuesday","Wednesday",2,20,2015,10,12,30,2014,21,1,21,2015,10,21,30,0,1
1753438265,"InvolvEdu: Extracurricular Management",10000,"involvedu-extracurricular-management","US","USD",FALSE,"Apps","https://www.kickstarter.com/discover/categories/technology/apps?ref=category_modal&sort=magic",3,3,"Tuesday","Monday","Friday",6,30,2015,0,4,20,2015,19,5,1,2015,13,10,59,0,1
449047082,"Spotted  The app for Carspotting",35000,"spotted-the-app-for-carspotting","GB","GBP",FALSE,"Apps","https://www.kickstarter.com/discover/categories/technology/apps?ref=category_modal&sort=magic",5,4,"Wednesday","Monday","Monday",7,15,2015,16,2,9,2015,14,6,15,2015,16,126,30,0,1.55617561
2133337075,"'Hold Music Hider - Never Listen To Bad Hold Music Again.'",80000,"hold-music-hider","US","USD",FALSE,"Apps","https://www.kickstarter.com/discover/categories/technology/apps?ref=category_modal&sort=magic",11,11,"Friday","Thursday","Wednesday",5,23,2014,12,1,30,2014,15,4,23,2014,12,82,30,0,1
668548397,"SIBA",10000,"siba","DK","DKK",FALSE,"Apps","https://www.kickstarter.com/discover/categories/technology/apps?ref=category_modal&sort=magic",1,1,"Wednesday","Thursday","Friday",6,1,2016,5,10,2,2014,2,4,15,2016,11,561,46,0,0.15155915
1331774122,"Design Spot: The Design Discovery App",5000,"design-spot-the-design-discovery-app","US","USD",FALSE,"Apps","https://www.kickstarter.com/discover/categories/technology/apps?ref=category_modal&sort=magic",6,6,"Sunday","Tuesday","Wednesday",4,19,2015,10,4,14,2015,21,4,15,2015,10,0,4,1,1
677895863,"Crowdfunder Match Game",4750,"crowdfunder-match-game","US","USD",FALSE,"Apps","https://www.kickstarter.com/discover/categories/technology/apps?ref=category_modal&sort=magic",3,3,"Thursday","Monday","Tuesday",8,21,2014,14,7,21,2014,15,7,22,2014,14,0,30,0,1
1805311629,"zappik",20000,"zappik","FR","EUR",FALSE,"Apps","https://www.kickstarter.com/discover/categories/technology/apps?ref=category_modal&sort=magic",1,1,"Tuesday","Saturday","Monday",12,13,2016,11,10,29,2016,13,11,28,2016,11,29,15,0,1.05943426
38730710,"Nightlife",5500,"nightlife-0","GB","GBP",FALSE,"Apps","https://www.kickstarter.com/discover/categories/technology/apps?ref=category_modal&sort=magic",1,1,"Wednesday","Monday","Monday",7,30,2014,14,6,30,2014,14,6,30,2014,14,0,30,0,1.70348175
492759117,"PANDAS / PANS Journal mobile app",20000,"pandas-pans-journal-mobile-app","US","USD",FALSE,"Apps","https://www.kickstarter.com/discover/categories/technology/apps?ref=category_modal&sort=magic",6,6,"Friday","Friday","Wednesday",10,28,2016,10,8,26,2016,15,9,28,2016,10,32,30,0,1
548919904,"Harmoney - A mobile app for roommates",20000,"harmoney-a-mobile-app-for-roommates","US","USD",FALSE,"Apps","https://www.kickstarter.com/discover/categories/technology/apps?ref=category_modal&sort=magic",7,6,"Wednesday","Thursday","Friday",6,25,2014,17,5,1,2014,14,5,16,2014,17,15,40,0,1
1289025869,"Habeas - A voting guide to the 2016 Presidential election",20000,"habeas-a-voting-guide-to-the-2016-presidential-ele","US","USD",FALSE,"Apps","https://www.kickstarter.com/discover/categories/technology/apps?ref=category_modal&sort=magic",10,8,"Wednesday","Monday","Monday",6,17,2015,16,2,23,2015,22,5,18,2015,16,83,30,0,1
1580753310,"Mevo - Fitness & Health App for iPhone and Android",20000,"mevo-fitness-and-health-app-for-iphone-and-android","US","USD",FALSE,"Apps","https://www.kickstarter.com/discover/categories/technology/apps?ref=category_modal&sort=magic",10,8,"Sunday","Thursday","Sunday",9,11,2016,22,1,7,2016,13,8,7,2016,22,213,35,1,1
1377279724,"TyphonRT Video Suite - Next-gen video apps for Android",20000,"typhonrt-video-suite-next-gen-video-apps-for-andro-0","US","USD",FALSE,"Apps","https://www.kickstarter.com/discover/categories/technology/apps?ref=category_modal&sort=magic",9,8,"Sunday","Sunday","Sunday",12,14,2014,23,11,9,2014,17,11,9,2014,20,0,35,1,1
1012782986,"Beauty Salon Owner Tool",50000,"beauty-salon-owner-tool","US","USD",FALSE,"Apps","https://www.kickstarter.com/discover/categories/technology/apps?ref=category_modal&sort=magic",4,4,"Sunday","Thursday","Wednesday",10,26,2014,8,8,21,2014,7,8,27,2014,8,6,60,1,1
1332546104,"fotoSquirrel: 10x more photos on your mobile device",10000,"fotosquirrel-10x-more-photos-on-your-mobile-device","GB","GBP",FALSE,"Apps","https://www.kickstarter.com/discover/categories/technology/apps?ref=category_modal&sort=magic",8,5,"Friday","Tuesday","Monday",2,12,2016,17,12,22,2015,14,1,11,2016,7,19,32,0,1.45190352
